
arduino.elf:     file format elf32-avr

Sections:
Idx Name          Size      VMA       LMA       File off  Algn
  0 .data         00000266  00800100  00001a60  00001af4  2**0
                  CONTENTS, ALLOC, LOAD, DATA
  1 .text         00001a60  00000000  00000000  00000094  2**2
                  CONTENTS, ALLOC, LOAD, READONLY, CODE
  2 .bss          000002b6  00800366  00800366  00001d5a  2**0
                  ALLOC
  3 .comment      00000011  00000000  00000000  00001d5a  2**0
                  CONTENTS, READONLY
  4 .note.gnu.avr.deviceinfo 00000040  00000000  00000000  00001d6c  2**2
                  CONTENTS, READONLY
  5 .debug_aranges 00000100  00000000  00000000  00001db0  2**3
                  CONTENTS, READONLY, DEBUGGING
  6 .debug_info   00000bcc  00000000  00000000  00001eb0  2**0
                  CONTENTS, READONLY, DEBUGGING
  7 .debug_abbrev 00000642  00000000  00000000  00002a7c  2**0
                  CONTENTS, READONLY, DEBUGGING
  8 .debug_line   000005be  00000000  00000000  000030be  2**0
                  CONTENTS, READONLY, DEBUGGING
  9 .debug_str    00000208  00000000  00000000  0000367c  2**0
                  CONTENTS, READONLY, DEBUGGING

Disassembly of section .text:

00000000 <__vectors>:
       0:	0c 94 35 00 	jmp	0x6a	; 0x6a <__ctors_end>
       4:	0c 94 5d 00 	jmp	0xba	; 0xba <__bad_interrupt>
       8:	0c 94 5d 00 	jmp	0xba	; 0xba <__bad_interrupt>
       c:	0c 94 5d 00 	jmp	0xba	; 0xba <__bad_interrupt>
      10:	0c 94 5d 00 	jmp	0xba	; 0xba <__bad_interrupt>
      14:	0c 94 5d 00 	jmp	0xba	; 0xba <__bad_interrupt>
      18:	0c 94 5d 00 	jmp	0xba	; 0xba <__bad_interrupt>
      1c:	0c 94 5d 00 	jmp	0xba	; 0xba <__bad_interrupt>
      20:	0c 94 5d 00 	jmp	0xba	; 0xba <__bad_interrupt>
      24:	0c 94 5d 00 	jmp	0xba	; 0xba <__bad_interrupt>
      28:	0c 94 5d 00 	jmp	0xba	; 0xba <__bad_interrupt>
      2c:	0c 94 fd 09 	jmp	0x13fa	; 0x13fa <__vector_11>
      30:	0c 94 5d 00 	jmp	0xba	; 0xba <__bad_interrupt>
      34:	0c 94 5d 00 	jmp	0xba	; 0xba <__bad_interrupt>
      38:	0c 94 5d 00 	jmp	0xba	; 0xba <__bad_interrupt>
      3c:	0c 94 5d 00 	jmp	0xba	; 0xba <__bad_interrupt>
      40:	0c 94 c4 02 	jmp	0x588	; 0x588 <__vector_16>
      44:	0c 94 5d 00 	jmp	0xba	; 0xba <__bad_interrupt>
      48:	0c 94 83 04 	jmp	0x906	; 0x906 <__vector_18>
      4c:	0c 94 b5 04 	jmp	0x96a	; 0x96a <__vector_19>
      50:	0c 94 5d 00 	jmp	0xba	; 0xba <__bad_interrupt>
      54:	0c 94 5d 00 	jmp	0xba	; 0xba <__bad_interrupt>
      58:	0c 94 5d 00 	jmp	0xba	; 0xba <__bad_interrupt>
      5c:	0c 94 5d 00 	jmp	0xba	; 0xba <__bad_interrupt>
      60:	0c 94 5d 00 	jmp	0xba	; 0xba <__bad_interrupt>
      64:	0c 94 5d 00 	jmp	0xba	; 0xba <__bad_interrupt>

00000068 <__ctors_start>:
      68:	db 04       	cpc	r13, r11

0000006a <__ctors_end>:
      6a:	11 24       	eor	r1, r1
      6c:	1f be       	out	0x3f, r1	; 63
      6e:	cf ef       	ldi	r28, 0xFF	; 255
      70:	d8 e0       	ldi	r29, 0x08	; 8
      72:	de bf       	out	0x3e, r29	; 62
      74:	cd bf       	out	0x3d, r28	; 61

00000076 <__do_copy_data>:
      76:	13 e0       	ldi	r17, 0x03	; 3
      78:	a0 e0       	ldi	r26, 0x00	; 0
      7a:	b1 e0       	ldi	r27, 0x01	; 1
      7c:	e0 e6       	ldi	r30, 0x60	; 96
      7e:	fa e1       	ldi	r31, 0x1A	; 26
      80:	02 c0       	rjmp	.+4      	; 0x86 <__do_copy_data+0x10>
      82:	05 90       	lpm	r0, Z+
      84:	0d 92       	st	X+, r0
      86:	a6 36       	cpi	r26, 0x66	; 102
      88:	b1 07       	cpc	r27, r17
      8a:	d9 f7       	brne	.-10     	; 0x82 <__do_copy_data+0xc>

0000008c <__do_clear_bss>:
      8c:	26 e0       	ldi	r18, 0x06	; 6
      8e:	a6 e6       	ldi	r26, 0x66	; 102
      90:	b3 e0       	ldi	r27, 0x03	; 3
      92:	01 c0       	rjmp	.+2      	; 0x96 <.do_clear_bss_start>

00000094 <.do_clear_bss_loop>:
      94:	1d 92       	st	X+, r1

00000096 <.do_clear_bss_start>:
      96:	ac 31       	cpi	r26, 0x1C	; 28
      98:	b2 07       	cpc	r27, r18
      9a:	e1 f7       	brne	.-8      	; 0x94 <.do_clear_bss_loop>

0000009c <__do_global_ctors>:
      9c:	10 e0       	ldi	r17, 0x00	; 0
      9e:	c5 e3       	ldi	r28, 0x35	; 53
      a0:	d0 e0       	ldi	r29, 0x00	; 0
      a2:	04 c0       	rjmp	.+8      	; 0xac <__do_global_ctors+0x10>
      a4:	21 97       	sbiw	r28, 0x01	; 1
      a6:	fe 01       	movw	r30, r28
      a8:	0e 94 47 0a 	call	0x148e	; 0x148e <__tablejump2__>
      ac:	c4 33       	cpi	r28, 0x34	; 52
      ae:	d1 07       	cpc	r29, r17
      b0:	c9 f7       	brne	.-14     	; 0xa4 <__do_global_ctors+0x8>
      b2:	0e 94 6e 02 	call	0x4dc	; 0x4dc <main>
      b6:	0c 94 2e 0d 	jmp	0x1a5c	; 0x1a5c <_exit>

000000ba <__bad_interrupt>:
      ba:	0c 94 f9 09 	jmp	0x13f2	; 0x13f2 <__vector_default>
	...

000000c0 <osEE_hal_save_ctx_and_restore_ctx>:
      c0:	2f 92       	push	r2
      c2:	3f 92       	push	r3
      c4:	4f 92       	push	r4
      c6:	5f 92       	push	r5
      c8:	6f 92       	push	r6
      ca:	7f 92       	push	r7
      cc:	8f 92       	push	r8
      ce:	9f 92       	push	r9
      d0:	af 92       	push	r10
      d2:	bf 92       	push	r11
      d4:	cf 92       	push	r12
      d6:	df 92       	push	r13
      d8:	ef 92       	push	r14
      da:	ff 92       	push	r15
      dc:	0f 93       	push	r16
      de:	1f 93       	push	r17
      e0:	cf 93       	push	r28
      e2:	df 93       	push	r29
      e4:	e4 2f       	mov	r30, r20
      e6:	f5 2f       	mov	r31, r21
      e8:	41 90       	ld	r4, Z+
      ea:	50 80       	ld	r5, Z
      ec:	4f 92       	push	r4
      ee:	5f 92       	push	r5
      f0:	e4 2f       	mov	r30, r20
      f2:	f5 2f       	mov	r31, r21
      f4:	4d b6       	in	r4, 0x3d	; 61
      f6:	5e b6       	in	r5, 0x3e	; 62
      f8:	41 92       	st	Z+, r4
      fa:	50 82       	st	Z, r5
      fc:	0c 94 80 00 	jmp	0x100	; 0x100 <osEE_hal_restore_ctx>

00000100 <osEE_hal_restore_ctx>:
     100:	e6 2f       	mov	r30, r22
     102:	f7 2f       	mov	r31, r23
     104:	41 90       	ld	r4, Z+
     106:	50 80       	ld	r5, Z
     108:	4d be       	out	0x3d, r4	; 61
     10a:	5e be       	out	0x3e, r5	; 62
     10c:	5f 90       	pop	r5
     10e:	4f 90       	pop	r4
     110:	e6 2f       	mov	r30, r22
     112:	f7 2f       	mov	r31, r23
     114:	41 92       	st	Z+, r4
     116:	50 82       	st	Z, r5
     118:	df 91       	pop	r29
     11a:	cf 91       	pop	r28
     11c:	1f 91       	pop	r17
     11e:	0f 91       	pop	r16
     120:	ff 90       	pop	r15
     122:	ef 90       	pop	r14
     124:	df 90       	pop	r13
     126:	cf 90       	pop	r12
     128:	bf 90       	pop	r11
     12a:	af 90       	pop	r10
     12c:	9f 90       	pop	r9
     12e:	8f 90       	pop	r8
     130:	7f 90       	pop	r7
     132:	6f 90       	pop	r6
     134:	5f 90       	pop	r5
     136:	4f 90       	pop	r4
     138:	3f 90       	pop	r3
     13a:	2f 90       	pop	r2
     13c:	0c 94 dc 06 	jmp	0xdb8	; 0xdb8 <osEE_scheduler_task_wrapper_restore>

00000140 <osEE_hal_ready2stacked>:
     140:	e6 2f       	mov	r30, r22
     142:	f7 2f       	mov	r31, r23
     144:	41 91       	ld	r20, Z+
     146:	50 81       	ld	r21, Z
     148:	4d bf       	out	0x3d, r20	; 61
     14a:	5e bf       	out	0x3e, r21	; 62
     14c:	0c 94 e5 06 	jmp	0xdca	; 0xdca <osEE_scheduler_task_wrapper_run>

00000150 <osEE_hal_save_ctx_and_ready2stacked>:
     150:	2f 92       	push	r2
     152:	3f 92       	push	r3
     154:	4f 92       	push	r4
     156:	5f 92       	push	r5
     158:	6f 92       	push	r6
     15a:	7f 92       	push	r7
     15c:	8f 92       	push	r8
     15e:	9f 92       	push	r9
     160:	af 92       	push	r10
     162:	bf 92       	push	r11
     164:	cf 92       	push	r12
     166:	df 92       	push	r13
     168:	ef 92       	push	r14
     16a:	ff 92       	push	r15
     16c:	0f 93       	push	r16
     16e:	1f 93       	push	r17
     170:	cf 93       	push	r28
     172:	df 93       	push	r29
     174:	e4 2f       	mov	r30, r20
     176:	f5 2f       	mov	r31, r21
     178:	41 90       	ld	r4, Z+
     17a:	50 80       	ld	r5, Z
     17c:	4f 92       	push	r4
     17e:	5f 92       	push	r5
     180:	e4 2f       	mov	r30, r20
     182:	f5 2f       	mov	r31, r21
     184:	4d b6       	in	r4, 0x3d	; 61
     186:	5e b6       	in	r5, 0x3e	; 62
     188:	41 92       	st	Z+, r4
     18a:	50 82       	st	Z, r5
     18c:	0c 94 a0 00 	jmp	0x140	; 0x140 <osEE_hal_ready2stacked>

00000190 <osEE_hal_terminate_ctx>:
     190:	e8 2f       	mov	r30, r24
     192:	f9 2f       	mov	r31, r25
     194:	41 91       	ld	r20, Z+
     196:	50 81       	ld	r21, Z
     198:	4d bf       	out	0x3d, r20	; 61
     19a:	5e bf       	out	0x3e, r21	; 62
     19c:	e6 2f       	mov	r30, r22
     19e:	f7 2f       	mov	r31, r23
     1a0:	09 94       	ijmp
	...

000001a4 <TimerISR>:
     1a4:	80 91 00 01 	lds	r24, 0x0100	; 0x800100 <__data_start>
     1a8:	90 91 01 01 	lds	r25, 0x0101	; 0x800101 <__data_start+0x1>
     1ac:	a0 91 02 01 	lds	r26, 0x0102	; 0x800102 <__data_start+0x2>
     1b0:	b0 91 03 01 	lds	r27, 0x0103	; 0x800103 <__data_start+0x3>
     1b4:	01 96       	adiw	r24, 0x01	; 1
     1b6:	a1 1d       	adc	r26, r1
     1b8:	b1 1d       	adc	r27, r1
     1ba:	80 93 00 01 	sts	0x0100, r24	; 0x800100 <__data_start>
     1be:	90 93 01 01 	sts	0x0101, r25	; 0x800101 <__data_start+0x1>
     1c2:	a0 93 02 01 	sts	0x0102, r26	; 0x800102 <__data_start+0x2>
     1c6:	b0 93 03 01 	sts	0x0103, r27	; 0x800103 <__data_start+0x3>
     1ca:	bf 93       	push	r27
     1cc:	af 93       	push	r26
     1ce:	9f 93       	push	r25
     1d0:	8f 93       	push	r24
     1d2:	88 e5       	ldi	r24, 0x58	; 88
     1d4:	91 e0       	ldi	r25, 0x01	; 1
     1d6:	9f 93       	push	r25
     1d8:	8f 93       	push	r24
     1da:	0e 94 36 02 	call	0x46c	; 0x46c <printfSerial>
     1de:	80 91 00 01 	lds	r24, 0x0100	; 0x800100 <__data_start>
     1e2:	90 91 01 01 	lds	r25, 0x0101	; 0x800101 <__data_start+0x1>
     1e6:	a0 91 02 01 	lds	r26, 0x0102	; 0x800102 <__data_start+0x2>
     1ea:	b0 91 03 01 	lds	r27, 0x0103	; 0x800103 <__data_start+0x3>
     1ee:	0f 90       	pop	r0
     1f0:	0f 90       	pop	r0
     1f2:	0f 90       	pop	r0
     1f4:	0f 90       	pop	r0
     1f6:	0f 90       	pop	r0
     1f8:	0f 90       	pop	r0
     1fa:	8c 3f       	cpi	r24, 0xFC	; 252
     1fc:	2f ef       	ldi	r18, 0xFF	; 255
     1fe:	92 07       	cpc	r25, r18
     200:	a2 07       	cpc	r26, r18
     202:	b2 07       	cpc	r27, r18
     204:	61 f4       	brne	.+24     	; 0x21e <TimerISR+0x7a>
     206:	61 e0       	ldi	r22, 0x01	; 1
     208:	70 e0       	ldi	r23, 0x00	; 0
     20a:	81 e1       	ldi	r24, 0x11	; 17
     20c:	96 e0       	ldi	r25, 0x06	; 6
     20e:	0e 94 90 02 	call	0x520	; 0x520 <InitMutex>
     212:	62 e0       	ldi	r22, 0x02	; 2
     214:	70 e0       	ldi	r23, 0x00	; 0
     216:	86 e1       	ldi	r24, 0x16	; 22
     218:	96 e0       	ldi	r25, 0x06	; 6
     21a:	0c 94 90 02 	jmp	0x520	; 0x520 <InitMutex>
     21e:	84 30       	cpi	r24, 0x04	; 4
     220:	91 05       	cpc	r25, r1
     222:	a1 05       	cpc	r26, r1
     224:	b1 05       	cpc	r27, r1
     226:	19 f4       	brne	.+6      	; 0x22e <TimerISR+0x8a>
     228:	82 e0       	ldi	r24, 0x02	; 2
     22a:	0c 94 eb 05 	jmp	0xbd6	; 0xbd6 <ActivateTask>
     22e:	06 97       	sbiw	r24, 0x06	; 6
     230:	a1 05       	cpc	r26, r1
     232:	b1 05       	cpc	r27, r1
     234:	11 f4       	brne	.+4      	; 0x23a <TimerISR+0x96>
     236:	81 e0       	ldi	r24, 0x01	; 1
     238:	f8 cf       	rjmp	.-16     	; 0x22a <TimerISR+0x86>
     23a:	08 95       	ret

0000023c <FuncTaskH>:
     23c:	80 e6       	ldi	r24, 0x60	; 96
     23e:	91 e0       	ldi	r25, 0x01	; 1
     240:	9f 93       	push	r25
     242:	8f 93       	push	r24
     244:	0e 94 36 02 	call	0x46c	; 0x46c <printfSerial>
     248:	68 ee       	ldi	r22, 0xE8	; 232
     24a:	73 e0       	ldi	r23, 0x03	; 3
     24c:	80 e0       	ldi	r24, 0x00	; 0
     24e:	90 e0       	ldi	r25, 0x00	; 0
     250:	0e 94 ee 01 	call	0x3dc	; 0x3dc <mdelay>
     254:	81 e7       	ldi	r24, 0x71	; 113
     256:	91 e0       	ldi	r25, 0x01	; 1
     258:	9f 93       	push	r25
     25a:	8f 93       	push	r24
     25c:	0e 94 36 02 	call	0x46c	; 0x46c <printfSerial>
     260:	81 e1       	ldi	r24, 0x11	; 17
     262:	96 e0       	ldi	r25, 0x06	; 6
     264:	0e 94 97 02 	call	0x52e	; 0x52e <GetMutex>
     268:	88 e8       	ldi	r24, 0x88	; 136
     26a:	91 e0       	ldi	r25, 0x01	; 1
     26c:	9f 93       	push	r25
     26e:	8f 93       	push	r24
     270:	0e 94 36 02 	call	0x46c	; 0x46c <printfSerial>
     274:	68 eb       	ldi	r22, 0xB8	; 184
     276:	7b e0       	ldi	r23, 0x0B	; 11
     278:	80 e0       	ldi	r24, 0x00	; 0
     27a:	90 e0       	ldi	r25, 0x00	; 0
     27c:	0e 94 ee 01 	call	0x3dc	; 0x3dc <mdelay>
     280:	8f e9       	ldi	r24, 0x9F	; 159
     282:	91 e0       	ldi	r25, 0x01	; 1
     284:	9f 93       	push	r25
     286:	8f 93       	push	r24
     288:	0e 94 36 02 	call	0x46c	; 0x46c <printfSerial>
     28c:	86 e1       	ldi	r24, 0x16	; 22
     28e:	96 e0       	ldi	r25, 0x06	; 6
     290:	0e 94 97 02 	call	0x52e	; 0x52e <GetMutex>
     294:	86 eb       	ldi	r24, 0xB6	; 182
     296:	91 e0       	ldi	r25, 0x01	; 1
     298:	9f 93       	push	r25
     29a:	8f 93       	push	r24
     29c:	0e 94 36 02 	call	0x46c	; 0x46c <printfSerial>
     2a0:	60 ed       	ldi	r22, 0xD0	; 208
     2a2:	77 e0       	ldi	r23, 0x07	; 7
     2a4:	80 e0       	ldi	r24, 0x00	; 0
     2a6:	90 e0       	ldi	r25, 0x00	; 0
     2a8:	0e 94 ee 01 	call	0x3dc	; 0x3dc <mdelay>
     2ac:	8d ec       	ldi	r24, 0xCD	; 205
     2ae:	91 e0       	ldi	r25, 0x01	; 1
     2b0:	9f 93       	push	r25
     2b2:	8f 93       	push	r24
     2b4:	0e 94 36 02 	call	0x46c	; 0x46c <printfSerial>
     2b8:	86 e1       	ldi	r24, 0x16	; 22
     2ba:	96 e0       	ldi	r25, 0x06	; 6
     2bc:	0e 94 b5 02 	call	0x56a	; 0x56a <ReleaseMutex>
     2c0:	68 ee       	ldi	r22, 0xE8	; 232
     2c2:	73 e0       	ldi	r23, 0x03	; 3
     2c4:	80 e0       	ldi	r24, 0x00	; 0
     2c6:	90 e0       	ldi	r25, 0x00	; 0
     2c8:	0e 94 ee 01 	call	0x3dc	; 0x3dc <mdelay>
     2cc:	88 ee       	ldi	r24, 0xE8	; 232
     2ce:	91 e0       	ldi	r25, 0x01	; 1
     2d0:	9f 93       	push	r25
     2d2:	8f 93       	push	r24
     2d4:	0e 94 36 02 	call	0x46c	; 0x46c <printfSerial>
     2d8:	81 e1       	ldi	r24, 0x11	; 17
     2da:	96 e0       	ldi	r25, 0x06	; 6
     2dc:	0e 94 b5 02 	call	0x56a	; 0x56a <ReleaseMutex>
     2e0:	60 ed       	ldi	r22, 0xD0	; 208
     2e2:	77 e0       	ldi	r23, 0x07	; 7
     2e4:	80 e0       	ldi	r24, 0x00	; 0
     2e6:	90 e0       	ldi	r25, 0x00	; 0
     2e8:	0e 94 ee 01 	call	0x3dc	; 0x3dc <mdelay>
     2ec:	83 e0       	ldi	r24, 0x03	; 3
     2ee:	92 e0       	ldi	r25, 0x02	; 2
     2f0:	9f 93       	push	r25
     2f2:	8f 93       	push	r24
     2f4:	0e 94 36 02 	call	0x46c	; 0x46c <printfSerial>
     2f8:	8d b7       	in	r24, 0x3d	; 61
     2fa:	9e b7       	in	r25, 0x3e	; 62
     2fc:	40 96       	adiw	r24, 0x10	; 16
     2fe:	0f b6       	in	r0, 0x3f	; 63
     300:	f8 94       	cli
     302:	9e bf       	out	0x3e, r25	; 62
     304:	0f be       	out	0x3f, r0	; 63
     306:	8d bf       	out	0x3d, r24	; 61
     308:	0c 94 20 06 	jmp	0xc40	; 0xc40 <TerminateTask>

0000030c <FuncTaskL>:
     30c:	82 e1       	ldi	r24, 0x12	; 18
     30e:	92 e0       	ldi	r25, 0x02	; 2
     310:	9f 93       	push	r25
     312:	8f 93       	push	r24
     314:	0e 94 36 02 	call	0x46c	; 0x46c <printfSerial>
     318:	68 ee       	ldi	r22, 0xE8	; 232
     31a:	73 e0       	ldi	r23, 0x03	; 3
     31c:	80 e0       	ldi	r24, 0x00	; 0
     31e:	90 e0       	ldi	r25, 0x00	; 0
     320:	0e 94 ee 01 	call	0x3dc	; 0x3dc <mdelay>
     324:	83 e2       	ldi	r24, 0x23	; 35
     326:	92 e0       	ldi	r25, 0x02	; 2
     328:	9f 93       	push	r25
     32a:	8f 93       	push	r24
     32c:	0e 94 36 02 	call	0x46c	; 0x46c <printfSerial>
     330:	86 e1       	ldi	r24, 0x16	; 22
     332:	96 e0       	ldi	r25, 0x06	; 6
     334:	0e 94 97 02 	call	0x52e	; 0x52e <GetMutex>
     338:	8a e3       	ldi	r24, 0x3A	; 58
     33a:	92 e0       	ldi	r25, 0x02	; 2
     33c:	9f 93       	push	r25
     33e:	8f 93       	push	r24
     340:	0e 94 36 02 	call	0x46c	; 0x46c <printfSerial>
     344:	60 ed       	ldi	r22, 0xD0	; 208
     346:	77 e0       	ldi	r23, 0x07	; 7
     348:	80 e0       	ldi	r24, 0x00	; 0
     34a:	90 e0       	ldi	r25, 0x00	; 0
     34c:	0e 94 ee 01 	call	0x3dc	; 0x3dc <mdelay>
     350:	81 e5       	ldi	r24, 0x51	; 81
     352:	92 e0       	ldi	r25, 0x02	; 2
     354:	9f 93       	push	r25
     356:	8f 93       	push	r24
     358:	0e 94 36 02 	call	0x46c	; 0x46c <printfSerial>
     35c:	81 e1       	ldi	r24, 0x11	; 17
     35e:	96 e0       	ldi	r25, 0x06	; 6
     360:	0e 94 97 02 	call	0x52e	; 0x52e <GetMutex>
     364:	88 e6       	ldi	r24, 0x68	; 104
     366:	92 e0       	ldi	r25, 0x02	; 2
     368:	9f 93       	push	r25
     36a:	8f 93       	push	r24
     36c:	0e 94 36 02 	call	0x46c	; 0x46c <printfSerial>
     370:	60 ed       	ldi	r22, 0xD0	; 208
     372:	77 e0       	ldi	r23, 0x07	; 7
     374:	80 e0       	ldi	r24, 0x00	; 0
     376:	90 e0       	ldi	r25, 0x00	; 0
     378:	0e 94 ee 01 	call	0x3dc	; 0x3dc <mdelay>
     37c:	8f e7       	ldi	r24, 0x7F	; 127
     37e:	92 e0       	ldi	r25, 0x02	; 2
     380:	9f 93       	push	r25
     382:	8f 93       	push	r24
     384:	0e 94 36 02 	call	0x46c	; 0x46c <printfSerial>
     388:	81 e1       	ldi	r24, 0x11	; 17
     38a:	96 e0       	ldi	r25, 0x06	; 6
     38c:	0e 94 b5 02 	call	0x56a	; 0x56a <ReleaseMutex>
     390:	68 ee       	ldi	r22, 0xE8	; 232
     392:	73 e0       	ldi	r23, 0x03	; 3
     394:	80 e0       	ldi	r24, 0x00	; 0
     396:	90 e0       	ldi	r25, 0x00	; 0
     398:	0e 94 ee 01 	call	0x3dc	; 0x3dc <mdelay>
     39c:	8a e9       	ldi	r24, 0x9A	; 154
     39e:	92 e0       	ldi	r25, 0x02	; 2
     3a0:	9f 93       	push	r25
     3a2:	8f 93       	push	r24
     3a4:	0e 94 36 02 	call	0x46c	; 0x46c <printfSerial>
     3a8:	86 e1       	ldi	r24, 0x16	; 22
     3aa:	96 e0       	ldi	r25, 0x06	; 6
     3ac:	0e 94 b5 02 	call	0x56a	; 0x56a <ReleaseMutex>
     3b0:	68 ee       	ldi	r22, 0xE8	; 232
     3b2:	73 e0       	ldi	r23, 0x03	; 3
     3b4:	80 e0       	ldi	r24, 0x00	; 0
     3b6:	90 e0       	ldi	r25, 0x00	; 0
     3b8:	0e 94 ee 01 	call	0x3dc	; 0x3dc <mdelay>
     3bc:	85 eb       	ldi	r24, 0xB5	; 181
     3be:	92 e0       	ldi	r25, 0x02	; 2
     3c0:	9f 93       	push	r25
     3c2:	8f 93       	push	r24
     3c4:	0e 94 36 02 	call	0x46c	; 0x46c <printfSerial>
     3c8:	8d b7       	in	r24, 0x3d	; 61
     3ca:	9e b7       	in	r25, 0x3e	; 62
     3cc:	40 96       	adiw	r24, 0x10	; 16
     3ce:	0f b6       	in	r0, 0x3f	; 63
     3d0:	f8 94       	cli
     3d2:	9e bf       	out	0x3e, r25	; 62
     3d4:	0f be       	out	0x3f, r0	; 63
     3d6:	8d bf       	out	0x3d, r24	; 61
     3d8:	0c 94 20 06 	jmp	0xc40	; 0xc40 <TerminateTask>

000003dc <mdelay>:
     3dc:	4f 92       	push	r4
     3de:	5f 92       	push	r5
     3e0:	6f 92       	push	r6
     3e2:	7f 92       	push	r7
     3e4:	8f 92       	push	r8
     3e6:	9f 92       	push	r9
     3e8:	af 92       	push	r10
     3ea:	bf 92       	push	r11
     3ec:	cf 92       	push	r12
     3ee:	df 92       	push	r13
     3f0:	ef 92       	push	r14
     3f2:	ff 92       	push	r15
     3f4:	6b 01       	movw	r12, r22
     3f6:	7c 01       	movw	r14, r24
     3f8:	0e 94 0e 03 	call	0x61c	; 0x61c <millis>
     3fc:	4b 01       	movw	r8, r22
     3fe:	5c 01       	movw	r10, r24
     400:	0e 94 0e 03 	call	0x61c	; 0x61c <millis>
     404:	c7 01       	movw	r24, r14
     406:	b6 01       	movw	r22, r12
     408:	24 e1       	ldi	r18, 0x14	; 20
     40a:	30 e0       	ldi	r19, 0x00	; 0
     40c:	40 e0       	ldi	r20, 0x00	; 0
     40e:	50 e0       	ldi	r21, 0x00	; 0
     410:	0e 94 25 0a 	call	0x144a	; 0x144a <__udivmodsi4>
     414:	29 01       	movw	r4, r18
     416:	3a 01       	movw	r6, r20
     418:	c1 2c       	mov	r12, r1
     41a:	d1 2c       	mov	r13, r1
     41c:	76 01       	movw	r14, r12
     41e:	4c 14       	cp	r4, r12
     420:	5d 04       	cpc	r5, r13
     422:	6e 04       	cpc	r6, r14
     424:	7f 04       	cpc	r7, r15
     426:	a9 f0       	breq	.+42     	; 0x452 <__LOCK_REGION_LENGTH__+0x52>
     428:	0e 94 0e 03 	call	0x61c	; 0x61c <millis>
     42c:	68 19       	sub	r22, r8
     42e:	79 09       	sbc	r23, r9
     430:	8a 09       	sbc	r24, r10
     432:	9b 09       	sbc	r25, r11
     434:	64 31       	cpi	r22, 0x14	; 20
     436:	71 05       	cpc	r23, r1
     438:	81 05       	cpc	r24, r1
     43a:	91 05       	cpc	r25, r1
     43c:	80 f3       	brcs	.-32     	; 0x41e <__LOCK_REGION_LENGTH__+0x1e>
     43e:	8f ef       	ldi	r24, 0xFF	; 255
     440:	c8 1a       	sub	r12, r24
     442:	d8 0a       	sbc	r13, r24
     444:	e8 0a       	sbc	r14, r24
     446:	f8 0a       	sbc	r15, r24
     448:	0e 94 0e 03 	call	0x61c	; 0x61c <millis>
     44c:	4b 01       	movw	r8, r22
     44e:	5c 01       	movw	r10, r24
     450:	e6 cf       	rjmp	.-52     	; 0x41e <__LOCK_REGION_LENGTH__+0x1e>
     452:	ff 90       	pop	r15
     454:	ef 90       	pop	r14
     456:	df 90       	pop	r13
     458:	cf 90       	pop	r12
     45a:	bf 90       	pop	r11
     45c:	af 90       	pop	r10
     45e:	9f 90       	pop	r9
     460:	8f 90       	pop	r8
     462:	7f 90       	pop	r7
     464:	6f 90       	pop	r6
     466:	5f 90       	pop	r5
     468:	4f 90       	pop	r4
     46a:	08 95       	ret

0000046c <printfSerial>:
     46c:	cf 93       	push	r28
     46e:	df 93       	push	r29
     470:	cd b7       	in	r28, 0x3d	; 61
     472:	de b7       	in	r29, 0x3e	; 62
     474:	c0 58       	subi	r28, 0x80	; 128
     476:	d1 09       	sbc	r29, r1
     478:	0f b6       	in	r0, 0x3f	; 63
     47a:	f8 94       	cli
     47c:	de bf       	out	0x3e, r29	; 62
     47e:	0f be       	out	0x3f, r0	; 63
     480:	cd bf       	out	0x3d, r28	; 61
     482:	9e 01       	movw	r18, r28
     484:	2b 57       	subi	r18, 0x7B	; 123
     486:	3f 4f       	sbci	r19, 0xFF	; 255
     488:	f9 01       	movw	r30, r18
     48a:	41 91       	ld	r20, Z+
     48c:	51 91       	ld	r21, Z+
     48e:	9f 01       	movw	r18, r30
     490:	60 e8       	ldi	r22, 0x80	; 128
     492:	70 e0       	ldi	r23, 0x00	; 0
     494:	ce 01       	movw	r24, r28
     496:	01 96       	adiw	r24, 0x01	; 1
     498:	0e 94 4d 0a 	call	0x149a	; 0x149a <vsnprintf>
     49c:	be 01       	movw	r22, r28
     49e:	6f 5f       	subi	r22, 0xFF	; 255
     4a0:	7f 4f       	sbci	r23, 0xFF	; 255
     4a2:	84 e7       	ldi	r24, 0x74	; 116
     4a4:	95 e0       	ldi	r25, 0x05	; 5
     4a6:	0e 94 44 05 	call	0xa88	; 0xa88 <_ZN5Print5printEPKc>
     4aa:	c0 58       	subi	r28, 0x80	; 128
     4ac:	df 4f       	sbci	r29, 0xFF	; 255
     4ae:	0f b6       	in	r0, 0x3f	; 63
     4b0:	f8 94       	cli
     4b2:	de bf       	out	0x3e, r29	; 62
     4b4:	0f be       	out	0x3f, r0	; 63
     4b6:	cd bf       	out	0x3d, r28	; 61
     4b8:	df 91       	pop	r29
     4ba:	cf 91       	pop	r28
     4bc:	08 95       	ret

000004be <setup>:
     4be:	26 e0       	ldi	r18, 0x06	; 6
     4c0:	40 e8       	ldi	r20, 0x80	; 128
     4c2:	55 e2       	ldi	r21, 0x25	; 37
     4c4:	60 e0       	ldi	r22, 0x00	; 0
     4c6:	70 e0       	ldi	r23, 0x00	; 0
     4c8:	84 e7       	ldi	r24, 0x74	; 116
     4ca:	95 e0       	ldi	r25, 0x05	; 5
     4cc:	0e 94 21 04 	call	0x842	; 0x842 <_ZN14HardwareSerial5beginEmh>
     4d0:	60 e4       	ldi	r22, 0x40	; 64
     4d2:	72 e4       	ldi	r23, 0x42	; 66
     4d4:	8f e0       	ldi	r24, 0x0F	; 15
     4d6:	90 e0       	ldi	r25, 0x00	; 0
     4d8:	0c 94 4c 05 	jmp	0xa98	; 0xa98 <OsEE_atmega_startTimer1>

000004dc <main>:
     4dc:	0e 94 1a 03 	call	0x634	; 0x634 <init>
     4e0:	0e 94 5f 02 	call	0x4be	; 0x4be <setup>
     4e4:	84 ec       	ldi	r24, 0xC4	; 196
     4e6:	92 e0       	ldi	r25, 0x02	; 2
     4e8:	9f 93       	push	r25
     4ea:	8f 93       	push	r24
     4ec:	0e 94 36 02 	call	0x46c	; 0x46c <printfSerial>
     4f0:	86 ed       	ldi	r24, 0xD6	; 214
     4f2:	92 e0       	ldi	r25, 0x02	; 2
     4f4:	9f 93       	push	r25
     4f6:	8f 93       	push	r24
     4f8:	0e 94 36 02 	call	0x46c	; 0x46c <printfSerial>
     4fc:	85 ec       	ldi	r24, 0xC5	; 197
     4fe:	92 e0       	ldi	r25, 0x02	; 2
     500:	9f 93       	push	r25
     502:	8f 93       	push	r24
     504:	0e 94 36 02 	call	0x46c	; 0x46c <printfSerial>
     508:	80 e0       	ldi	r24, 0x00	; 0
     50a:	0e 94 aa 05 	call	0xb54	; 0xb54 <StartOS>
     50e:	0f 90       	pop	r0
     510:	0f 90       	pop	r0
     512:	0f 90       	pop	r0
     514:	0f 90       	pop	r0
     516:	0f 90       	pop	r0
     518:	0f 90       	pop	r0
     51a:	90 e0       	ldi	r25, 0x00	; 0
     51c:	80 e0       	ldi	r24, 0x00	; 0
     51e:	08 95       	ret

00000520 <InitMutex>:
     520:	fc 01       	movw	r30, r24
     522:	11 82       	std	Z+1, r1	; 0x01
     524:	10 82       	st	Z, r1
     526:	14 82       	std	Z+4, r1	; 0x04
     528:	73 83       	std	Z+3, r23	; 0x03
     52a:	62 83       	std	Z+2, r22	; 0x02
     52c:	08 95       	ret

0000052e <GetMutex>:
     52e:	cf 93       	push	r28
     530:	df 93       	push	r29
     532:	ec 01       	movw	r28, r24
     534:	88 81       	ld	r24, Y
     536:	99 81       	ldd	r25, Y+1	; 0x01
     538:	01 97       	sbiw	r24, 0x01	; 1
     53a:	81 f4       	brne	.+32     	; 0x55c <GetMutex+0x2e>
     53c:	86 e4       	ldi	r24, 0x46	; 70
     53e:	93 e0       	ldi	r25, 0x03	; 3
     540:	9f 93       	push	r25
     542:	8f 93       	push	r24
     544:	0e 94 36 02 	call	0x46c	; 0x46c <printfSerial>
     548:	ce 01       	movw	r24, r28
     54a:	04 96       	adiw	r24, 0x04	; 4
     54c:	0e 94 3a 06 	call	0xc74	; 0xc74 <GetTaskID>
     550:	8a 81       	ldd	r24, Y+2	; 0x02
     552:	9b 81       	ldd	r25, Y+3	; 0x03
     554:	0e 94 66 06 	call	0xccc	; 0xccc <WaitEvent>
     558:	0f 90       	pop	r0
     55a:	0f 90       	pop	r0
     55c:	81 e0       	ldi	r24, 0x01	; 1
     55e:	90 e0       	ldi	r25, 0x00	; 0
     560:	99 83       	std	Y+1, r25	; 0x01
     562:	88 83       	st	Y, r24
     564:	df 91       	pop	r29
     566:	cf 91       	pop	r28
     568:	08 95       	ret

0000056a <ReleaseMutex>:
     56a:	fc 01       	movw	r30, r24
     56c:	80 81       	ld	r24, Z
     56e:	91 81       	ldd	r25, Z+1	; 0x01
     570:	01 97       	sbiw	r24, 0x01	; 1
     572:	49 f4       	brne	.+18     	; 0x586 <ReleaseMutex+0x1c>
     574:	11 82       	std	Z+1, r1	; 0x01
     576:	10 82       	st	Z, r1
     578:	84 81       	ldd	r24, Z+4	; 0x04
     57a:	88 23       	and	r24, r24
     57c:	21 f0       	breq	.+8      	; 0x586 <ReleaseMutex+0x1c>
     57e:	62 81       	ldd	r22, Z+2	; 0x02
     580:	73 81       	ldd	r23, Z+3	; 0x03
     582:	0c 94 a1 06 	jmp	0xd42	; 0xd42 <SetEvent>
     586:	08 95       	ret

00000588 <__vector_16>:
     588:	1f 92       	push	r1
     58a:	0f 92       	push	r0
     58c:	0f b6       	in	r0, 0x3f	; 63
     58e:	0f 92       	push	r0
     590:	11 24       	eor	r1, r1
     592:	2f 93       	push	r18
     594:	3f 93       	push	r19
     596:	8f 93       	push	r24
     598:	9f 93       	push	r25
     59a:	af 93       	push	r26
     59c:	bf 93       	push	r27
     59e:	80 91 6c 05 	lds	r24, 0x056C	; 0x80056c <timer0_millis>
     5a2:	90 91 6d 05 	lds	r25, 0x056D	; 0x80056d <timer0_millis+0x1>
     5a6:	a0 91 6e 05 	lds	r26, 0x056E	; 0x80056e <timer0_millis+0x2>
     5aa:	b0 91 6f 05 	lds	r27, 0x056F	; 0x80056f <timer0_millis+0x3>
     5ae:	30 91 6b 05 	lds	r19, 0x056B	; 0x80056b <timer0_fract>
     5b2:	23 e0       	ldi	r18, 0x03	; 3
     5b4:	23 0f       	add	r18, r19
     5b6:	2d 37       	cpi	r18, 0x7D	; 125
     5b8:	58 f5       	brcc	.+86     	; 0x610 <__vector_16+0x88>
     5ba:	01 96       	adiw	r24, 0x01	; 1
     5bc:	a1 1d       	adc	r26, r1
     5be:	b1 1d       	adc	r27, r1
     5c0:	20 93 6b 05 	sts	0x056B, r18	; 0x80056b <timer0_fract>
     5c4:	80 93 6c 05 	sts	0x056C, r24	; 0x80056c <timer0_millis>
     5c8:	90 93 6d 05 	sts	0x056D, r25	; 0x80056d <timer0_millis+0x1>
     5cc:	a0 93 6e 05 	sts	0x056E, r26	; 0x80056e <timer0_millis+0x2>
     5d0:	b0 93 6f 05 	sts	0x056F, r27	; 0x80056f <timer0_millis+0x3>
     5d4:	80 91 70 05 	lds	r24, 0x0570	; 0x800570 <timer0_overflow_count>
     5d8:	90 91 71 05 	lds	r25, 0x0571	; 0x800571 <timer0_overflow_count+0x1>
     5dc:	a0 91 72 05 	lds	r26, 0x0572	; 0x800572 <timer0_overflow_count+0x2>
     5e0:	b0 91 73 05 	lds	r27, 0x0573	; 0x800573 <timer0_overflow_count+0x3>
     5e4:	01 96       	adiw	r24, 0x01	; 1
     5e6:	a1 1d       	adc	r26, r1
     5e8:	b1 1d       	adc	r27, r1
     5ea:	80 93 70 05 	sts	0x0570, r24	; 0x800570 <timer0_overflow_count>
     5ee:	90 93 71 05 	sts	0x0571, r25	; 0x800571 <timer0_overflow_count+0x1>
     5f2:	a0 93 72 05 	sts	0x0572, r26	; 0x800572 <timer0_overflow_count+0x2>
     5f6:	b0 93 73 05 	sts	0x0573, r27	; 0x800573 <timer0_overflow_count+0x3>
     5fa:	bf 91       	pop	r27
     5fc:	af 91       	pop	r26
     5fe:	9f 91       	pop	r25
     600:	8f 91       	pop	r24
     602:	3f 91       	pop	r19
     604:	2f 91       	pop	r18
     606:	0f 90       	pop	r0
     608:	0f be       	out	0x3f, r0	; 63
     60a:	0f 90       	pop	r0
     60c:	1f 90       	pop	r1
     60e:	18 95       	reti
     610:	26 e8       	ldi	r18, 0x86	; 134
     612:	23 0f       	add	r18, r19
     614:	02 96       	adiw	r24, 0x02	; 2
     616:	a1 1d       	adc	r26, r1
     618:	b1 1d       	adc	r27, r1
     61a:	d2 cf       	rjmp	.-92     	; 0x5c0 <__vector_16+0x38>

0000061c <millis>:
     61c:	2f b7       	in	r18, 0x3f	; 63
     61e:	f8 94       	cli
     620:	60 91 6c 05 	lds	r22, 0x056C	; 0x80056c <timer0_millis>
     624:	70 91 6d 05 	lds	r23, 0x056D	; 0x80056d <timer0_millis+0x1>
     628:	80 91 6e 05 	lds	r24, 0x056E	; 0x80056e <timer0_millis+0x2>
     62c:	90 91 6f 05 	lds	r25, 0x056F	; 0x80056f <timer0_millis+0x3>
     630:	2f bf       	out	0x3f, r18	; 63
     632:	08 95       	ret

00000634 <init>:
     634:	78 94       	sei
     636:	84 b5       	in	r24, 0x24	; 36
     638:	82 60       	ori	r24, 0x02	; 2
     63a:	84 bd       	out	0x24, r24	; 36
     63c:	84 b5       	in	r24, 0x24	; 36
     63e:	81 60       	ori	r24, 0x01	; 1
     640:	84 bd       	out	0x24, r24	; 36
     642:	85 b5       	in	r24, 0x25	; 37
     644:	82 60       	ori	r24, 0x02	; 2
     646:	85 bd       	out	0x25, r24	; 37
     648:	85 b5       	in	r24, 0x25	; 37
     64a:	81 60       	ori	r24, 0x01	; 1
     64c:	85 bd       	out	0x25, r24	; 37
     64e:	ee e6       	ldi	r30, 0x6E	; 110
     650:	f0 e0       	ldi	r31, 0x00	; 0
     652:	80 81       	ld	r24, Z
     654:	81 60       	ori	r24, 0x01	; 1
     656:	80 83       	st	Z, r24
     658:	e1 e8       	ldi	r30, 0x81	; 129
     65a:	f0 e0       	ldi	r31, 0x00	; 0
     65c:	10 82       	st	Z, r1
     65e:	80 81       	ld	r24, Z
     660:	82 60       	ori	r24, 0x02	; 2
     662:	80 83       	st	Z, r24
     664:	80 81       	ld	r24, Z
     666:	81 60       	ori	r24, 0x01	; 1
     668:	80 83       	st	Z, r24
     66a:	e0 e8       	ldi	r30, 0x80	; 128
     66c:	f0 e0       	ldi	r31, 0x00	; 0
     66e:	80 81       	ld	r24, Z
     670:	81 60       	ori	r24, 0x01	; 1
     672:	80 83       	st	Z, r24
     674:	e1 eb       	ldi	r30, 0xB1	; 177
     676:	f0 e0       	ldi	r31, 0x00	; 0
     678:	80 81       	ld	r24, Z
     67a:	84 60       	ori	r24, 0x04	; 4
     67c:	80 83       	st	Z, r24
     67e:	e0 eb       	ldi	r30, 0xB0	; 176
     680:	f0 e0       	ldi	r31, 0x00	; 0
     682:	80 81       	ld	r24, Z
     684:	81 60       	ori	r24, 0x01	; 1
     686:	80 83       	st	Z, r24
     688:	ea e7       	ldi	r30, 0x7A	; 122
     68a:	f0 e0       	ldi	r31, 0x00	; 0
     68c:	80 81       	ld	r24, Z
     68e:	84 60       	ori	r24, 0x04	; 4
     690:	80 83       	st	Z, r24
     692:	80 81       	ld	r24, Z
     694:	82 60       	ori	r24, 0x02	; 2
     696:	80 83       	st	Z, r24
     698:	80 81       	ld	r24, Z
     69a:	81 60       	ori	r24, 0x01	; 1
     69c:	80 83       	st	Z, r24
     69e:	80 81       	ld	r24, Z
     6a0:	80 68       	ori	r24, 0x80	; 128
     6a2:	80 83       	st	Z, r24
     6a4:	10 92 c1 00 	sts	0x00C1, r1	; 0x8000c1 <__DATA_REGION_ORIGIN__+0x61>
     6a8:	08 95       	ret

000006aa <_ZN14HardwareSerial9availableEv>:
     6aa:	fc 01       	movw	r30, r24
     6ac:	91 8d       	ldd	r25, Z+25	; 0x19
     6ae:	22 8d       	ldd	r18, Z+26	; 0x1a
     6b0:	89 2f       	mov	r24, r25
     6b2:	90 e0       	ldi	r25, 0x00	; 0
     6b4:	80 5c       	subi	r24, 0xC0	; 192
     6b6:	9f 4f       	sbci	r25, 0xFF	; 255
     6b8:	82 1b       	sub	r24, r18
     6ba:	91 09       	sbc	r25, r1
     6bc:	8f 73       	andi	r24, 0x3F	; 63
     6be:	99 27       	eor	r25, r25
     6c0:	08 95       	ret

000006c2 <_ZN14HardwareSerial4peekEv>:
     6c2:	fc 01       	movw	r30, r24
     6c4:	91 8d       	ldd	r25, Z+25	; 0x19
     6c6:	82 8d       	ldd	r24, Z+26	; 0x1a
     6c8:	98 17       	cp	r25, r24
     6ca:	31 f0       	breq	.+12     	; 0x6d8 <_ZN14HardwareSerial4peekEv+0x16>
     6cc:	82 8d       	ldd	r24, Z+26	; 0x1a
     6ce:	e8 0f       	add	r30, r24
     6d0:	f1 1d       	adc	r31, r1
     6d2:	85 8d       	ldd	r24, Z+29	; 0x1d
     6d4:	90 e0       	ldi	r25, 0x00	; 0
     6d6:	08 95       	ret
     6d8:	8f ef       	ldi	r24, 0xFF	; 255
     6da:	9f ef       	ldi	r25, 0xFF	; 255
     6dc:	08 95       	ret

000006de <_ZN14HardwareSerial4readEv>:
     6de:	fc 01       	movw	r30, r24
     6e0:	91 8d       	ldd	r25, Z+25	; 0x19
     6e2:	82 8d       	ldd	r24, Z+26	; 0x1a
     6e4:	98 17       	cp	r25, r24
     6e6:	61 f0       	breq	.+24     	; 0x700 <_ZN14HardwareSerial4readEv+0x22>
     6e8:	a2 8d       	ldd	r26, Z+26	; 0x1a
     6ea:	ae 0f       	add	r26, r30
     6ec:	bf 2f       	mov	r27, r31
     6ee:	b1 1d       	adc	r27, r1
     6f0:	5d 96       	adiw	r26, 0x1d	; 29
     6f2:	8c 91       	ld	r24, X
     6f4:	92 8d       	ldd	r25, Z+26	; 0x1a
     6f6:	9f 5f       	subi	r25, 0xFF	; 255
     6f8:	9f 73       	andi	r25, 0x3F	; 63
     6fa:	92 8f       	std	Z+26, r25	; 0x1a
     6fc:	90 e0       	ldi	r25, 0x00	; 0
     6fe:	08 95       	ret
     700:	8f ef       	ldi	r24, 0xFF	; 255
     702:	9f ef       	ldi	r25, 0xFF	; 255
     704:	08 95       	ret

00000706 <_ZN14HardwareSerial17availableForWriteEv>:
     706:	fc 01       	movw	r30, r24
     708:	53 8d       	ldd	r21, Z+27	; 0x1b
     70a:	44 8d       	ldd	r20, Z+28	; 0x1c
     70c:	25 2f       	mov	r18, r21
     70e:	30 e0       	ldi	r19, 0x00	; 0
     710:	84 2f       	mov	r24, r20
     712:	90 e0       	ldi	r25, 0x00	; 0
     714:	82 1b       	sub	r24, r18
     716:	93 0b       	sbc	r25, r19
     718:	54 17       	cp	r21, r20
     71a:	10 f0       	brcs	.+4      	; 0x720 <_ZN14HardwareSerial17availableForWriteEv+0x1a>
     71c:	cf 96       	adiw	r24, 0x3f	; 63
     71e:	08 95       	ret
     720:	01 97       	sbiw	r24, 0x01	; 1
     722:	08 95       	ret

00000724 <_ZN14HardwareSerial17_tx_udr_empty_irqEv>:
     724:	fc 01       	movw	r30, r24
     726:	a4 8d       	ldd	r26, Z+28	; 0x1c
     728:	a8 0f       	add	r26, r24
     72a:	b9 2f       	mov	r27, r25
     72c:	b1 1d       	adc	r27, r1
     72e:	a3 5a       	subi	r26, 0xA3	; 163
     730:	bf 4f       	sbci	r27, 0xFF	; 255
     732:	2c 91       	ld	r18, X
     734:	84 8d       	ldd	r24, Z+28	; 0x1c
     736:	90 e0       	ldi	r25, 0x00	; 0
     738:	01 96       	adiw	r24, 0x01	; 1
     73a:	8f 73       	andi	r24, 0x3F	; 63
     73c:	99 27       	eor	r25, r25
     73e:	84 8f       	std	Z+28, r24	; 0x1c
     740:	a6 89       	ldd	r26, Z+22	; 0x16
     742:	b7 89       	ldd	r27, Z+23	; 0x17
     744:	2c 93       	st	X, r18
     746:	a0 89       	ldd	r26, Z+16	; 0x10
     748:	b1 89       	ldd	r27, Z+17	; 0x11
     74a:	8c 91       	ld	r24, X
     74c:	83 70       	andi	r24, 0x03	; 3
     74e:	80 64       	ori	r24, 0x40	; 64
     750:	8c 93       	st	X, r24
     752:	93 8d       	ldd	r25, Z+27	; 0x1b
     754:	84 8d       	ldd	r24, Z+28	; 0x1c
     756:	98 13       	cpse	r25, r24
     758:	06 c0       	rjmp	.+12     	; 0x766 <_ZN14HardwareSerial17_tx_udr_empty_irqEv+0x42>
     75a:	02 88       	ldd	r0, Z+18	; 0x12
     75c:	f3 89       	ldd	r31, Z+19	; 0x13
     75e:	e0 2d       	mov	r30, r0
     760:	80 81       	ld	r24, Z
     762:	8f 7d       	andi	r24, 0xDF	; 223
     764:	80 83       	st	Z, r24
     766:	08 95       	ret

00000768 <_ZN14HardwareSerial5flushEv>:
     768:	cf 93       	push	r28
     76a:	df 93       	push	r29
     76c:	ec 01       	movw	r28, r24
     76e:	88 8d       	ldd	r24, Y+24	; 0x18
     770:	88 23       	and	r24, r24
     772:	b9 f0       	breq	.+46     	; 0x7a2 <_ZN14HardwareSerial5flushEv+0x3a>
     774:	aa 89       	ldd	r26, Y+18	; 0x12
     776:	bb 89       	ldd	r27, Y+19	; 0x13
     778:	e8 89       	ldd	r30, Y+16	; 0x10
     77a:	f9 89       	ldd	r31, Y+17	; 0x11
     77c:	8c 91       	ld	r24, X
     77e:	85 fd       	sbrc	r24, 5
     780:	03 c0       	rjmp	.+6      	; 0x788 <_ZN14HardwareSerial5flushEv+0x20>
     782:	80 81       	ld	r24, Z
     784:	86 fd       	sbrc	r24, 6
     786:	0d c0       	rjmp	.+26     	; 0x7a2 <_ZN14HardwareSerial5flushEv+0x3a>
     788:	0f b6       	in	r0, 0x3f	; 63
     78a:	07 fc       	sbrc	r0, 7
     78c:	f7 cf       	rjmp	.-18     	; 0x77c <_ZN14HardwareSerial5flushEv+0x14>
     78e:	8c 91       	ld	r24, X
     790:	85 ff       	sbrs	r24, 5
     792:	f2 cf       	rjmp	.-28     	; 0x778 <_ZN14HardwareSerial5flushEv+0x10>
     794:	80 81       	ld	r24, Z
     796:	85 ff       	sbrs	r24, 5
     798:	ed cf       	rjmp	.-38     	; 0x774 <_ZN14HardwareSerial5flushEv+0xc>
     79a:	ce 01       	movw	r24, r28
     79c:	0e 94 92 03 	call	0x724	; 0x724 <_ZN14HardwareSerial17_tx_udr_empty_irqEv>
     7a0:	e9 cf       	rjmp	.-46     	; 0x774 <_ZN14HardwareSerial5flushEv+0xc>
     7a2:	df 91       	pop	r29
     7a4:	cf 91       	pop	r28
     7a6:	08 95       	ret

000007a8 <_ZN14HardwareSerial5writeEh>:
     7a8:	ef 92       	push	r14
     7aa:	ff 92       	push	r15
     7ac:	0f 93       	push	r16
     7ae:	1f 93       	push	r17
     7b0:	cf 93       	push	r28
     7b2:	df 93       	push	r29
     7b4:	ec 01       	movw	r28, r24
     7b6:	81 e0       	ldi	r24, 0x01	; 1
     7b8:	88 8f       	std	Y+24, r24	; 0x18
     7ba:	9b 8d       	ldd	r25, Y+27	; 0x1b
     7bc:	8c 8d       	ldd	r24, Y+28	; 0x1c
     7be:	98 13       	cpse	r25, r24
     7c0:	1a c0       	rjmp	.+52     	; 0x7f6 <_ZN14HardwareSerial5writeEh+0x4e>
     7c2:	e8 89       	ldd	r30, Y+16	; 0x10
     7c4:	f9 89       	ldd	r31, Y+17	; 0x11
     7c6:	80 81       	ld	r24, Z
     7c8:	85 ff       	sbrs	r24, 5
     7ca:	15 c0       	rjmp	.+42     	; 0x7f6 <_ZN14HardwareSerial5writeEh+0x4e>
     7cc:	9f b7       	in	r25, 0x3f	; 63
     7ce:	f8 94       	cli
     7d0:	ee 89       	ldd	r30, Y+22	; 0x16
     7d2:	ff 89       	ldd	r31, Y+23	; 0x17
     7d4:	60 83       	st	Z, r22
     7d6:	e8 89       	ldd	r30, Y+16	; 0x10
     7d8:	f9 89       	ldd	r31, Y+17	; 0x11
     7da:	80 81       	ld	r24, Z
     7dc:	83 70       	andi	r24, 0x03	; 3
     7de:	80 64       	ori	r24, 0x40	; 64
     7e0:	80 83       	st	Z, r24
     7e2:	9f bf       	out	0x3f, r25	; 63
     7e4:	81 e0       	ldi	r24, 0x01	; 1
     7e6:	90 e0       	ldi	r25, 0x00	; 0
     7e8:	df 91       	pop	r29
     7ea:	cf 91       	pop	r28
     7ec:	1f 91       	pop	r17
     7ee:	0f 91       	pop	r16
     7f0:	ff 90       	pop	r15
     7f2:	ef 90       	pop	r14
     7f4:	08 95       	ret
     7f6:	f6 2e       	mov	r15, r22
     7f8:	0b 8d       	ldd	r16, Y+27	; 0x1b
     7fa:	10 e0       	ldi	r17, 0x00	; 0
     7fc:	0f 5f       	subi	r16, 0xFF	; 255
     7fe:	1f 4f       	sbci	r17, 0xFF	; 255
     800:	0f 73       	andi	r16, 0x3F	; 63
     802:	11 27       	eor	r17, r17
     804:	e0 2e       	mov	r14, r16
     806:	8c 8d       	ldd	r24, Y+28	; 0x1c
     808:	8e 11       	cpse	r24, r14
     80a:	0c c0       	rjmp	.+24     	; 0x824 <_ZN14HardwareSerial5writeEh+0x7c>
     80c:	0f b6       	in	r0, 0x3f	; 63
     80e:	07 fc       	sbrc	r0, 7
     810:	fa cf       	rjmp	.-12     	; 0x806 <_ZN14HardwareSerial5writeEh+0x5e>
     812:	e8 89       	ldd	r30, Y+16	; 0x10
     814:	f9 89       	ldd	r31, Y+17	; 0x11
     816:	80 81       	ld	r24, Z
     818:	85 ff       	sbrs	r24, 5
     81a:	f5 cf       	rjmp	.-22     	; 0x806 <_ZN14HardwareSerial5writeEh+0x5e>
     81c:	ce 01       	movw	r24, r28
     81e:	0e 94 92 03 	call	0x724	; 0x724 <_ZN14HardwareSerial17_tx_udr_empty_irqEv>
     822:	f1 cf       	rjmp	.-30     	; 0x806 <_ZN14HardwareSerial5writeEh+0x5e>
     824:	eb 8d       	ldd	r30, Y+27	; 0x1b
     826:	ec 0f       	add	r30, r28
     828:	fd 2f       	mov	r31, r29
     82a:	f1 1d       	adc	r31, r1
     82c:	e3 5a       	subi	r30, 0xA3	; 163
     82e:	ff 4f       	sbci	r31, 0xFF	; 255
     830:	f0 82       	st	Z, r15
     832:	9f b7       	in	r25, 0x3f	; 63
     834:	f8 94       	cli
     836:	0b 8f       	std	Y+27, r16	; 0x1b
     838:	ea 89       	ldd	r30, Y+18	; 0x12
     83a:	fb 89       	ldd	r31, Y+19	; 0x13
     83c:	80 81       	ld	r24, Z
     83e:	80 62       	ori	r24, 0x20	; 32
     840:	cf cf       	rjmp	.-98     	; 0x7e0 <_ZN14HardwareSerial5writeEh+0x38>

00000842 <_ZN14HardwareSerial5beginEmh>:
     842:	cf 92       	push	r12
     844:	df 92       	push	r13
     846:	ef 92       	push	r14
     848:	ff 92       	push	r15
     84a:	1f 93       	push	r17
     84c:	cf 93       	push	r28
     84e:	df 93       	push	r29
     850:	ec 01       	movw	r28, r24
     852:	6a 01       	movw	r12, r20
     854:	7b 01       	movw	r14, r22
     856:	12 2f       	mov	r17, r18
     858:	e8 89       	ldd	r30, Y+16	; 0x10
     85a:	f9 89       	ldd	r31, Y+17	; 0x11
     85c:	82 e0       	ldi	r24, 0x02	; 2
     85e:	80 83       	st	Z, r24
     860:	c1 14       	cp	r12, r1
     862:	81 ee       	ldi	r24, 0xE1	; 225
     864:	d8 06       	cpc	r13, r24
     866:	e1 04       	cpc	r14, r1
     868:	f1 04       	cpc	r15, r1
     86a:	a1 f0       	breq	.+40     	; 0x894 <_ZN14HardwareSerial5beginEmh+0x52>
     86c:	60 e0       	ldi	r22, 0x00	; 0
     86e:	79 e0       	ldi	r23, 0x09	; 9
     870:	8d e3       	ldi	r24, 0x3D	; 61
     872:	90 e0       	ldi	r25, 0x00	; 0
     874:	a7 01       	movw	r20, r14
     876:	96 01       	movw	r18, r12
     878:	0e 94 25 0a 	call	0x144a	; 0x144a <__udivmodsi4>
     87c:	21 50       	subi	r18, 0x01	; 1
     87e:	31 09       	sbc	r19, r1
     880:	41 09       	sbc	r20, r1
     882:	51 09       	sbc	r21, r1
     884:	56 95       	lsr	r21
     886:	47 95       	ror	r20
     888:	37 95       	ror	r19
     88a:	27 95       	ror	r18
     88c:	21 15       	cp	r18, r1
     88e:	80 e1       	ldi	r24, 0x10	; 16
     890:	38 07       	cpc	r19, r24
     892:	98 f0       	brcs	.+38     	; 0x8ba <_ZN14HardwareSerial5beginEmh+0x78>
     894:	e8 89       	ldd	r30, Y+16	; 0x10
     896:	f9 89       	ldd	r31, Y+17	; 0x11
     898:	10 82       	st	Z, r1
     89a:	60 e8       	ldi	r22, 0x80	; 128
     89c:	74 e8       	ldi	r23, 0x84	; 132
     89e:	8e e1       	ldi	r24, 0x1E	; 30
     8a0:	90 e0       	ldi	r25, 0x00	; 0
     8a2:	a7 01       	movw	r20, r14
     8a4:	96 01       	movw	r18, r12
     8a6:	0e 94 25 0a 	call	0x144a	; 0x144a <__udivmodsi4>
     8aa:	21 50       	subi	r18, 0x01	; 1
     8ac:	31 09       	sbc	r19, r1
     8ae:	41 09       	sbc	r20, r1
     8b0:	51 09       	sbc	r21, r1
     8b2:	56 95       	lsr	r21
     8b4:	47 95       	ror	r20
     8b6:	37 95       	ror	r19
     8b8:	27 95       	ror	r18
     8ba:	ec 85       	ldd	r30, Y+12	; 0x0c
     8bc:	fd 85       	ldd	r31, Y+13	; 0x0d
     8be:	30 83       	st	Z, r19
     8c0:	ee 85       	ldd	r30, Y+14	; 0x0e
     8c2:	ff 85       	ldd	r31, Y+15	; 0x0f
     8c4:	20 83       	st	Z, r18
     8c6:	18 8e       	std	Y+24, r1	; 0x18
     8c8:	ec 89       	ldd	r30, Y+20	; 0x14
     8ca:	fd 89       	ldd	r31, Y+21	; 0x15
     8cc:	10 83       	st	Z, r17
     8ce:	ea 89       	ldd	r30, Y+18	; 0x12
     8d0:	fb 89       	ldd	r31, Y+19	; 0x13
     8d2:	80 81       	ld	r24, Z
     8d4:	80 61       	ori	r24, 0x10	; 16
     8d6:	80 83       	st	Z, r24
     8d8:	ea 89       	ldd	r30, Y+18	; 0x12
     8da:	fb 89       	ldd	r31, Y+19	; 0x13
     8dc:	80 81       	ld	r24, Z
     8de:	88 60       	ori	r24, 0x08	; 8
     8e0:	80 83       	st	Z, r24
     8e2:	ea 89       	ldd	r30, Y+18	; 0x12
     8e4:	fb 89       	ldd	r31, Y+19	; 0x13
     8e6:	80 81       	ld	r24, Z
     8e8:	80 68       	ori	r24, 0x80	; 128
     8ea:	80 83       	st	Z, r24
     8ec:	ea 89       	ldd	r30, Y+18	; 0x12
     8ee:	fb 89       	ldd	r31, Y+19	; 0x13
     8f0:	80 81       	ld	r24, Z
     8f2:	8f 7d       	andi	r24, 0xDF	; 223
     8f4:	80 83       	st	Z, r24
     8f6:	df 91       	pop	r29
     8f8:	cf 91       	pop	r28
     8fa:	1f 91       	pop	r17
     8fc:	ff 90       	pop	r15
     8fe:	ef 90       	pop	r14
     900:	df 90       	pop	r13
     902:	cf 90       	pop	r12
     904:	08 95       	ret

00000906 <__vector_18>:
     906:	1f 92       	push	r1
     908:	0f 92       	push	r0
     90a:	0f b6       	in	r0, 0x3f	; 63
     90c:	0f 92       	push	r0
     90e:	11 24       	eor	r1, r1
     910:	2f 93       	push	r18
     912:	8f 93       	push	r24
     914:	9f 93       	push	r25
     916:	ef 93       	push	r30
     918:	ff 93       	push	r31
     91a:	e0 91 84 05 	lds	r30, 0x0584	; 0x800584 <Serial+0x10>
     91e:	f0 91 85 05 	lds	r31, 0x0585	; 0x800585 <Serial+0x11>
     922:	80 81       	ld	r24, Z
     924:	e0 91 8a 05 	lds	r30, 0x058A	; 0x80058a <Serial+0x16>
     928:	f0 91 8b 05 	lds	r31, 0x058B	; 0x80058b <Serial+0x17>
     92c:	82 fd       	sbrc	r24, 2
     92e:	1b c0       	rjmp	.+54     	; 0x966 <__vector_18+0x60>
     930:	90 81       	ld	r25, Z
     932:	80 91 8d 05 	lds	r24, 0x058D	; 0x80058d <Serial+0x19>
     936:	8f 5f       	subi	r24, 0xFF	; 255
     938:	8f 73       	andi	r24, 0x3F	; 63
     93a:	20 91 8e 05 	lds	r18, 0x058E	; 0x80058e <Serial+0x1a>
     93e:	82 17       	cp	r24, r18
     940:	41 f0       	breq	.+16     	; 0x952 <__vector_18+0x4c>
     942:	e0 91 8d 05 	lds	r30, 0x058D	; 0x80058d <Serial+0x19>
     946:	f0 e0       	ldi	r31, 0x00	; 0
     948:	ec 58       	subi	r30, 0x8C	; 140
     94a:	fa 4f       	sbci	r31, 0xFA	; 250
     94c:	95 8f       	std	Z+29, r25	; 0x1d
     94e:	80 93 8d 05 	sts	0x058D, r24	; 0x80058d <Serial+0x19>
     952:	ff 91       	pop	r31
     954:	ef 91       	pop	r30
     956:	9f 91       	pop	r25
     958:	8f 91       	pop	r24
     95a:	2f 91       	pop	r18
     95c:	0f 90       	pop	r0
     95e:	0f be       	out	0x3f, r0	; 63
     960:	0f 90       	pop	r0
     962:	1f 90       	pop	r1
     964:	18 95       	reti
     966:	80 81       	ld	r24, Z
     968:	f4 cf       	rjmp	.-24     	; 0x952 <__vector_18+0x4c>

0000096a <__vector_19>:
     96a:	1f 92       	push	r1
     96c:	0f 92       	push	r0
     96e:	0f b6       	in	r0, 0x3f	; 63
     970:	0f 92       	push	r0
     972:	11 24       	eor	r1, r1
     974:	2f 93       	push	r18
     976:	3f 93       	push	r19
     978:	4f 93       	push	r20
     97a:	5f 93       	push	r21
     97c:	6f 93       	push	r22
     97e:	7f 93       	push	r23
     980:	8f 93       	push	r24
     982:	9f 93       	push	r25
     984:	af 93       	push	r26
     986:	bf 93       	push	r27
     988:	ef 93       	push	r30
     98a:	ff 93       	push	r31
     98c:	84 e7       	ldi	r24, 0x74	; 116
     98e:	95 e0       	ldi	r25, 0x05	; 5
     990:	0e 94 92 03 	call	0x724	; 0x724 <_ZN14HardwareSerial17_tx_udr_empty_irqEv>
     994:	ff 91       	pop	r31
     996:	ef 91       	pop	r30
     998:	bf 91       	pop	r27
     99a:	af 91       	pop	r26
     99c:	9f 91       	pop	r25
     99e:	8f 91       	pop	r24
     9a0:	7f 91       	pop	r23
     9a2:	6f 91       	pop	r22
     9a4:	5f 91       	pop	r21
     9a6:	4f 91       	pop	r20
     9a8:	3f 91       	pop	r19
     9aa:	2f 91       	pop	r18
     9ac:	0f 90       	pop	r0
     9ae:	0f be       	out	0x3f, r0	; 63
     9b0:	0f 90       	pop	r0
     9b2:	1f 90       	pop	r1
     9b4:	18 95       	reti

000009b6 <_GLOBAL__sub_I___vector_18>:
     9b6:	e4 e7       	ldi	r30, 0x74	; 116
     9b8:	f5 e0       	ldi	r31, 0x05	; 5
     9ba:	13 82       	std	Z+3, r1	; 0x03
     9bc:	12 82       	std	Z+2, r1	; 0x02
     9be:	88 ee       	ldi	r24, 0xE8	; 232
     9c0:	93 e0       	ldi	r25, 0x03	; 3
     9c2:	a0 e0       	ldi	r26, 0x00	; 0
     9c4:	b0 e0       	ldi	r27, 0x00	; 0
     9c6:	84 83       	std	Z+4, r24	; 0x04
     9c8:	95 83       	std	Z+5, r25	; 0x05
     9ca:	a6 83       	std	Z+6, r26	; 0x06
     9cc:	b7 83       	std	Z+7, r27	; 0x07
     9ce:	87 e5       	ldi	r24, 0x57	; 87
     9d0:	93 e0       	ldi	r25, 0x03	; 3
     9d2:	91 83       	std	Z+1, r25	; 0x01
     9d4:	80 83       	st	Z, r24
     9d6:	85 ec       	ldi	r24, 0xC5	; 197
     9d8:	90 e0       	ldi	r25, 0x00	; 0
     9da:	95 87       	std	Z+13, r25	; 0x0d
     9dc:	84 87       	std	Z+12, r24	; 0x0c
     9de:	84 ec       	ldi	r24, 0xC4	; 196
     9e0:	90 e0       	ldi	r25, 0x00	; 0
     9e2:	97 87       	std	Z+15, r25	; 0x0f
     9e4:	86 87       	std	Z+14, r24	; 0x0e
     9e6:	80 ec       	ldi	r24, 0xC0	; 192
     9e8:	90 e0       	ldi	r25, 0x00	; 0
     9ea:	91 8b       	std	Z+17, r25	; 0x11
     9ec:	80 8b       	std	Z+16, r24	; 0x10
     9ee:	81 ec       	ldi	r24, 0xC1	; 193
     9f0:	90 e0       	ldi	r25, 0x00	; 0
     9f2:	93 8b       	std	Z+19, r25	; 0x13
     9f4:	82 8b       	std	Z+18, r24	; 0x12
     9f6:	82 ec       	ldi	r24, 0xC2	; 194
     9f8:	90 e0       	ldi	r25, 0x00	; 0
     9fa:	95 8b       	std	Z+21, r25	; 0x15
     9fc:	84 8b       	std	Z+20, r24	; 0x14
     9fe:	86 ec       	ldi	r24, 0xC6	; 198
     a00:	90 e0       	ldi	r25, 0x00	; 0
     a02:	97 8b       	std	Z+23, r25	; 0x17
     a04:	86 8b       	std	Z+22, r24	; 0x16
     a06:	11 8e       	std	Z+25, r1	; 0x19
     a08:	12 8e       	std	Z+26, r1	; 0x1a
     a0a:	13 8e       	std	Z+27, r1	; 0x1b
     a0c:	14 8e       	std	Z+28, r1	; 0x1c
     a0e:	08 95       	ret

00000a10 <_ZN5Print5writeEPKhj>:
     a10:	af 92       	push	r10
     a12:	bf 92       	push	r11
     a14:	cf 92       	push	r12
     a16:	df 92       	push	r13
     a18:	ef 92       	push	r14
     a1a:	ff 92       	push	r15
     a1c:	0f 93       	push	r16
     a1e:	1f 93       	push	r17
     a20:	cf 93       	push	r28
     a22:	df 93       	push	r29
     a24:	6c 01       	movw	r12, r24
     a26:	7b 01       	movw	r14, r22
     a28:	8b 01       	movw	r16, r22
     a2a:	04 0f       	add	r16, r20
     a2c:	15 1f       	adc	r17, r21
     a2e:	eb 01       	movw	r28, r22
     a30:	5e 01       	movw	r10, r28
     a32:	ae 18       	sub	r10, r14
     a34:	bf 08       	sbc	r11, r15
     a36:	c0 17       	cp	r28, r16
     a38:	d1 07       	cpc	r29, r17
     a3a:	59 f0       	breq	.+22     	; 0xa52 <_ZN5Print5writeEPKhj+0x42>
     a3c:	69 91       	ld	r22, Y+
     a3e:	d6 01       	movw	r26, r12
     a40:	ed 91       	ld	r30, X+
     a42:	fc 91       	ld	r31, X
     a44:	01 90       	ld	r0, Z+
     a46:	f0 81       	ld	r31, Z
     a48:	e0 2d       	mov	r30, r0
     a4a:	c6 01       	movw	r24, r12
     a4c:	09 95       	icall
     a4e:	89 2b       	or	r24, r25
     a50:	79 f7       	brne	.-34     	; 0xa30 <_ZN5Print5writeEPKhj+0x20>
     a52:	c5 01       	movw	r24, r10
     a54:	df 91       	pop	r29
     a56:	cf 91       	pop	r28
     a58:	1f 91       	pop	r17
     a5a:	0f 91       	pop	r16
     a5c:	ff 90       	pop	r15
     a5e:	ef 90       	pop	r14
     a60:	df 90       	pop	r13
     a62:	cf 90       	pop	r12
     a64:	bf 90       	pop	r11
     a66:	af 90       	pop	r10
     a68:	08 95       	ret

00000a6a <_ZN5Print5writeEPKc.part.2>:
     a6a:	fb 01       	movw	r30, r22
     a6c:	01 90       	ld	r0, Z+
     a6e:	00 20       	and	r0, r0
     a70:	e9 f7       	brne	.-6      	; 0xa6c <_ZN5Print5writeEPKc.part.2+0x2>
     a72:	31 97       	sbiw	r30, 0x01	; 1
     a74:	af 01       	movw	r20, r30
     a76:	46 1b       	sub	r20, r22
     a78:	57 0b       	sbc	r21, r23
     a7a:	dc 01       	movw	r26, r24
     a7c:	ed 91       	ld	r30, X+
     a7e:	fc 91       	ld	r31, X
     a80:	02 80       	ldd	r0, Z+2	; 0x02
     a82:	f3 81       	ldd	r31, Z+3	; 0x03
     a84:	e0 2d       	mov	r30, r0
     a86:	09 94       	ijmp

00000a88 <_ZN5Print5printEPKc>:
     a88:	61 15       	cp	r22, r1
     a8a:	71 05       	cpc	r23, r1
     a8c:	11 f0       	breq	.+4      	; 0xa92 <_ZN5Print5printEPKc+0xa>
     a8e:	0c 94 35 05 	jmp	0xa6a	; 0xa6a <_ZN5Print5writeEPKc.part.2>
     a92:	90 e0       	ldi	r25, 0x00	; 0
     a94:	80 e0       	ldi	r24, 0x00	; 0
     a96:	08 95       	ret

00000a98 <OsEE_atmega_startTimer1>:
     a98:	10 92 81 00 	sts	0x0081, r1	; 0x800081 <__DATA_REGION_ORIGIN__+0x21>
     a9c:	10 92 80 00 	sts	0x0080, r1	; 0x800080 <__DATA_REGION_ORIGIN__+0x20>
     aa0:	10 92 82 00 	sts	0x0082, r1	; 0x800082 <__DATA_REGION_ORIGIN__+0x22>
     aa4:	10 92 85 00 	sts	0x0085, r1	; 0x800085 <__DATA_REGION_ORIGIN__+0x25>
     aa8:	10 92 84 00 	sts	0x0084, r1	; 0x800084 <__DATA_REGION_ORIGIN__+0x24>
     aac:	61 15       	cp	r22, r1
     aae:	20 e1       	ldi	r18, 0x10	; 16
     ab0:	72 07       	cpc	r23, r18
     ab2:	81 05       	cpc	r24, r1
     ab4:	91 05       	cpc	r25, r1
     ab6:	a0 f4       	brcc	.+40     	; 0xae0 <OsEE_atmega_startTimer1+0x48>
     ab8:	e4 e0       	ldi	r30, 0x04	; 4
     aba:	66 0f       	add	r22, r22
     abc:	77 1f       	adc	r23, r23
     abe:	ea 95       	dec	r30
     ac0:	e1 f7       	brne	.-8      	; 0xaba <OsEE_atmega_startTimer1+0x22>
     ac2:	61 50       	subi	r22, 0x01	; 1
     ac4:	71 09       	sbc	r23, r1
     ac6:	81 e0       	ldi	r24, 0x01	; 1
     ac8:	92 e0       	ldi	r25, 0x02	; 2
     aca:	96 bb       	out	0x16, r25	; 22
     acc:	90 93 6f 00 	sts	0x006F, r25	; 0x80006f <__DATA_REGION_ORIGIN__+0xf>
     ad0:	70 93 89 00 	sts	0x0089, r23	; 0x800089 <__DATA_REGION_ORIGIN__+0x29>
     ad4:	60 93 88 00 	sts	0x0088, r22	; 0x800088 <__DATA_REGION_ORIGIN__+0x28>
     ad8:	88 60       	ori	r24, 0x08	; 8
     ada:	80 93 81 00 	sts	0x0081, r24	; 0x800081 <__DATA_REGION_ORIGIN__+0x21>
     ade:	08 95       	ret
     ae0:	61 15       	cp	r22, r1
     ae2:	20 e8       	ldi	r18, 0x80	; 128
     ae4:	72 07       	cpc	r23, r18
     ae6:	81 05       	cpc	r24, r1
     ae8:	91 05       	cpc	r25, r1
     aea:	30 f4       	brcc	.+12     	; 0xaf8 <OsEE_atmega_startTimer1+0x60>
     aec:	66 0f       	add	r22, r22
     aee:	77 1f       	adc	r23, r23
     af0:	61 50       	subi	r22, 0x01	; 1
     af2:	71 09       	sbc	r23, r1
     af4:	82 e0       	ldi	r24, 0x02	; 2
     af6:	e8 cf       	rjmp	.-48     	; 0xac8 <OsEE_atmega_startTimer1+0x30>
     af8:	6c 3f       	cpi	r22, 0xFC	; 252
     afa:	2f ef       	ldi	r18, 0xFF	; 255
     afc:	72 07       	cpc	r23, r18
     afe:	23 e0       	ldi	r18, 0x03	; 3
     b00:	82 07       	cpc	r24, r18
     b02:	91 05       	cpc	r25, r1
     b04:	58 f4       	brcc	.+22     	; 0xb1c <OsEE_atmega_startTimer1+0x84>
     b06:	42 e0       	ldi	r20, 0x02	; 2
     b08:	96 95       	lsr	r25
     b0a:	87 95       	ror	r24
     b0c:	77 95       	ror	r23
     b0e:	67 95       	ror	r22
     b10:	4a 95       	dec	r20
     b12:	d1 f7       	brne	.-12     	; 0xb08 <OsEE_atmega_startTimer1+0x70>
     b14:	61 50       	subi	r22, 0x01	; 1
     b16:	71 09       	sbc	r23, r1
     b18:	83 e0       	ldi	r24, 0x03	; 3
     b1a:	d6 cf       	rjmp	.-84     	; 0xac8 <OsEE_atmega_startTimer1+0x30>
     b1c:	61 15       	cp	r22, r1
     b1e:	71 05       	cpc	r23, r1
     b20:	20 e1       	ldi	r18, 0x10	; 16
     b22:	82 07       	cpc	r24, r18
     b24:	91 05       	cpc	r25, r1
     b26:	58 f4       	brcc	.+22     	; 0xb3e <OsEE_atmega_startTimer1+0xa6>
     b28:	34 e0       	ldi	r19, 0x04	; 4
     b2a:	96 95       	lsr	r25
     b2c:	87 95       	ror	r24
     b2e:	77 95       	ror	r23
     b30:	67 95       	ror	r22
     b32:	3a 95       	dec	r19
     b34:	d1 f7       	brne	.-12     	; 0xb2a <OsEE_atmega_startTimer1+0x92>
     b36:	61 50       	subi	r22, 0x01	; 1
     b38:	71 09       	sbc	r23, r1
     b3a:	84 e0       	ldi	r24, 0x04	; 4
     b3c:	c5 cf       	rjmp	.-118    	; 0xac8 <OsEE_atmega_startTimer1+0x30>
     b3e:	26 e0       	ldi	r18, 0x06	; 6
     b40:	96 95       	lsr	r25
     b42:	87 95       	ror	r24
     b44:	77 95       	ror	r23
     b46:	67 95       	ror	r22
     b48:	2a 95       	dec	r18
     b4a:	d1 f7       	brne	.-12     	; 0xb40 <OsEE_atmega_startTimer1+0xa8>
     b4c:	61 50       	subi	r22, 0x01	; 1
     b4e:	71 09       	sbc	r23, r1
     b50:	85 e0       	ldi	r24, 0x05	; 5
     b52:	ba cf       	rjmp	.-140    	; 0xac8 <OsEE_atmega_startTimer1+0x30>

00000b54 <StartOS>:
     b54:	0f 93       	push	r16
     b56:	1f 93       	push	r17
     b58:	cf 93       	push	r28
     b5a:	df 93       	push	r29
     b5c:	00 d0       	rcall	.+0      	; 0xb5e <StartOS+0xa>
     b5e:	cd b7       	in	r28, 0x3d	; 61
     b60:	de b7       	in	r29, 0x3e	; 62
     b62:	e0 91 f1 02 	lds	r30, 0x02F1	; 0x8002f1 <osEE_cdb_var>
     b66:	f0 91 f2 02 	lds	r31, 0x02F2	; 0x8002f2 <osEE_cdb_var+0x1>
     b6a:	9f b7       	in	r25, 0x3f	; 63
     b6c:	f8 94       	cli
     b6e:	20 85       	ldd	r18, Z+8	; 0x08
     b70:	31 85       	ldd	r19, Z+9	; 0x09
     b72:	23 2b       	or	r18, r19
     b74:	51 f0       	breq	.+20     	; 0xb8a <StartOS+0x36>
     b76:	9f bf       	out	0x3f, r25	; 63
     b78:	81 e0       	ldi	r24, 0x01	; 1
     b7a:	90 e0       	ldi	r25, 0x00	; 0
     b7c:	0f 90       	pop	r0
     b7e:	0f 90       	pop	r0
     b80:	df 91       	pop	r29
     b82:	cf 91       	pop	r28
     b84:	1f 91       	pop	r17
     b86:	0f 91       	pop	r16
     b88:	08 95       	ret
     b8a:	2b ef       	ldi	r18, 0xFB	; 251
     b8c:	39 e0       	ldi	r19, 0x09	; 9
     b8e:	3a 83       	std	Y+2, r19	; 0x02
     b90:	29 83       	std	Y+1, r18	; 0x01
     b92:	00 91 f3 02 	lds	r16, 0x02F3	; 0x8002f3 <osEE_cdb_var+0x2>
     b96:	10 91 f4 02 	lds	r17, 0x02F4	; 0x8002f4 <osEE_cdb_var+0x3>
     b9a:	21 e0       	ldi	r18, 0x01	; 1
     b9c:	30 e0       	ldi	r19, 0x00	; 0
     b9e:	31 87       	std	Z+9, r19	; 0x09
     ba0:	20 87       	std	Z+8, r18	; 0x08
     ba2:	82 87       	std	Z+10, r24	; 0x0a
     ba4:	80 85       	ldd	r24, Z+8	; 0x08
     ba6:	91 85       	ldd	r25, Z+9	; 0x09
     ba8:	01 97       	sbiw	r24, 0x01	; 1
     baa:	21 f4       	brne	.+8      	; 0xbb4 <StartOS+0x60>
     bac:	82 e0       	ldi	r24, 0x02	; 2
     bae:	90 e0       	ldi	r25, 0x00	; 0
     bb0:	91 87       	std	Z+9, r25	; 0x09
     bb2:	80 87       	std	Z+8, r24	; 0x08
     bb4:	80 85       	ldd	r24, Z+8	; 0x08
     bb6:	91 85       	ldd	r25, Z+9	; 0x09
     bb8:	02 97       	sbiw	r24, 0x02	; 2
     bba:	51 f4       	brne	.+20     	; 0xbd0 <StartOS+0x7c>
     bbc:	f8 01       	movw	r30, r16
     bbe:	62 81       	ldd	r22, Z+2	; 0x02
     bc0:	73 81       	ldd	r23, Z+3	; 0x03
     bc2:	ab 01       	movw	r20, r22
     bc4:	c8 01       	movw	r24, r16
     bc6:	0e 94 a8 00 	call	0x150	; 0x150 <osEE_hal_save_ctx_and_ready2stacked>
     bca:	c8 01       	movw	r24, r16
     bcc:	0e 94 11 08 	call	0x1022	; 0x1022 <osEE_task_end>
     bd0:	90 e0       	ldi	r25, 0x00	; 0
     bd2:	80 e0       	ldi	r24, 0x00	; 0
     bd4:	d3 cf       	rjmp	.-90     	; 0xb7c <StartOS+0x28>

00000bd6 <ActivateTask>:
     bd6:	ff 92       	push	r15
     bd8:	0f 93       	push	r16
     bda:	1f 93       	push	r17
     bdc:	cf 93       	push	r28
     bde:	df 93       	push	r29
     be0:	90 e0       	ldi	r25, 0x00	; 0
     be2:	20 91 eb 02 	lds	r18, 0x02EB	; 0x8002eb <osEE_kdb_var+0x4>
     be6:	30 91 ec 02 	lds	r19, 0x02EC	; 0x8002ec <osEE_kdb_var+0x5>
     bea:	82 17       	cp	r24, r18
     bec:	93 07       	cpc	r25, r19
     bee:	28 f5       	brcc	.+74     	; 0xc3a <ActivateTask+0x64>
     bf0:	20 91 e9 02 	lds	r18, 0x02E9	; 0x8002e9 <osEE_kdb_var+0x2>
     bf4:	30 91 ea 02 	lds	r19, 0x02EA	; 0x8002ea <osEE_kdb_var+0x3>
     bf8:	88 0f       	add	r24, r24
     bfa:	99 1f       	adc	r25, r25
     bfc:	82 0f       	add	r24, r18
     bfe:	93 1f       	adc	r25, r19
     c00:	fc 01       	movw	r30, r24
     c02:	00 81       	ld	r16, Z
     c04:	11 81       	ldd	r17, Z+1	; 0x01
     c06:	f8 01       	movw	r30, r16
     c08:	87 81       	ldd	r24, Z+7	; 0x07
     c0a:	90 85       	ldd	r25, Z+8	; 0x08
     c0c:	02 97       	sbiw	r24, 0x02	; 2
     c0e:	a8 f4       	brcc	.+42     	; 0xc3a <ActivateTask+0x64>
     c10:	ff b6       	in	r15, 0x3f	; 63
     c12:	f8 94       	cli
     c14:	c8 01       	movw	r24, r16
     c16:	0e 94 ff 07 	call	0xffe	; 0xffe <osEE_task_activated>
     c1a:	ec 01       	movw	r28, r24
     c1c:	89 2b       	or	r24, r25
     c1e:	29 f4       	brne	.+10     	; 0xc2a <ActivateTask+0x54>
     c20:	b8 01       	movw	r22, r16
     c22:	87 ee       	ldi	r24, 0xE7	; 231
     c24:	92 e0       	ldi	r25, 0x02	; 2
     c26:	0e 94 5b 08 	call	0x10b6	; 0x10b6 <osEE_scheduler_task_activated>
     c2a:	ff be       	out	0x3f, r15	; 63
     c2c:	ce 01       	movw	r24, r28
     c2e:	df 91       	pop	r29
     c30:	cf 91       	pop	r28
     c32:	1f 91       	pop	r17
     c34:	0f 91       	pop	r16
     c36:	ff 90       	pop	r15
     c38:	08 95       	ret
     c3a:	c3 e0       	ldi	r28, 0x03	; 3
     c3c:	d0 e0       	ldi	r29, 0x00	; 0
     c3e:	f6 cf       	rjmp	.-20     	; 0xc2c <ActivateTask+0x56>

00000c40 <TerminateTask>:
     c40:	e0 91 f1 02 	lds	r30, 0x02F1	; 0x8002f1 <osEE_cdb_var>
     c44:	f0 91 f2 02 	lds	r31, 0x02F2	; 0x8002f2 <osEE_cdb_var+0x1>
     c48:	a0 81       	ld	r26, Z
     c4a:	b1 81       	ldd	r27, Z+1	; 0x01
     c4c:	87 85       	ldd	r24, Z+15	; 0x0f
     c4e:	88 23       	and	r24, r24
     c50:	19 f0       	breq	.+6      	; 0xc58 <TerminateTask+0x18>
     c52:	17 86       	std	Z+15, r1	; 0x0f
     c54:	85 85       	ldd	r24, Z+13	; 0x0d
     c56:	8f bf       	out	0x3f, r24	; 63
     c58:	81 89       	ldd	r24, Z+17	; 0x11
     c5a:	88 23       	and	r24, r24
     c5c:	11 f0       	breq	.+4      	; 0xc62 <TerminateTask+0x22>
     c5e:	11 8a       	std	Z+17, r1	; 0x11
     c60:	78 94       	sei
     c62:	8f b7       	in	r24, 0x3f	; 63
     c64:	f8 94       	cli
     c66:	63 ee       	ldi	r22, 0xE3	; 227
     c68:	79 e0       	ldi	r23, 0x09	; 9
     c6a:	12 96       	adiw	r26, 0x02	; 2
     c6c:	8d 91       	ld	r24, X+
     c6e:	9c 91       	ld	r25, X
     c70:	0e 94 c8 00 	call	0x190	; 0x190 <osEE_hal_terminate_ctx>

00000c74 <GetTaskID>:
     c74:	cf 93       	push	r28
     c76:	df 93       	push	r29
     c78:	dc 01       	movw	r26, r24
     c7a:	e0 91 f1 02 	lds	r30, 0x02F1	; 0x8002f1 <osEE_cdb_var>
     c7e:	f0 91 f2 02 	lds	r31, 0x02F2	; 0x8002f2 <osEE_cdb_var+0x1>
     c82:	8e e0       	ldi	r24, 0x0E	; 14
     c84:	90 e0       	ldi	r25, 0x00	; 0
     c86:	10 97       	sbiw	r26, 0x00	; 0
     c88:	59 f0       	breq	.+22     	; 0xca0 <GetTaskID+0x2c>
     c8a:	c0 81       	ld	r28, Z
     c8c:	d1 81       	ldd	r29, Z+1	; 0x01
     c8e:	8f 81       	ldd	r24, Y+7	; 0x07
     c90:	98 85       	ldd	r25, Y+8	; 0x08
     c92:	82 30       	cpi	r24, 0x02	; 2
     c94:	91 05       	cpc	r25, r1
     c96:	38 f4       	brcc	.+14     	; 0xca6 <GetTaskID+0x32>
     c98:	9e 81       	ldd	r25, Y+6	; 0x06
     c9a:	9c 93       	st	X, r25
     c9c:	90 e0       	ldi	r25, 0x00	; 0
     c9e:	80 e0       	ldi	r24, 0x00	; 0
     ca0:	df 91       	pop	r29
     ca2:	cf 91       	pop	r28
     ca4:	08 95       	ret
     ca6:	02 97       	sbiw	r24, 0x02	; 2
     ca8:	41 f4       	brne	.+16     	; 0xcba <GetTaskID+0x46>
     caa:	06 80       	ldd	r0, Z+6	; 0x06
     cac:	f7 81       	ldd	r31, Z+7	; 0x07
     cae:	e0 2d       	mov	r30, r0
     cb0:	01 90       	ld	r0, Z+
     cb2:	f0 81       	ld	r31, Z
     cb4:	e0 2d       	mov	r30, r0
     cb6:	30 97       	sbiw	r30, 0x00	; 0
     cb8:	11 f4       	brne	.+4      	; 0xcbe <GetTaskID+0x4a>
     cba:	9f ef       	ldi	r25, 0xFF	; 255
     cbc:	ee cf       	rjmp	.-36     	; 0xc9a <GetTaskID+0x26>
     cbe:	c2 81       	ldd	r28, Z+2	; 0x02
     cc0:	d3 81       	ldd	r29, Z+3	; 0x03
     cc2:	8f 81       	ldd	r24, Y+7	; 0x07
     cc4:	98 85       	ldd	r25, Y+8	; 0x08
     cc6:	02 97       	sbiw	r24, 0x02	; 2
     cc8:	98 f7       	brcc	.-26     	; 0xcb0 <GetTaskID+0x3c>
     cca:	e6 cf       	rjmp	.-52     	; 0xc98 <GetTaskID+0x24>

00000ccc <WaitEvent>:
     ccc:	df 92       	push	r13
     cce:	ef 92       	push	r14
     cd0:	ff 92       	push	r15
     cd2:	0f 93       	push	r16
     cd4:	1f 93       	push	r17
     cd6:	cf 93       	push	r28
     cd8:	df 93       	push	r29
     cda:	00 91 f1 02 	lds	r16, 0x02F1	; 0x8002f1 <osEE_cdb_var>
     cde:	10 91 f2 02 	lds	r17, 0x02F2	; 0x8002f2 <osEE_cdb_var+0x1>
     ce2:	f8 01       	movw	r30, r16
     ce4:	e0 80       	ld	r14, Z
     ce6:	f1 80       	ldd	r15, Z+1	; 0x01
     ce8:	f7 01       	movw	r30, r14
     cea:	c4 81       	ldd	r28, Z+4	; 0x04
     cec:	d5 81       	ldd	r29, Z+5	; 0x05
     cee:	df b6       	in	r13, 0x3f	; 63
     cf0:	f8 94       	cli
     cf2:	28 85       	ldd	r18, Y+8	; 0x08
     cf4:	39 85       	ldd	r19, Y+9	; 0x09
     cf6:	28 23       	and	r18, r24
     cf8:	39 23       	and	r19, r25
     cfa:	23 2b       	or	r18, r19
     cfc:	b9 f4       	brne	.+46     	; 0xd2c <WaitEvent+0x60>
     cfe:	9f 83       	std	Y+7, r25	; 0x07
     d00:	8e 83       	std	Y+6, r24	; 0x06
     d02:	b8 01       	movw	r22, r16
     d04:	6e 5f       	subi	r22, 0xFE	; 254
     d06:	7f 4f       	sbci	r23, 0xFF	; 255
     d08:	81 ef       	ldi	r24, 0xF1	; 241
     d0a:	92 e0       	ldi	r25, 0x02	; 2
     d0c:	0e 94 d7 07 	call	0xfae	; 0xfae <osEE_scheduler_core_pop_running>
     d10:	9b 87       	std	Y+11, r25	; 0x0b
     d12:	8a 87       	std	Y+10, r24	; 0x0a
     d14:	83 e0       	ldi	r24, 0x03	; 3
     d16:	90 e0       	ldi	r25, 0x00	; 0
     d18:	9b 83       	std	Y+3, r25	; 0x03
     d1a:	8a 83       	std	Y+2, r24	; 0x02
     d1c:	f8 01       	movw	r30, r16
     d1e:	60 81       	ld	r22, Z
     d20:	71 81       	ldd	r23, Z+1	; 0x01
     d22:	c7 01       	movw	r24, r14
     d24:	0e 94 a2 09 	call	0x1344	; 0x1344 <osEE_change_context_from_running>
     d28:	1f 82       	std	Y+7, r1	; 0x07
     d2a:	1e 82       	std	Y+6, r1	; 0x06
     d2c:	df be       	out	0x3f, r13	; 63
     d2e:	90 e0       	ldi	r25, 0x00	; 0
     d30:	80 e0       	ldi	r24, 0x00	; 0
     d32:	df 91       	pop	r29
     d34:	cf 91       	pop	r28
     d36:	1f 91       	pop	r17
     d38:	0f 91       	pop	r16
     d3a:	ff 90       	pop	r15
     d3c:	ef 90       	pop	r14
     d3e:	df 90       	pop	r13
     d40:	08 95       	ret

00000d42 <SetEvent>:
     d42:	1f 93       	push	r17
     d44:	cf 93       	push	r28
     d46:	df 93       	push	r29
     d48:	00 d0       	rcall	.+0      	; 0xd4a <SetEvent+0x8>
     d4a:	cd b7       	in	r28, 0x3d	; 61
     d4c:	de b7       	in	r29, 0x3e	; 62
     d4e:	90 e0       	ldi	r25, 0x00	; 0
     d50:	20 91 eb 02 	lds	r18, 0x02EB	; 0x8002eb <osEE_kdb_var+0x4>
     d54:	30 91 ec 02 	lds	r19, 0x02EC	; 0x8002ec <osEE_kdb_var+0x5>
     d58:	82 17       	cp	r24, r18
     d5a:	93 07       	cpc	r25, r19
     d5c:	60 f0       	brcs	.+24     	; 0xd76 <SetEvent+0x34>
     d5e:	83 e0       	ldi	r24, 0x03	; 3
     d60:	90 e0       	ldi	r25, 0x00	; 0
     d62:	9a 83       	std	Y+2, r25	; 0x02
     d64:	89 83       	std	Y+1, r24	; 0x01
     d66:	89 81       	ldd	r24, Y+1	; 0x01
     d68:	9a 81       	ldd	r25, Y+2	; 0x02
     d6a:	0f 90       	pop	r0
     d6c:	0f 90       	pop	r0
     d6e:	df 91       	pop	r29
     d70:	cf 91       	pop	r28
     d72:	1f 91       	pop	r17
     d74:	08 95       	ret
     d76:	20 91 e9 02 	lds	r18, 0x02E9	; 0x8002e9 <osEE_kdb_var+0x2>
     d7a:	30 91 ea 02 	lds	r19, 0x02EA	; 0x8002ea <osEE_kdb_var+0x3>
     d7e:	88 0f       	add	r24, r24
     d80:	99 1f       	adc	r25, r25
     d82:	82 0f       	add	r24, r18
     d84:	93 1f       	adc	r25, r19
     d86:	fc 01       	movw	r30, r24
     d88:	80 81       	ld	r24, Z
     d8a:	91 81       	ldd	r25, Z+1	; 0x01
     d8c:	1f b7       	in	r17, 0x3f	; 63
     d8e:	f8 94       	cli
     d90:	ae 01       	movw	r20, r28
     d92:	4f 5f       	subi	r20, 0xFF	; 255
     d94:	5f 4f       	sbci	r21, 0xFF	; 255
     d96:	0e 94 26 08 	call	0x104c	; 0x104c <osEE_task_event_set_mask>
     d9a:	00 97       	sbiw	r24, 0x00	; 0
     d9c:	59 f0       	breq	.+22     	; 0xdb4 <SetEvent+0x72>
     d9e:	bc 01       	movw	r22, r24
     da0:	87 ee       	ldi	r24, 0xE7	; 231
     da2:	92 e0       	ldi	r25, 0x02	; 2
     da4:	0e 94 b3 08 	call	0x1166	; 0x1166 <osEE_scheduler_task_unblocked>
     da8:	89 2b       	or	r24, r25
     daa:	21 f0       	breq	.+8      	; 0xdb4 <SetEvent+0x72>
     dac:	87 ee       	ldi	r24, 0xE7	; 231
     dae:	92 e0       	ldi	r25, 0x02	; 2
     db0:	0e 94 4f 09 	call	0x129e	; 0x129e <osEE_scheduler_task_preemption_point>
     db4:	1f bf       	out	0x3f, r17	; 63
     db6:	d7 cf       	rjmp	.-82     	; 0xd66 <SetEvent+0x24>

00000db8 <osEE_scheduler_task_wrapper_restore>:
     db8:	dc 01       	movw	r26, r24
     dba:	14 96       	adiw	r26, 0x04	; 4
     dbc:	ed 91       	ld	r30, X+
     dbe:	fc 91       	ld	r31, X
     dc0:	84 e0       	ldi	r24, 0x04	; 4
     dc2:	90 e0       	ldi	r25, 0x00	; 0
     dc4:	93 83       	std	Z+3, r25	; 0x03
     dc6:	82 83       	std	Z+2, r24	; 0x02
     dc8:	08 95       	ret

00000dca <osEE_scheduler_task_wrapper_run>:
     dca:	ec 01       	movw	r28, r24
     dcc:	ec 81       	ldd	r30, Y+4	; 0x04
     dce:	fd 81       	ldd	r31, Y+5	; 0x05
     dd0:	81 81       	ldd	r24, Z+1	; 0x01
     dd2:	24 e0       	ldi	r18, 0x04	; 4
     dd4:	30 e0       	ldi	r19, 0x00	; 0
     dd6:	33 83       	std	Z+3, r19	; 0x03
     dd8:	22 83       	std	Z+2, r18	; 0x02
     dda:	8f 3f       	cpi	r24, 0xFF	; 255
     ddc:	09 f0       	breq	.+2      	; 0xde0 <osEE_scheduler_task_wrapper_run+0x16>
     dde:	78 94       	sei
     de0:	e9 85       	ldd	r30, Y+9	; 0x09
     de2:	fa 85       	ldd	r31, Y+10	; 0x0a
     de4:	09 95       	icall
     de6:	e0 91 f1 02 	lds	r30, 0x02F1	; 0x8002f1 <osEE_cdb_var>
     dea:	f0 91 f2 02 	lds	r31, 0x02F2	; 0x8002f2 <osEE_cdb_var+0x1>
     dee:	10 8a       	std	Z+16, r1	; 0x10
     df0:	87 85       	ldd	r24, Z+15	; 0x0f
     df2:	88 23       	and	r24, r24
     df4:	19 f0       	breq	.+6      	; 0xdfc <osEE_scheduler_task_wrapper_run+0x32>
     df6:	17 86       	std	Z+15, r1	; 0x0f
     df8:	85 85       	ldd	r24, Z+13	; 0x0d
     dfa:	8f bf       	out	0x3f, r24	; 63
     dfc:	81 89       	ldd	r24, Z+17	; 0x11
     dfe:	88 23       	and	r24, r24
     e00:	11 f0       	breq	.+4      	; 0xe06 <osEE_scheduler_task_wrapper_run+0x3c>
     e02:	11 8a       	std	Z+17, r1	; 0x11
     e04:	78 94       	sei
     e06:	8f b7       	in	r24, 0x3f	; 63
     e08:	f8 94       	cli
     e0a:	8f 81       	ldd	r24, Y+7	; 0x07
     e0c:	98 85       	ldd	r25, Y+8	; 0x08
     e0e:	ec 81       	ldd	r30, Y+4	; 0x04
     e10:	fd 81       	ldd	r31, Y+5	; 0x05
     e12:	02 97       	sbiw	r24, 0x02	; 2
     e14:	09 f5       	brne	.+66     	; 0xe58 <osEE_scheduler_task_wrapper_run+0x8e>
     e16:	a4 81       	ldd	r26, Z+4	; 0x04
     e18:	b5 81       	ldd	r27, Z+5	; 0x05
     e1a:	10 97       	sbiw	r26, 0x00	; 0
     e1c:	31 f4       	brne	.+12     	; 0xe2a <osEE_scheduler_task_wrapper_run+0x60>
     e1e:	63 ee       	ldi	r22, 0xE3	; 227
     e20:	79 e0       	ldi	r23, 0x09	; 9
     e22:	8a 81       	ldd	r24, Y+2	; 0x02
     e24:	9b 81       	ldd	r25, Y+3	; 0x03
     e26:	0e 94 c8 00 	call	0x190	; 0x190 <osEE_hal_terminate_ctx>
     e2a:	0d 90       	ld	r0, X+
     e2c:	bc 91       	ld	r27, X
     e2e:	a0 2d       	mov	r26, r0
     e30:	14 96       	adiw	r26, 0x04	; 4
     e32:	1c 92       	st	X, r1
     e34:	1e 92       	st	-X, r1
     e36:	13 97       	sbiw	r26, 0x03	; 3
     e38:	8d 91       	ld	r24, X+
     e3a:	9c 91       	ld	r25, X
     e3c:	95 83       	std	Z+5, r25	; 0x05
     e3e:	84 83       	std	Z+4, r24	; 0x04
     e40:	ea cf       	rjmp	.-44     	; 0xe16 <osEE_scheduler_task_wrapper_run+0x4c>
     e42:	0d 90       	ld	r0, X+
     e44:	bc 91       	ld	r27, X
     e46:	a0 2d       	mov	r26, r0
     e48:	14 96       	adiw	r26, 0x04	; 4
     e4a:	1c 92       	st	X, r1
     e4c:	1e 92       	st	-X, r1
     e4e:	13 97       	sbiw	r26, 0x03	; 3
     e50:	8d 91       	ld	r24, X+
     e52:	9c 91       	ld	r25, X
     e54:	95 83       	std	Z+5, r25	; 0x05
     e56:	84 83       	std	Z+4, r24	; 0x04
     e58:	a4 81       	ldd	r26, Z+4	; 0x04
     e5a:	b5 81       	ldd	r27, Z+5	; 0x05
     e5c:	10 97       	sbiw	r26, 0x00	; 0
     e5e:	89 f7       	brne	.-30     	; 0xe42 <osEE_scheduler_task_wrapper_run+0x78>
     e60:	de cf       	rjmp	.-68     	; 0xe1e <osEE_scheduler_task_wrapper_run+0x54>

00000e62 <osEE_idle_hook_wrapper>:
     e62:	e0 91 f1 02 	lds	r30, 0x02F1	; 0x8002f1 <osEE_cdb_var>
     e66:	f0 91 f2 02 	lds	r31, 0x02F2	; 0x8002f2 <osEE_cdb_var+0x1>
     e6a:	80 85       	ldd	r24, Z+8	; 0x08
     e6c:	91 85       	ldd	r25, Z+9	; 0x09
     e6e:	02 97       	sbiw	r24, 0x02	; 2
     e70:	e1 f3       	breq	.-8      	; 0xe6a <osEE_idle_hook_wrapper+0x8>
     e72:	80 91 f3 02 	lds	r24, 0x02F3	; 0x8002f3 <osEE_cdb_var+0x2>
     e76:	90 91 f4 02 	lds	r25, 0x02F4	; 0x8002f4 <osEE_cdb_var+0x3>
     e7a:	0c 94 c8 09 	jmp	0x1390	; 0x1390 <osEE_idle_task_terminate>

00000e7e <osEE_scheduler_core_rq_preempt_stk>:
     e7e:	0f 93       	push	r16
     e80:	1f 93       	push	r17
     e82:	cf 93       	push	r28
     e84:	df 93       	push	r29
     e86:	ec 01       	movw	r28, r24
     e88:	a8 81       	ld	r26, Y
     e8a:	b9 81       	ldd	r27, Y+1	; 0x01
     e8c:	eb 01       	movw	r28, r22
     e8e:	e8 81       	ld	r30, Y
     e90:	f9 81       	ldd	r31, Y+1	; 0x01
     e92:	16 96       	adiw	r26, 0x06	; 6
     e94:	cd 91       	ld	r28, X+
     e96:	dc 91       	ld	r29, X
     e98:	17 97       	sbiw	r26, 0x07	; 7
     e9a:	20 97       	sbiw	r28, 0x00	; 0
     e9c:	c1 f1       	breq	.+112    	; 0xf0e <osEE_scheduler_core_rq_preempt_stk+0x90>
     e9e:	8a 81       	ldd	r24, Y+2	; 0x02
     ea0:	9b 81       	ldd	r25, Y+3	; 0x03
     ea2:	30 97       	sbiw	r30, 0x00	; 0
     ea4:	09 f4       	brne	.+2      	; 0xea8 <osEE_scheduler_core_rq_preempt_stk+0x2a>
     ea6:	3f c0       	rjmp	.+126    	; 0xf26 <osEE_scheduler_core_rq_preempt_stk+0xa8>
     ea8:	ec 01       	movw	r28, r24
     eaa:	0c 81       	ldd	r16, Y+4	; 0x04
     eac:	1d 81       	ldd	r17, Y+5	; 0x05
     eae:	22 81       	ldd	r18, Z+2	; 0x02
     eb0:	33 81       	ldd	r19, Z+3	; 0x03
     eb2:	e9 01       	movw	r28, r18
     eb4:	4c 81       	ldd	r20, Y+4	; 0x04
     eb6:	5d 81       	ldd	r21, Y+5	; 0x05
     eb8:	e8 01       	movw	r28, r16
     eba:	39 81       	ldd	r19, Y+1	; 0x01
     ebc:	ea 01       	movw	r28, r20
     ebe:	29 81       	ldd	r18, Y+1	; 0x01
     ec0:	32 17       	cp	r19, r18
     ec2:	88 f5       	brcc	.+98     	; 0xf26 <osEE_scheduler_core_rq_preempt_stk+0xa8>
     ec4:	22 e0       	ldi	r18, 0x02	; 2
     ec6:	30 e0       	ldi	r19, 0x00	; 0
     ec8:	e8 01       	movw	r28, r16
     eca:	3b 83       	std	Y+3, r19	; 0x03
     ecc:	2a 83       	std	Y+2, r18	; 0x02
     ece:	20 81       	ld	r18, Z
     ed0:	31 81       	ldd	r19, Z+1	; 0x01
     ed2:	eb 01       	movw	r28, r22
     ed4:	39 83       	std	Y+1, r19	; 0x01
     ed6:	28 83       	st	Y, r18
     ed8:	c2 81       	ldd	r28, Z+2	; 0x02
     eda:	d3 81       	ldd	r29, Z+3	; 0x03
     edc:	2c 81       	ldd	r18, Y+4	; 0x04
     ede:	3d 81       	ldd	r19, Y+5	; 0x05
     ee0:	16 96       	adiw	r26, 0x06	; 6
     ee2:	4d 91       	ld	r20, X+
     ee4:	5c 91       	ld	r21, X
     ee6:	17 97       	sbiw	r26, 0x07	; 7
     ee8:	51 83       	std	Z+1, r21	; 0x01
     eea:	40 83       	st	Z, r20
     eec:	17 96       	adiw	r26, 0x07	; 7
     eee:	fc 93       	st	X, r31
     ef0:	ee 93       	st	-X, r30
     ef2:	16 97       	sbiw	r26, 0x06	; 6
     ef4:	cd 93       	st	X+, r28
     ef6:	dc 93       	st	X, r29
     ef8:	4c 85       	ldd	r20, Y+12	; 0x0c
     efa:	f9 01       	movw	r30, r18
     efc:	51 81       	ldd	r21, Z+1	; 0x01
     efe:	54 17       	cp	r21, r20
     f00:	08 f4       	brcc	.+2      	; 0xf04 <osEE_scheduler_core_rq_preempt_stk+0x86>
     f02:	41 83       	std	Z+1, r20	; 0x01
     f04:	df 91       	pop	r29
     f06:	cf 91       	pop	r28
     f08:	1f 91       	pop	r17
     f0a:	0f 91       	pop	r16
     f0c:	08 95       	ret
     f0e:	30 97       	sbiw	r30, 0x00	; 0
     f10:	51 f0       	breq	.+20     	; 0xf26 <osEE_scheduler_core_rq_preempt_stk+0xa8>
     f12:	ec 01       	movw	r28, r24
     f14:	8a 81       	ldd	r24, Y+2	; 0x02
     f16:	9b 81       	ldd	r25, Y+3	; 0x03
     f18:	ec 01       	movw	r28, r24
     f1a:	4c 81       	ldd	r20, Y+4	; 0x04
     f1c:	5d 81       	ldd	r21, Y+5	; 0x05
     f1e:	22 e0       	ldi	r18, 0x02	; 2
     f20:	30 e0       	ldi	r19, 0x00	; 0
     f22:	ea 01       	movw	r28, r20
     f24:	d2 cf       	rjmp	.-92     	; 0xeca <osEE_scheduler_core_rq_preempt_stk+0x4c>
     f26:	90 e0       	ldi	r25, 0x00	; 0
     f28:	80 e0       	ldi	r24, 0x00	; 0
     f2a:	ec cf       	rjmp	.-40     	; 0xf04 <osEE_scheduler_core_rq_preempt_stk+0x86>

00000f2c <osEE_sn_priority_insert>:
     f2c:	cf 93       	push	r28
     f2e:	df 93       	push	r29
     f30:	db 01       	movw	r26, r22
     f32:	12 96       	adiw	r26, 0x02	; 2
     f34:	ed 91       	ld	r30, X+
     f36:	fc 91       	ld	r31, X
     f38:	41 15       	cp	r20, r1
     f3a:	51 05       	cpc	r21, r1
     f3c:	a1 f0       	breq	.+40     	; 0xf66 <osEE_sn_priority_insert+0x3a>
     f3e:	23 85       	ldd	r18, Z+11	; 0x0b
     f40:	dc 01       	movw	r26, r24
     f42:	ed 91       	ld	r30, X+
     f44:	fc 91       	ld	r31, X
     f46:	b0 e0       	ldi	r27, 0x00	; 0
     f48:	a0 e0       	ldi	r26, 0x00	; 0
     f4a:	30 97       	sbiw	r30, 0x00	; 0
     f4c:	89 f4       	brne	.+34     	; 0xf70 <osEE_sn_priority_insert+0x44>
     f4e:	10 97       	sbiw	r26, 0x00	; 0
     f50:	09 f1       	breq	.+66     	; 0xf94 <osEE_sn_priority_insert+0x68>
     f52:	6d 93       	st	X+, r22
     f54:	7c 93       	st	X, r23
     f56:	90 e0       	ldi	r25, 0x00	; 0
     f58:	80 e0       	ldi	r24, 0x00	; 0
     f5a:	db 01       	movw	r26, r22
     f5c:	ed 93       	st	X+, r30
     f5e:	fc 93       	st	X, r31
     f60:	df 91       	pop	r29
     f62:	cf 91       	pop	r28
     f64:	08 95       	ret
     f66:	04 80       	ldd	r0, Z+4	; 0x04
     f68:	f5 81       	ldd	r31, Z+5	; 0x05
     f6a:	e0 2d       	mov	r30, r0
     f6c:	21 81       	ldd	r18, Z+1	; 0x01
     f6e:	e8 cf       	rjmp	.-48     	; 0xf40 <osEE_sn_priority_insert+0x14>
     f70:	c2 81       	ldd	r28, Z+2	; 0x02
     f72:	d3 81       	ldd	r29, Z+3	; 0x03
     f74:	41 15       	cp	r20, r1
     f76:	51 05       	cpc	r21, r1
     f78:	41 f0       	breq	.+16     	; 0xf8a <osEE_sn_priority_insert+0x5e>
     f7a:	3b 85       	ldd	r19, Y+11	; 0x0b
     f7c:	32 17       	cp	r19, r18
     f7e:	38 f3       	brcs	.-50     	; 0xf4e <osEE_sn_priority_insert+0x22>
     f80:	df 01       	movw	r26, r30
     f82:	01 90       	ld	r0, Z+
     f84:	f0 81       	ld	r31, Z
     f86:	e0 2d       	mov	r30, r0
     f88:	e0 cf       	rjmp	.-64     	; 0xf4a <osEE_sn_priority_insert+0x1e>
     f8a:	0c 80       	ldd	r0, Y+4	; 0x04
     f8c:	dd 81       	ldd	r29, Y+5	; 0x05
     f8e:	c0 2d       	mov	r28, r0
     f90:	39 81       	ldd	r19, Y+1	; 0x01
     f92:	f4 cf       	rjmp	.-24     	; 0xf7c <osEE_sn_priority_insert+0x50>
     f94:	dc 01       	movw	r26, r24
     f96:	6d 93       	st	X+, r22
     f98:	7c 93       	st	X, r23
     f9a:	81 e0       	ldi	r24, 0x01	; 1
     f9c:	90 e0       	ldi	r25, 0x00	; 0
     f9e:	dd cf       	rjmp	.-70     	; 0xf5a <osEE_sn_priority_insert+0x2e>

00000fa0 <osEE_scheduler_rq_insert>:
     fa0:	fb 01       	movw	r30, r22
     fa2:	53 83       	std	Z+3, r21	; 0x03
     fa4:	42 83       	std	Z+2, r20	; 0x02
     fa6:	41 e0       	ldi	r20, 0x01	; 1
     fa8:	50 e0       	ldi	r21, 0x00	; 0
     faa:	0c 94 96 07 	jmp	0xf2c	; 0xf2c <osEE_sn_priority_insert>

00000fae <osEE_scheduler_core_pop_running>:
     fae:	ef 92       	push	r14
     fb0:	ff 92       	push	r15
     fb2:	0f 93       	push	r16
     fb4:	1f 93       	push	r17
     fb6:	cf 93       	push	r28
     fb8:	df 93       	push	r29
     fba:	8c 01       	movw	r16, r24
     fbc:	fc 01       	movw	r30, r24
     fbe:	c0 81       	ld	r28, Z
     fc0:	d1 81       	ldd	r29, Z+1	; 0x01
     fc2:	ee 80       	ldd	r14, Y+6	; 0x06
     fc4:	ff 80       	ldd	r15, Y+7	; 0x07
     fc6:	f7 01       	movw	r30, r14
     fc8:	80 81       	ld	r24, Z
     fca:	91 81       	ldd	r25, Z+1	; 0x01
     fcc:	9f 83       	std	Y+7, r25	; 0x07
     fce:	8e 83       	std	Y+6, r24	; 0x06
     fd0:	c8 01       	movw	r24, r16
     fd2:	0e 94 3f 07 	call	0xe7e	; 0xe7e <osEE_scheduler_core_rq_preempt_stk>
     fd6:	89 2b       	or	r24, r25
     fd8:	41 f4       	brne	.+16     	; 0xfea <osEE_scheduler_core_pop_running+0x3c>
     fda:	ee 81       	ldd	r30, Y+6	; 0x06
     fdc:	ff 81       	ldd	r31, Y+7	; 0x07
     fde:	30 97       	sbiw	r30, 0x00	; 0
     fe0:	61 f0       	breq	.+24     	; 0xffa <osEE_scheduler_core_pop_running+0x4c>
     fe2:	82 81       	ldd	r24, Z+2	; 0x02
     fe4:	93 81       	ldd	r25, Z+3	; 0x03
     fe6:	99 83       	std	Y+1, r25	; 0x01
     fe8:	88 83       	st	Y, r24
     fea:	c7 01       	movw	r24, r14
     fec:	df 91       	pop	r29
     fee:	cf 91       	pop	r28
     ff0:	1f 91       	pop	r17
     ff2:	0f 91       	pop	r16
     ff4:	ff 90       	pop	r15
     ff6:	ef 90       	pop	r14
     ff8:	08 95       	ret
     ffa:	f8 01       	movw	r30, r16
     ffc:	f2 cf       	rjmp	.-28     	; 0xfe2 <osEE_scheduler_core_pop_running+0x34>

00000ffe <osEE_task_activated>:
     ffe:	dc 01       	movw	r26, r24
    1000:	14 96       	adiw	r26, 0x04	; 4
    1002:	ed 91       	ld	r30, X+
    1004:	fc 91       	ld	r31, X
    1006:	15 97       	sbiw	r26, 0x05	; 5
    1008:	90 81       	ld	r25, Z
    100a:	1d 96       	adiw	r26, 0x0d	; 13
    100c:	8c 91       	ld	r24, X
    100e:	98 17       	cp	r25, r24
    1010:	28 f4       	brcc	.+10     	; 0x101c <osEE_task_activated+0x1e>
    1012:	9f 5f       	subi	r25, 0xFF	; 255
    1014:	90 83       	st	Z, r25
    1016:	90 e0       	ldi	r25, 0x00	; 0
    1018:	80 e0       	ldi	r24, 0x00	; 0
    101a:	08 95       	ret
    101c:	84 e0       	ldi	r24, 0x04	; 4
    101e:	90 e0       	ldi	r25, 0x00	; 0
    1020:	08 95       	ret

00001022 <osEE_task_end>:
    1022:	dc 01       	movw	r26, r24
    1024:	14 96       	adiw	r26, 0x04	; 4
    1026:	ed 91       	ld	r30, X+
    1028:	fc 91       	ld	r31, X
    102a:	15 97       	sbiw	r26, 0x05	; 5
    102c:	1b 96       	adiw	r26, 0x0b	; 11
    102e:	8c 91       	ld	r24, X
    1030:	81 83       	std	Z+1, r24	; 0x01
    1032:	80 81       	ld	r24, Z
    1034:	81 50       	subi	r24, 0x01	; 1
    1036:	80 83       	st	Z, r24
    1038:	81 11       	cpse	r24, r1
    103a:	03 c0       	rjmp	.+6      	; 0x1042 <osEE_task_end+0x20>
    103c:	13 82       	std	Z+3, r1	; 0x03
    103e:	12 82       	std	Z+2, r1	; 0x02
    1040:	08 95       	ret
    1042:	81 e0       	ldi	r24, 0x01	; 1
    1044:	90 e0       	ldi	r25, 0x00	; 0
    1046:	93 83       	std	Z+3, r25	; 0x03
    1048:	82 83       	std	Z+2, r24	; 0x02
    104a:	08 95       	ret

0000104c <osEE_task_event_set_mask>:
    104c:	dc 01       	movw	r26, r24
    104e:	14 96       	adiw	r26, 0x04	; 4
    1050:	ed 91       	ld	r30, X+
    1052:	fc 91       	ld	r31, X
    1054:	80 85       	ldd	r24, Z+8	; 0x08
    1056:	91 85       	ldd	r25, Z+9	; 0x09
    1058:	86 2b       	or	r24, r22
    105a:	97 2b       	or	r25, r23
    105c:	91 87       	std	Z+9, r25	; 0x09
    105e:	80 87       	std	Z+8, r24	; 0x08
    1060:	da 01       	movw	r26, r20
    1062:	1d 92       	st	X+, r1
    1064:	1c 92       	st	X, r1
    1066:	86 81       	ldd	r24, Z+6	; 0x06
    1068:	97 81       	ldd	r25, Z+7	; 0x07
    106a:	68 23       	and	r22, r24
    106c:	79 23       	and	r23, r25
    106e:	67 2b       	or	r22, r23
    1070:	39 f0       	breq	.+14     	; 0x1080 <osEE_task_event_set_mask+0x34>
    1072:	82 85       	ldd	r24, Z+10	; 0x0a
    1074:	93 85       	ldd	r25, Z+11	; 0x0b
    1076:	00 97       	sbiw	r24, 0x00	; 0
    1078:	29 f0       	breq	.+10     	; 0x1084 <osEE_task_event_set_mask+0x38>
    107a:	13 86       	std	Z+11, r1	; 0x0b
    107c:	12 86       	std	Z+10, r1	; 0x0a
    107e:	08 95       	ret
    1080:	90 e0       	ldi	r25, 0x00	; 0
    1082:	80 e0       	ldi	r24, 0x00	; 0
    1084:	08 95       	ret

00001086 <osEE_activate_isr2>:
    1086:	e0 91 e9 02 	lds	r30, 0x02E9	; 0x8002e9 <osEE_kdb_var+0x2>
    108a:	f0 91 ea 02 	lds	r31, 0x02EA	; 0x8002ea <osEE_kdb_var+0x3>
    108e:	90 e0       	ldi	r25, 0x00	; 0
    1090:	88 0f       	add	r24, r24
    1092:	99 1f       	adc	r25, r25
    1094:	e8 0f       	add	r30, r24
    1096:	f9 1f       	adc	r31, r25
    1098:	60 81       	ld	r22, Z
    109a:	71 81       	ldd	r23, Z+1	; 0x01
    109c:	db 01       	movw	r26, r22
    109e:	14 96       	adiw	r26, 0x04	; 4
    10a0:	ed 91       	ld	r30, X+
    10a2:	fc 91       	ld	r31, X
    10a4:	80 81       	ld	r24, Z
    10a6:	8f 5f       	subi	r24, 0xFF	; 255
    10a8:	80 83       	st	Z, r24
    10aa:	50 e0       	ldi	r21, 0x00	; 0
    10ac:	40 e0       	ldi	r20, 0x00	; 0
    10ae:	87 ee       	ldi	r24, 0xE7	; 231
    10b0:	92 e0       	ldi	r25, 0x02	; 2
    10b2:	0c 94 6a 09 	jmp	0x12d4	; 0x12d4 <osEE_scheduler_task_set_running>

000010b6 <osEE_scheduler_task_activated>:
    10b6:	ef 92       	push	r14
    10b8:	ff 92       	push	r15
    10ba:	0f 93       	push	r16
    10bc:	1f 93       	push	r17
    10be:	cf 93       	push	r28
    10c0:	df 93       	push	r29
    10c2:	db 01       	movw	r26, r22
    10c4:	14 96       	adiw	r26, 0x04	; 4
    10c6:	ed 90       	ld	r14, X+
    10c8:	fc 90       	ld	r15, X
    10ca:	e0 91 f1 02 	lds	r30, 0x02F1	; 0x8002f1 <osEE_cdb_var>
    10ce:	f0 91 f2 02 	lds	r31, 0x02F2	; 0x8002f2 <osEE_cdb_var+0x1>
    10d2:	80 81       	ld	r24, Z
    10d4:	91 81       	ldd	r25, Z+1	; 0x01
    10d6:	ec 01       	movw	r28, r24
    10d8:	4c 81       	ldd	r20, Y+4	; 0x04
    10da:	5d 81       	ldd	r21, Y+5	; 0x05
    10dc:	a4 81       	ldd	r26, Z+4	; 0x04
    10de:	b5 81       	ldd	r27, Z+5	; 0x05
    10e0:	2d 91       	ld	r18, X+
    10e2:	3c 91       	ld	r19, X
    10e4:	11 97       	sbiw	r26, 0x01	; 1
    10e6:	ea 01       	movw	r28, r20
    10e8:	09 81       	ldd	r16, Y+1	; 0x01
    10ea:	e7 01       	movw	r28, r14
    10ec:	19 81       	ldd	r17, Y+1	; 0x01
    10ee:	01 17       	cp	r16, r17
    10f0:	10 f5       	brcc	.+68     	; 0x1136 <osEE_scheduler_task_activated+0x80>
    10f2:	35 83       	std	Z+5, r19	; 0x05
    10f4:	24 83       	std	Z+4, r18	; 0x04
    10f6:	22 e0       	ldi	r18, 0x02	; 2
    10f8:	30 e0       	ldi	r19, 0x00	; 0
    10fa:	ea 01       	movw	r28, r20
    10fc:	3b 83       	std	Y+3, r19	; 0x03
    10fe:	2a 83       	std	Y+2, r18	; 0x02
    1100:	13 96       	adiw	r26, 0x03	; 3
    1102:	7c 93       	st	X, r23
    1104:	6e 93       	st	-X, r22
    1106:	12 97       	sbiw	r26, 0x02	; 2
    1108:	26 81       	ldd	r18, Z+6	; 0x06
    110a:	37 81       	ldd	r19, Z+7	; 0x07
    110c:	11 96       	adiw	r26, 0x01	; 1
    110e:	3c 93       	st	X, r19
    1110:	2e 93       	st	-X, r18
    1112:	b7 83       	std	Z+7, r27	; 0x07
    1114:	a6 83       	std	Z+6, r26	; 0x06
    1116:	71 83       	std	Z+1, r23	; 0x01
    1118:	60 83       	st	Z, r22
    111a:	f7 01       	movw	r30, r14
    111c:	11 86       	std	Z+9, r1	; 0x09
    111e:	10 86       	std	Z+8, r1	; 0x08
    1120:	0e 94 a2 09 	call	0x1344	; 0x1344 <osEE_change_context_from_running>
    1124:	81 e0       	ldi	r24, 0x01	; 1
    1126:	90 e0       	ldi	r25, 0x00	; 0
    1128:	df 91       	pop	r29
    112a:	cf 91       	pop	r28
    112c:	1f 91       	pop	r17
    112e:	0f 91       	pop	r16
    1130:	ff 90       	pop	r15
    1132:	ef 90       	pop	r14
    1134:	08 95       	ret
    1136:	8a 81       	ldd	r24, Y+2	; 0x02
    1138:	9b 81       	ldd	r25, Y+3	; 0x03
    113a:	89 2b       	or	r24, r25
    113c:	31 f4       	brne	.+12     	; 0x114a <osEE_scheduler_task_activated+0x94>
    113e:	81 e0       	ldi	r24, 0x01	; 1
    1140:	90 e0       	ldi	r25, 0x00	; 0
    1142:	9b 83       	std	Y+3, r25	; 0x03
    1144:	8a 83       	std	Y+2, r24	; 0x02
    1146:	19 86       	std	Y+9, r1	; 0x09
    1148:	18 86       	std	Y+8, r1	; 0x08
    114a:	35 83       	std	Z+5, r19	; 0x05
    114c:	24 83       	std	Z+4, r18	; 0x04
    114e:	11 96       	adiw	r26, 0x01	; 1
    1150:	1c 92       	st	X, r1
    1152:	1e 92       	st	-X, r1
    1154:	ab 01       	movw	r20, r22
    1156:	bd 01       	movw	r22, r26
    1158:	cf 01       	movw	r24, r30
    115a:	02 96       	adiw	r24, 0x02	; 2
    115c:	0e 94 d0 07 	call	0xfa0	; 0xfa0 <osEE_scheduler_rq_insert>
    1160:	90 e0       	ldi	r25, 0x00	; 0
    1162:	80 e0       	ldi	r24, 0x00	; 0
    1164:	e1 cf       	rjmp	.-62     	; 0x1128 <osEE_scheduler_task_activated+0x72>

00001166 <osEE_scheduler_task_unblocked>:
    1166:	0f 93       	push	r16
    1168:	1f 93       	push	r17
    116a:	cf 93       	push	r28
    116c:	df 93       	push	r29
    116e:	db 01       	movw	r26, r22
    1170:	12 96       	adiw	r26, 0x02	; 2
    1172:	4d 91       	ld	r20, X+
    1174:	5c 91       	ld	r21, X
    1176:	fa 01       	movw	r30, r20
    1178:	c4 81       	ldd	r28, Z+4	; 0x04
    117a:	d5 81       	ldd	r29, Z+5	; 0x05
    117c:	00 91 f1 02 	lds	r16, 0x02F1	; 0x8002f1 <osEE_cdb_var>
    1180:	10 91 f2 02 	lds	r17, 0x02F2	; 0x8002f2 <osEE_cdb_var+0x1>
    1184:	82 e0       	ldi	r24, 0x02	; 2
    1186:	90 e0       	ldi	r25, 0x00	; 0
    1188:	9b 83       	std	Y+3, r25	; 0x03
    118a:	8a 83       	std	Y+2, r24	; 0x02
    118c:	83 85       	ldd	r24, Z+11	; 0x0b
    118e:	89 83       	std	Y+1, r24	; 0x01
    1190:	c8 01       	movw	r24, r16
    1192:	02 96       	adiw	r24, 0x02	; 2
    1194:	0e 94 d0 07 	call	0xfa0	; 0xfa0 <osEE_scheduler_rq_insert>
    1198:	01 97       	sbiw	r24, 0x01	; 1
    119a:	91 f4       	brne	.+36     	; 0x11c0 <osEE_scheduler_task_unblocked+0x5a>
    119c:	d8 01       	movw	r26, r16
    119e:	ed 91       	ld	r30, X+
    11a0:	fc 91       	ld	r31, X
    11a2:	04 80       	ldd	r0, Z+4	; 0x04
    11a4:	f5 81       	ldd	r31, Z+5	; 0x05
    11a6:	e0 2d       	mov	r30, r0
    11a8:	81 e0       	ldi	r24, 0x01	; 1
    11aa:	90 e0       	ldi	r25, 0x00	; 0
    11ac:	39 81       	ldd	r19, Y+1	; 0x01
    11ae:	21 81       	ldd	r18, Z+1	; 0x01
    11b0:	23 17       	cp	r18, r19
    11b2:	08 f0       	brcs	.+2      	; 0x11b6 <osEE_scheduler_task_unblocked+0x50>
    11b4:	80 e0       	ldi	r24, 0x00	; 0
    11b6:	df 91       	pop	r29
    11b8:	cf 91       	pop	r28
    11ba:	1f 91       	pop	r17
    11bc:	0f 91       	pop	r16
    11be:	08 95       	ret
    11c0:	80 e0       	ldi	r24, 0x00	; 0
    11c2:	90 e0       	ldi	r25, 0x00	; 0
    11c4:	f8 cf       	rjmp	.-16     	; 0x11b6 <osEE_scheduler_task_unblocked+0x50>

000011c6 <osEE_scheduler_task_terminated>:
    11c6:	af 92       	push	r10
    11c8:	bf 92       	push	r11
    11ca:	cf 92       	push	r12
    11cc:	df 92       	push	r13
    11ce:	ef 92       	push	r14
    11d0:	ff 92       	push	r15
    11d2:	0f 93       	push	r16
    11d4:	1f 93       	push	r17
    11d6:	cf 93       	push	r28
    11d8:	df 93       	push	r29
    11da:	c0 91 f1 02 	lds	r28, 0x02F1	; 0x8002f1 <osEE_cdb_var>
    11de:	d0 91 f2 02 	lds	r29, 0x02F2	; 0x8002f2 <osEE_cdb_var+0x1>
    11e2:	fe 01       	movw	r30, r28
    11e4:	e1 90       	ld	r14, Z+
    11e6:	f1 90       	ld	r15, Z+
    11e8:	6f 01       	movw	r12, r30
    11ea:	f7 01       	movw	r30, r14
    11ec:	04 81       	ldd	r16, Z+4	; 0x04
    11ee:	15 81       	ldd	r17, Z+5	; 0x05
    11f0:	fb 01       	movw	r30, r22
    11f2:	f1 82       	std	Z+1, r15	; 0x01
    11f4:	e0 82       	st	Z, r14
    11f6:	f8 01       	movw	r30, r16
    11f8:	82 81       	ldd	r24, Z+2	; 0x02
    11fa:	93 81       	ldd	r25, Z+3	; 0x03
    11fc:	04 97       	sbiw	r24, 0x04	; 4
    11fe:	31 f5       	brne	.+76     	; 0x124c <osEE_scheduler_task_terminated+0x86>
    1200:	b6 01       	movw	r22, r12
    1202:	81 ef       	ldi	r24, 0xF1	; 241
    1204:	92 e0       	ldi	r25, 0x02	; 2
    1206:	0e 94 d7 07 	call	0xfae	; 0xfae <osEE_scheduler_core_pop_running>
    120a:	5c 01       	movw	r10, r24
    120c:	c8 80       	ld	r12, Y
    120e:	d9 80       	ldd	r13, Y+1	; 0x01
    1210:	ec 14       	cp	r14, r12
    1212:	fd 04       	cpc	r15, r13
    1214:	b1 f0       	breq	.+44     	; 0x1242 <osEE_scheduler_task_terminated+0x7c>
    1216:	c7 01       	movw	r24, r14
    1218:	0e 94 11 08 	call	0x1022	; 0x1022 <osEE_task_end>
    121c:	8c 81       	ldd	r24, Y+4	; 0x04
    121e:	9d 81       	ldd	r25, Y+5	; 0x05
    1220:	f5 01       	movw	r30, r10
    1222:	91 83       	std	Z+1, r25	; 0x01
    1224:	80 83       	st	Z, r24
    1226:	bd 82       	std	Y+5, r11	; 0x05
    1228:	ac 82       	std	Y+4, r10	; 0x04
    122a:	c6 01       	movw	r24, r12
    122c:	df 91       	pop	r29
    122e:	cf 91       	pop	r28
    1230:	1f 91       	pop	r17
    1232:	0f 91       	pop	r16
    1234:	ff 90       	pop	r15
    1236:	ef 90       	pop	r14
    1238:	df 90       	pop	r13
    123a:	cf 90       	pop	r12
    123c:	bf 90       	pop	r11
    123e:	af 90       	pop	r10
    1240:	08 95       	ret
    1242:	f8 01       	movw	r30, r16
    1244:	80 81       	ld	r24, Z
    1246:	81 50       	subi	r24, 0x01	; 1
    1248:	80 83       	st	Z, r24
    124a:	e8 cf       	rjmp	.-48     	; 0x121c <osEE_scheduler_task_terminated+0x56>
    124c:	6e 81       	ldd	r22, Y+6	; 0x06
    124e:	7f 81       	ldd	r23, Y+7	; 0x07
    1250:	fb 01       	movw	r30, r22
    1252:	80 81       	ld	r24, Z
    1254:	91 81       	ldd	r25, Z+1	; 0x01
    1256:	9f 83       	std	Y+7, r25	; 0x07
    1258:	8e 83       	std	Y+6, r24	; 0x06
    125a:	f7 01       	movw	r30, r14
    125c:	83 85       	ldd	r24, Z+11	; 0x0b
    125e:	f8 01       	movw	r30, r16
    1260:	81 83       	std	Z+1, r24	; 0x01
    1262:	81 e0       	ldi	r24, 0x01	; 1
    1264:	90 e0       	ldi	r25, 0x00	; 0
    1266:	93 83       	std	Z+3, r25	; 0x03
    1268:	82 83       	std	Z+2, r24	; 0x02
    126a:	80 81       	ld	r24, Z
    126c:	81 30       	cpi	r24, 0x01	; 1
    126e:	11 f4       	brne	.+4      	; 0x1274 <osEE_scheduler_task_terminated+0xae>
    1270:	11 86       	std	Z+9, r1	; 0x09
    1272:	10 86       	std	Z+8, r1	; 0x08
    1274:	a7 01       	movw	r20, r14
    1276:	c6 01       	movw	r24, r12
    1278:	0e 94 d0 07 	call	0xfa0	; 0xfa0 <osEE_scheduler_rq_insert>
    127c:	b6 01       	movw	r22, r12
    127e:	81 ef       	ldi	r24, 0xF1	; 241
    1280:	92 e0       	ldi	r25, 0x02	; 2
    1282:	0e 94 3f 07 	call	0xe7e	; 0xe7e <osEE_scheduler_core_rq_preempt_stk>
    1286:	89 2b       	or	r24, r25
    1288:	39 f4       	brne	.+14     	; 0x1298 <osEE_scheduler_task_terminated+0xd2>
    128a:	ee 81       	ldd	r30, Y+6	; 0x06
    128c:	ff 81       	ldd	r31, Y+7	; 0x07
    128e:	c2 80       	ldd	r12, Z+2	; 0x02
    1290:	d3 80       	ldd	r13, Z+3	; 0x03
    1292:	d9 82       	std	Y+1, r13	; 0x01
    1294:	c8 82       	st	Y, r12
    1296:	c9 cf       	rjmp	.-110    	; 0x122a <osEE_scheduler_task_terminated+0x64>
    1298:	c8 80       	ld	r12, Y
    129a:	d9 80       	ldd	r13, Y+1	; 0x01
    129c:	c6 cf       	rjmp	.-116    	; 0x122a <osEE_scheduler_task_terminated+0x64>

0000129e <osEE_scheduler_task_preemption_point>:
    129e:	cf 93       	push	r28
    12a0:	df 93       	push	r29
    12a2:	c0 91 f1 02 	lds	r28, 0x02F1	; 0x8002f1 <osEE_cdb_var>
    12a6:	d0 91 f2 02 	lds	r29, 0x02F2	; 0x8002f2 <osEE_cdb_var+0x1>
    12aa:	be 01       	movw	r22, r28
    12ac:	6e 5f       	subi	r22, 0xFE	; 254
    12ae:	7f 4f       	sbci	r23, 0xFF	; 255
    12b0:	81 ef       	ldi	r24, 0xF1	; 241
    12b2:	92 e0       	ldi	r25, 0x02	; 2
    12b4:	0e 94 3f 07 	call	0xe7e	; 0xe7e <osEE_scheduler_core_rq_preempt_stk>
    12b8:	00 97       	sbiw	r24, 0x00	; 0
    12ba:	49 f0       	breq	.+18     	; 0x12ce <osEE_scheduler_task_preemption_point+0x30>
    12bc:	68 81       	ld	r22, Y
    12be:	79 81       	ldd	r23, Y+1	; 0x01
    12c0:	0e 94 a2 09 	call	0x1344	; 0x1344 <osEE_change_context_from_running>
    12c4:	81 e0       	ldi	r24, 0x01	; 1
    12c6:	90 e0       	ldi	r25, 0x00	; 0
    12c8:	df 91       	pop	r29
    12ca:	cf 91       	pop	r28
    12cc:	08 95       	ret
    12ce:	90 e0       	ldi	r25, 0x00	; 0
    12d0:	80 e0       	ldi	r24, 0x00	; 0
    12d2:	fa cf       	rjmp	.-12     	; 0x12c8 <osEE_scheduler_task_preemption_point+0x2a>

000012d4 <osEE_scheduler_task_set_running>:
    12d4:	cf 93       	push	r28
    12d6:	df 93       	push	r29
    12d8:	e0 91 f1 02 	lds	r30, 0x02F1	; 0x8002f1 <osEE_cdb_var>
    12dc:	f0 91 f2 02 	lds	r31, 0x02F2	; 0x8002f2 <osEE_cdb_var+0x1>
    12e0:	80 81       	ld	r24, Z
    12e2:	91 81       	ldd	r25, Z+1	; 0x01
    12e4:	26 81       	ldd	r18, Z+6	; 0x06
    12e6:	37 81       	ldd	r19, Z+7	; 0x07
    12e8:	ec 01       	movw	r28, r24
    12ea:	ac 81       	ldd	r26, Y+4	; 0x04
    12ec:	bd 81       	ldd	r27, Y+5	; 0x05
    12ee:	12 96       	adiw	r26, 0x02	; 2
    12f0:	cd 91       	ld	r28, X+
    12f2:	dc 91       	ld	r29, X
    12f4:	13 97       	sbiw	r26, 0x03	; 3
    12f6:	24 97       	sbiw	r28, 0x04	; 4
    12f8:	31 f4       	brne	.+12     	; 0x1306 <osEE_scheduler_task_set_running+0x32>
    12fa:	c2 e0       	ldi	r28, 0x02	; 2
    12fc:	d0 e0       	ldi	r29, 0x00	; 0
    12fe:	13 96       	adiw	r26, 0x03	; 3
    1300:	dc 93       	st	X, r29
    1302:	ce 93       	st	-X, r28
    1304:	12 97       	sbiw	r26, 0x02	; 2
    1306:	71 83       	std	Z+1, r23	; 0x01
    1308:	60 83       	st	Z, r22
    130a:	41 15       	cp	r20, r1
    130c:	51 05       	cpc	r21, r1
    130e:	b9 f4       	brne	.+46     	; 0x133e <osEE_scheduler_task_set_running+0x6a>
    1310:	a4 81       	ldd	r26, Z+4	; 0x04
    1312:	b5 81       	ldd	r27, Z+5	; 0x05
    1314:	4d 91       	ld	r20, X+
    1316:	5c 91       	ld	r21, X
    1318:	11 97       	sbiw	r26, 0x01	; 1
    131a:	55 83       	std	Z+5, r21	; 0x05
    131c:	44 83       	std	Z+4, r20	; 0x04
    131e:	11 96       	adiw	r26, 0x01	; 1
    1320:	1c 92       	st	X, r1
    1322:	1e 92       	st	-X, r1
    1324:	b7 83       	std	Z+7, r27	; 0x07
    1326:	a6 83       	std	Z+6, r26	; 0x06
    1328:	06 80       	ldd	r0, Z+6	; 0x06
    132a:	f7 81       	ldd	r31, Z+7	; 0x07
    132c:	e0 2d       	mov	r30, r0
    132e:	73 83       	std	Z+3, r23	; 0x03
    1330:	62 83       	std	Z+2, r22	; 0x02
    1332:	31 83       	std	Z+1, r19	; 0x01
    1334:	20 83       	st	Z, r18
    1336:	df 91       	pop	r29
    1338:	cf 91       	pop	r28
    133a:	0c 94 a2 09 	jmp	0x1344	; 0x1344 <osEE_change_context_from_running>
    133e:	57 83       	std	Z+7, r21	; 0x07
    1340:	46 83       	std	Z+6, r20	; 0x06
    1342:	f2 cf       	rjmp	.-28     	; 0x1328 <osEE_scheduler_task_set_running+0x54>

00001344 <osEE_change_context_from_running>:
    1344:	fb 01       	movw	r30, r22
    1346:	dc 01       	movw	r26, r24
    1348:	12 96       	adiw	r26, 0x02	; 2
    134a:	4d 91       	ld	r20, X+
    134c:	5c 91       	ld	r21, X
    134e:	62 81       	ldd	r22, Z+2	; 0x02
    1350:	73 81       	ldd	r23, Z+3	; 0x03
    1352:	a4 81       	ldd	r26, Z+4	; 0x04
    1354:	b5 81       	ldd	r27, Z+5	; 0x05
    1356:	12 96       	adiw	r26, 0x02	; 2
    1358:	8d 91       	ld	r24, X+
    135a:	9c 91       	ld	r25, X
    135c:	02 97       	sbiw	r24, 0x02	; 2
    135e:	19 f4       	brne	.+6      	; 0x1366 <osEE_change_context_from_running+0x22>
    1360:	cf 01       	movw	r24, r30
    1362:	0c 94 60 00 	jmp	0xc0	; 0xc0 <osEE_hal_save_ctx_and_restore_ctx>
    1366:	cf 01       	movw	r24, r30
    1368:	0c 94 a8 00 	jmp	0x150	; 0x150 <osEE_hal_save_ctx_and_ready2stacked>

0000136c <osEE_change_context_from_task_end>:
    136c:	cb 01       	movw	r24, r22
    136e:	db 01       	movw	r26, r22
    1370:	12 96       	adiw	r26, 0x02	; 2
    1372:	6d 91       	ld	r22, X+
    1374:	7c 91       	ld	r23, X
    1376:	13 97       	sbiw	r26, 0x03	; 3
    1378:	14 96       	adiw	r26, 0x04	; 4
    137a:	ed 91       	ld	r30, X+
    137c:	fc 91       	ld	r31, X
    137e:	22 81       	ldd	r18, Z+2	; 0x02
    1380:	33 81       	ldd	r19, Z+3	; 0x03
    1382:	22 30       	cpi	r18, 0x02	; 2
    1384:	31 05       	cpc	r19, r1
    1386:	11 f4       	brne	.+4      	; 0x138c <osEE_change_context_from_task_end+0x20>
    1388:	0c 94 80 00 	jmp	0x100	; 0x100 <osEE_hal_restore_ctx>
    138c:	0c 94 a0 00 	jmp	0x140	; 0x140 <osEE_hal_ready2stacked>

00001390 <osEE_idle_task_terminate>:
    1390:	dc 01       	movw	r26, r24
    1392:	12 96       	adiw	r26, 0x02	; 2
    1394:	6d 91       	ld	r22, X+
    1396:	7c 91       	ld	r23, X
    1398:	13 97       	sbiw	r26, 0x03	; 3
    139a:	ed 91       	ld	r30, X+
    139c:	fc 91       	ld	r31, X
    139e:	40 81       	ld	r20, Z
    13a0:	51 81       	ldd	r21, Z+1	; 0x01
    13a2:	db 01       	movw	r26, r22
    13a4:	ed 91       	ld	r30, X+
    13a6:	fc 91       	ld	r31, X
    13a8:	22 89       	ldd	r18, Z+18	; 0x12
    13aa:	33 89       	ldd	r19, Z+19	; 0x13
    13ac:	21 15       	cp	r18, r1
    13ae:	31 05       	cpc	r19, r1
    13b0:	19 f0       	breq	.+6      	; 0x13b8 <osEE_idle_task_terminate+0x28>
    13b2:	42 17       	cp	r20, r18
    13b4:	53 07       	cpc	r21, r19
    13b6:	29 f4       	brne	.+10     	; 0x13c2 <osEE_idle_task_terminate+0x32>
    13b8:	db 01       	movw	r26, r22
    13ba:	ed 93       	st	X+, r30
    13bc:	fc 93       	st	X, r31
    13be:	0c 94 80 00 	jmp	0x100	; 0x100 <osEE_hal_restore_ctx>
    13c2:	f9 01       	movw	r30, r18
    13c4:	f1 cf       	rjmp	.-30     	; 0x13a8 <osEE_idle_task_terminate+0x18>

000013c6 <osEE_scheduler_task_end>:
    13c6:	cf 93       	push	r28
    13c8:	df 93       	push	r29
    13ca:	00 d0       	rcall	.+0      	; 0x13cc <osEE_scheduler_task_end+0x6>
    13cc:	cd b7       	in	r28, 0x3d	; 61
    13ce:	de b7       	in	r29, 0x3e	; 62
    13d0:	be 01       	movw	r22, r28
    13d2:	6f 5f       	subi	r22, 0xFF	; 255
    13d4:	7f 4f       	sbci	r23, 0xFF	; 255
    13d6:	87 ee       	ldi	r24, 0xE7	; 231
    13d8:	92 e0       	ldi	r25, 0x02	; 2
    13da:	0e 94 e3 08 	call	0x11c6	; 0x11c6 <osEE_scheduler_task_terminated>
    13de:	bc 01       	movw	r22, r24
    13e0:	89 81       	ldd	r24, Y+1	; 0x01
    13e2:	9a 81       	ldd	r25, Y+2	; 0x02
    13e4:	0e 94 b6 09 	call	0x136c	; 0x136c <osEE_change_context_from_task_end>
    13e8:	0f 90       	pop	r0
    13ea:	0f 90       	pop	r0
    13ec:	df 91       	pop	r29
    13ee:	cf 91       	pop	r28
    13f0:	08 95       	ret

000013f2 <__vector_default>:
    13f2:	f8 94       	cli
    13f4:	ff cf       	rjmp	.-2      	; 0x13f4 <__vector_default+0x2>

000013f6 <osEE_atmega_intvect>:
    13f6:	e2 ef       	ldi	r30, 0xF2	; 242
    13f8:	08 95       	ret

000013fa <__vector_11>:
    13fa:	8f 93       	push	r24
    13fc:	9f 93       	push	r25
    13fe:	80 e0       	ldi	r24, 0x00	; 0
    1400:	0e 94 05 0a 	call	0x140a	; 0x140a <osEE_avr8_isr2_stub>
    1404:	9f 91       	pop	r25
    1406:	8f 91       	pop	r24
    1408:	18 95       	reti

0000140a <osEE_avr8_isr2_stub>:
    140a:	1f 92       	push	r1
    140c:	0f 92       	push	r0
    140e:	0f b6       	in	r0, 0x3f	; 63
    1410:	0f 92       	push	r0
    1412:	11 24       	eor	r1, r1
    1414:	2f 93       	push	r18
    1416:	3f 93       	push	r19
    1418:	4f 93       	push	r20
    141a:	5f 93       	push	r21
    141c:	6f 93       	push	r22
    141e:	7f 93       	push	r23
    1420:	af 93       	push	r26
    1422:	bf 93       	push	r27
    1424:	ef 93       	push	r30
    1426:	ff 93       	push	r31
    1428:	0e 94 43 08 	call	0x1086	; 0x1086 <osEE_activate_isr2>
    142c:	ff 91       	pop	r31
    142e:	ef 91       	pop	r30
    1430:	bf 91       	pop	r27
    1432:	af 91       	pop	r26
    1434:	7f 91       	pop	r23
    1436:	6f 91       	pop	r22
    1438:	5f 91       	pop	r21
    143a:	4f 91       	pop	r20
    143c:	3f 91       	pop	r19
    143e:	2f 91       	pop	r18
    1440:	0f 90       	pop	r0
    1442:	0f be       	out	0x3f, r0	; 63
    1444:	0f 90       	pop	r0
    1446:	1f 90       	pop	r1
    1448:	08 95       	ret

0000144a <__udivmodsi4>:
    144a:	a1 e2       	ldi	r26, 0x21	; 33
    144c:	1a 2e       	mov	r1, r26
    144e:	aa 1b       	sub	r26, r26
    1450:	bb 1b       	sub	r27, r27
    1452:	fd 01       	movw	r30, r26
    1454:	0d c0       	rjmp	.+26     	; 0x1470 <__udivmodsi4_ep>

00001456 <__udivmodsi4_loop>:
    1456:	aa 1f       	adc	r26, r26
    1458:	bb 1f       	adc	r27, r27
    145a:	ee 1f       	adc	r30, r30
    145c:	ff 1f       	adc	r31, r31
    145e:	a2 17       	cp	r26, r18
    1460:	b3 07       	cpc	r27, r19
    1462:	e4 07       	cpc	r30, r20
    1464:	f5 07       	cpc	r31, r21
    1466:	20 f0       	brcs	.+8      	; 0x1470 <__udivmodsi4_ep>
    1468:	a2 1b       	sub	r26, r18
    146a:	b3 0b       	sbc	r27, r19
    146c:	e4 0b       	sbc	r30, r20
    146e:	f5 0b       	sbc	r31, r21

00001470 <__udivmodsi4_ep>:
    1470:	66 1f       	adc	r22, r22
    1472:	77 1f       	adc	r23, r23
    1474:	88 1f       	adc	r24, r24
    1476:	99 1f       	adc	r25, r25
    1478:	1a 94       	dec	r1
    147a:	69 f7       	brne	.-38     	; 0x1456 <__udivmodsi4_loop>
    147c:	60 95       	com	r22
    147e:	70 95       	com	r23
    1480:	80 95       	com	r24
    1482:	90 95       	com	r25
    1484:	9b 01       	movw	r18, r22
    1486:	ac 01       	movw	r20, r24
    1488:	bd 01       	movw	r22, r26
    148a:	cf 01       	movw	r24, r30
    148c:	08 95       	ret

0000148e <__tablejump2__>:
    148e:	ee 0f       	add	r30, r30
    1490:	ff 1f       	adc	r31, r31
    1492:	05 90       	lpm	r0, Z+
    1494:	f4 91       	lpm	r31, Z
    1496:	e0 2d       	mov	r30, r0
    1498:	09 94       	ijmp

0000149a <vsnprintf>:
    149a:	ae e0       	ldi	r26, 0x0E	; 14
    149c:	b0 e0       	ldi	r27, 0x00	; 0
    149e:	e3 e5       	ldi	r30, 0x53	; 83
    14a0:	fa e0       	ldi	r31, 0x0A	; 10
    14a2:	0c 94 05 0d 	jmp	0x1a0a	; 0x1a0a <__prologue_saves__+0x1c>
    14a6:	8c 01       	movw	r16, r24
    14a8:	fa 01       	movw	r30, r20
    14aa:	86 e0       	ldi	r24, 0x06	; 6
    14ac:	8c 83       	std	Y+4, r24	; 0x04
    14ae:	1a 83       	std	Y+2, r17	; 0x02
    14b0:	09 83       	std	Y+1, r16	; 0x01
    14b2:	77 ff       	sbrs	r23, 7
    14b4:	02 c0       	rjmp	.+4      	; 0x14ba <vsnprintf+0x20>
    14b6:	60 e0       	ldi	r22, 0x00	; 0
    14b8:	70 e8       	ldi	r23, 0x80	; 128
    14ba:	61 50       	subi	r22, 0x01	; 1
    14bc:	71 09       	sbc	r23, r1
    14be:	7e 83       	std	Y+6, r23	; 0x06
    14c0:	6d 83       	std	Y+5, r22	; 0x05
    14c2:	a9 01       	movw	r20, r18
    14c4:	bf 01       	movw	r22, r30
    14c6:	ce 01       	movw	r24, r28
    14c8:	01 96       	adiw	r24, 0x01	; 1
    14ca:	0e 94 79 0a 	call	0x14f2	; 0x14f2 <vfprintf>
    14ce:	4d 81       	ldd	r20, Y+5	; 0x05
    14d0:	5e 81       	ldd	r21, Y+6	; 0x06
    14d2:	57 fd       	sbrc	r21, 7
    14d4:	0a c0       	rjmp	.+20     	; 0x14ea <vsnprintf+0x50>
    14d6:	2f 81       	ldd	r18, Y+7	; 0x07
    14d8:	38 85       	ldd	r19, Y+8	; 0x08
    14da:	42 17       	cp	r20, r18
    14dc:	53 07       	cpc	r21, r19
    14de:	0c f4       	brge	.+2      	; 0x14e2 <vsnprintf+0x48>
    14e0:	9a 01       	movw	r18, r20
    14e2:	02 0f       	add	r16, r18
    14e4:	13 1f       	adc	r17, r19
    14e6:	f8 01       	movw	r30, r16
    14e8:	10 82       	st	Z, r1
    14ea:	2e 96       	adiw	r28, 0x0e	; 14
    14ec:	e4 e0       	ldi	r30, 0x04	; 4
    14ee:	0c 94 21 0d 	jmp	0x1a42	; 0x1a42 <__epilogue_restores__+0x1c>

000014f2 <vfprintf>:
    14f2:	ab e0       	ldi	r26, 0x0B	; 11
    14f4:	b0 e0       	ldi	r27, 0x00	; 0
    14f6:	ef e7       	ldi	r30, 0x7F	; 127
    14f8:	fa e0       	ldi	r31, 0x0A	; 10
    14fa:	0c 94 f7 0c 	jmp	0x19ee	; 0x19ee <__prologue_saves__>
    14fe:	7c 01       	movw	r14, r24
    1500:	3b 01       	movw	r6, r22
    1502:	8a 01       	movw	r16, r20
    1504:	fc 01       	movw	r30, r24
    1506:	17 82       	std	Z+7, r1	; 0x07
    1508:	16 82       	std	Z+6, r1	; 0x06
    150a:	83 81       	ldd	r24, Z+3	; 0x03
    150c:	81 ff       	sbrs	r24, 1
    150e:	c8 c1       	rjmp	.+912    	; 0x18a0 <vfprintf+0x3ae>
    1510:	ce 01       	movw	r24, r28
    1512:	01 96       	adiw	r24, 0x01	; 1
    1514:	5c 01       	movw	r10, r24
    1516:	f7 01       	movw	r30, r14
    1518:	93 81       	ldd	r25, Z+3	; 0x03
    151a:	f3 01       	movw	r30, r6
    151c:	93 fd       	sbrc	r25, 3
    151e:	85 91       	lpm	r24, Z+
    1520:	93 ff       	sbrs	r25, 3
    1522:	81 91       	ld	r24, Z+
    1524:	3f 01       	movw	r6, r30
    1526:	88 23       	and	r24, r24
    1528:	09 f4       	brne	.+2      	; 0x152c <vfprintf+0x3a>
    152a:	53 c1       	rjmp	.+678    	; 0x17d2 <vfprintf+0x2e0>
    152c:	85 32       	cpi	r24, 0x25	; 37
    152e:	39 f4       	brne	.+14     	; 0x153e <vfprintf+0x4c>
    1530:	93 fd       	sbrc	r25, 3
    1532:	85 91       	lpm	r24, Z+
    1534:	93 ff       	sbrs	r25, 3
    1536:	81 91       	ld	r24, Z+
    1538:	3f 01       	movw	r6, r30
    153a:	85 32       	cpi	r24, 0x25	; 37
    153c:	29 f4       	brne	.+10     	; 0x1548 <vfprintf+0x56>
    153e:	b7 01       	movw	r22, r14
    1540:	90 e0       	ldi	r25, 0x00	; 0
    1542:	0e 94 69 0c 	call	0x18d2	; 0x18d2 <fputc>
    1546:	e7 cf       	rjmp	.-50     	; 0x1516 <vfprintf+0x24>
    1548:	91 2c       	mov	r9, r1
    154a:	21 2c       	mov	r2, r1
    154c:	31 2c       	mov	r3, r1
    154e:	ff e1       	ldi	r31, 0x1F	; 31
    1550:	f3 15       	cp	r31, r3
    1552:	38 f0       	brcs	.+14     	; 0x1562 <vfprintf+0x70>
    1554:	8b 32       	cpi	r24, 0x2B	; 43
    1556:	11 f1       	breq	.+68     	; 0x159c <vfprintf+0xaa>
    1558:	90 f4       	brcc	.+36     	; 0x157e <vfprintf+0x8c>
    155a:	80 32       	cpi	r24, 0x20	; 32
    155c:	09 f1       	breq	.+66     	; 0x15a0 <vfprintf+0xae>
    155e:	83 32       	cpi	r24, 0x23	; 35
    1560:	29 f1       	breq	.+74     	; 0x15ac <vfprintf+0xba>
    1562:	37 fc       	sbrc	r3, 7
    1564:	3c c0       	rjmp	.+120    	; 0x15de <vfprintf+0xec>
    1566:	20 ed       	ldi	r18, 0xD0	; 208
    1568:	28 0f       	add	r18, r24
    156a:	2a 30       	cpi	r18, 0x0A	; 10
    156c:	50 f5       	brcc	.+84     	; 0x15c2 <vfprintf+0xd0>
    156e:	36 fe       	sbrs	r3, 6
    1570:	20 c0       	rjmp	.+64     	; 0x15b2 <vfprintf+0xc0>
    1572:	8a e0       	ldi	r24, 0x0A	; 10
    1574:	98 9e       	mul	r9, r24
    1576:	20 0d       	add	r18, r0
    1578:	11 24       	eor	r1, r1
    157a:	92 2e       	mov	r9, r18
    157c:	06 c0       	rjmp	.+12     	; 0x158a <vfprintf+0x98>
    157e:	8d 32       	cpi	r24, 0x2D	; 45
    1580:	91 f0       	breq	.+36     	; 0x15a6 <vfprintf+0xb4>
    1582:	80 33       	cpi	r24, 0x30	; 48
    1584:	71 f7       	brne	.-36     	; 0x1562 <vfprintf+0x70>
    1586:	68 94       	set
    1588:	30 f8       	bld	r3, 0
    158a:	f3 01       	movw	r30, r6
    158c:	93 fd       	sbrc	r25, 3
    158e:	85 91       	lpm	r24, Z+
    1590:	93 ff       	sbrs	r25, 3
    1592:	81 91       	ld	r24, Z+
    1594:	3f 01       	movw	r6, r30
    1596:	81 11       	cpse	r24, r1
    1598:	da cf       	rjmp	.-76     	; 0x154e <vfprintf+0x5c>
    159a:	21 c0       	rjmp	.+66     	; 0x15de <vfprintf+0xec>
    159c:	68 94       	set
    159e:	31 f8       	bld	r3, 1
    15a0:	68 94       	set
    15a2:	32 f8       	bld	r3, 2
    15a4:	f2 cf       	rjmp	.-28     	; 0x158a <vfprintf+0x98>
    15a6:	68 94       	set
    15a8:	33 f8       	bld	r3, 3
    15aa:	ef cf       	rjmp	.-34     	; 0x158a <vfprintf+0x98>
    15ac:	68 94       	set
    15ae:	34 f8       	bld	r3, 4
    15b0:	ec cf       	rjmp	.-40     	; 0x158a <vfprintf+0x98>
    15b2:	ea e0       	ldi	r30, 0x0A	; 10
    15b4:	2e 9e       	mul	r2, r30
    15b6:	20 0d       	add	r18, r0
    15b8:	11 24       	eor	r1, r1
    15ba:	22 2e       	mov	r2, r18
    15bc:	68 94       	set
    15be:	35 f8       	bld	r3, 5
    15c0:	e4 cf       	rjmp	.-56     	; 0x158a <vfprintf+0x98>
    15c2:	8e 32       	cpi	r24, 0x2E	; 46
    15c4:	29 f4       	brne	.+10     	; 0x15d0 <vfprintf+0xde>
    15c6:	36 fc       	sbrc	r3, 6
    15c8:	04 c1       	rjmp	.+520    	; 0x17d2 <vfprintf+0x2e0>
    15ca:	68 94       	set
    15cc:	36 f8       	bld	r3, 6
    15ce:	dd cf       	rjmp	.-70     	; 0x158a <vfprintf+0x98>
    15d0:	8c 36       	cpi	r24, 0x6C	; 108
    15d2:	19 f4       	brne	.+6      	; 0x15da <vfprintf+0xe8>
    15d4:	68 94       	set
    15d6:	37 f8       	bld	r3, 7
    15d8:	d8 cf       	rjmp	.-80     	; 0x158a <vfprintf+0x98>
    15da:	88 36       	cpi	r24, 0x68	; 104
    15dc:	b1 f2       	breq	.-84     	; 0x158a <vfprintf+0x98>
    15de:	98 2f       	mov	r25, r24
    15e0:	9f 7d       	andi	r25, 0xDF	; 223
    15e2:	95 54       	subi	r25, 0x45	; 69
    15e4:	93 30       	cpi	r25, 0x03	; 3
    15e6:	e0 f0       	brcs	.+56     	; 0x1620 <vfprintf+0x12e>
    15e8:	83 36       	cpi	r24, 0x63	; 99
    15ea:	a1 f1       	breq	.+104    	; 0x1654 <vfprintf+0x162>
    15ec:	83 37       	cpi	r24, 0x73	; 115
    15ee:	c1 f1       	breq	.+112    	; 0x1660 <vfprintf+0x16e>
    15f0:	83 35       	cpi	r24, 0x53	; 83
    15f2:	09 f0       	breq	.+2      	; 0x15f6 <vfprintf+0x104>
    15f4:	63 c0       	rjmp	.+198    	; 0x16bc <vfprintf+0x1ca>
    15f6:	28 01       	movw	r4, r16
    15f8:	f2 e0       	ldi	r31, 0x02	; 2
    15fa:	4f 0e       	add	r4, r31
    15fc:	51 1c       	adc	r5, r1
    15fe:	f8 01       	movw	r30, r16
    1600:	c0 80       	ld	r12, Z
    1602:	d1 80       	ldd	r13, Z+1	; 0x01
    1604:	69 2d       	mov	r22, r9
    1606:	70 e0       	ldi	r23, 0x00	; 0
    1608:	36 fc       	sbrc	r3, 6
    160a:	02 c0       	rjmp	.+4      	; 0x1610 <vfprintf+0x11e>
    160c:	6f ef       	ldi	r22, 0xFF	; 255
    160e:	7f ef       	ldi	r23, 0xFF	; 255
    1610:	c6 01       	movw	r24, r12
    1612:	0e 94 53 0c 	call	0x18a6	; 0x18a6 <strnlen_P>
    1616:	4c 01       	movw	r8, r24
    1618:	68 94       	set
    161a:	37 f8       	bld	r3, 7
    161c:	82 01       	movw	r16, r4
    161e:	0a c0       	rjmp	.+20     	; 0x1634 <vfprintf+0x142>
    1620:	0c 5f       	subi	r16, 0xFC	; 252
    1622:	1f 4f       	sbci	r17, 0xFF	; 255
    1624:	ff e3       	ldi	r31, 0x3F	; 63
    1626:	f9 83       	std	Y+1, r31	; 0x01
    1628:	88 24       	eor	r8, r8
    162a:	83 94       	inc	r8
    162c:	91 2c       	mov	r9, r1
    162e:	65 01       	movw	r12, r10
    1630:	e8 94       	clt
    1632:	37 f8       	bld	r3, 7
    1634:	33 fe       	sbrs	r3, 3
    1636:	2d c0       	rjmp	.+90     	; 0x1692 <vfprintf+0x1a0>
    1638:	52 2c       	mov	r5, r2
    163a:	81 14       	cp	r8, r1
    163c:	91 04       	cpc	r9, r1
    163e:	71 f5       	brne	.+92     	; 0x169c <vfprintf+0x1aa>
    1640:	55 20       	and	r5, r5
    1642:	09 f4       	brne	.+2      	; 0x1646 <vfprintf+0x154>
    1644:	68 cf       	rjmp	.-304    	; 0x1516 <vfprintf+0x24>
    1646:	b7 01       	movw	r22, r14
    1648:	80 e2       	ldi	r24, 0x20	; 32
    164a:	90 e0       	ldi	r25, 0x00	; 0
    164c:	0e 94 69 0c 	call	0x18d2	; 0x18d2 <fputc>
    1650:	5a 94       	dec	r5
    1652:	f6 cf       	rjmp	.-20     	; 0x1640 <vfprintf+0x14e>
    1654:	f8 01       	movw	r30, r16
    1656:	80 81       	ld	r24, Z
    1658:	89 83       	std	Y+1, r24	; 0x01
    165a:	0e 5f       	subi	r16, 0xFE	; 254
    165c:	1f 4f       	sbci	r17, 0xFF	; 255
    165e:	e4 cf       	rjmp	.-56     	; 0x1628 <vfprintf+0x136>
    1660:	28 01       	movw	r4, r16
    1662:	f2 e0       	ldi	r31, 0x02	; 2
    1664:	4f 0e       	add	r4, r31
    1666:	51 1c       	adc	r5, r1
    1668:	f8 01       	movw	r30, r16
    166a:	c0 80       	ld	r12, Z
    166c:	d1 80       	ldd	r13, Z+1	; 0x01
    166e:	69 2d       	mov	r22, r9
    1670:	70 e0       	ldi	r23, 0x00	; 0
    1672:	36 fc       	sbrc	r3, 6
    1674:	02 c0       	rjmp	.+4      	; 0x167a <vfprintf+0x188>
    1676:	6f ef       	ldi	r22, 0xFF	; 255
    1678:	7f ef       	ldi	r23, 0xFF	; 255
    167a:	c6 01       	movw	r24, r12
    167c:	0e 94 5e 0c 	call	0x18bc	; 0x18bc <strnlen>
    1680:	4c 01       	movw	r8, r24
    1682:	82 01       	movw	r16, r4
    1684:	d5 cf       	rjmp	.-86     	; 0x1630 <vfprintf+0x13e>
    1686:	b7 01       	movw	r22, r14
    1688:	80 e2       	ldi	r24, 0x20	; 32
    168a:	90 e0       	ldi	r25, 0x00	; 0
    168c:	0e 94 69 0c 	call	0x18d2	; 0x18d2 <fputc>
    1690:	2a 94       	dec	r2
    1692:	28 14       	cp	r2, r8
    1694:	19 04       	cpc	r1, r9
    1696:	09 f0       	breq	.+2      	; 0x169a <vfprintf+0x1a8>
    1698:	b0 f7       	brcc	.-20     	; 0x1686 <vfprintf+0x194>
    169a:	ce cf       	rjmp	.-100    	; 0x1638 <vfprintf+0x146>
    169c:	f6 01       	movw	r30, r12
    169e:	37 fc       	sbrc	r3, 7
    16a0:	85 91       	lpm	r24, Z+
    16a2:	37 fe       	sbrs	r3, 7
    16a4:	81 91       	ld	r24, Z+
    16a6:	6f 01       	movw	r12, r30
    16a8:	b7 01       	movw	r22, r14
    16aa:	90 e0       	ldi	r25, 0x00	; 0
    16ac:	0e 94 69 0c 	call	0x18d2	; 0x18d2 <fputc>
    16b0:	51 10       	cpse	r5, r1
    16b2:	5a 94       	dec	r5
    16b4:	f1 e0       	ldi	r31, 0x01	; 1
    16b6:	8f 1a       	sub	r8, r31
    16b8:	91 08       	sbc	r9, r1
    16ba:	bf cf       	rjmp	.-130    	; 0x163a <vfprintf+0x148>
    16bc:	84 36       	cpi	r24, 0x64	; 100
    16be:	19 f0       	breq	.+6      	; 0x16c6 <vfprintf+0x1d4>
    16c0:	89 36       	cpi	r24, 0x69	; 105
    16c2:	09 f0       	breq	.+2      	; 0x16c6 <vfprintf+0x1d4>
    16c4:	77 c0       	rjmp	.+238    	; 0x17b4 <vfprintf+0x2c2>
    16c6:	f8 01       	movw	r30, r16
    16c8:	37 fe       	sbrs	r3, 7
    16ca:	6b c0       	rjmp	.+214    	; 0x17a2 <vfprintf+0x2b0>
    16cc:	60 81       	ld	r22, Z
    16ce:	71 81       	ldd	r23, Z+1	; 0x01
    16d0:	82 81       	ldd	r24, Z+2	; 0x02
    16d2:	93 81       	ldd	r25, Z+3	; 0x03
    16d4:	0c 5f       	subi	r16, 0xFC	; 252
    16d6:	1f 4f       	sbci	r17, 0xFF	; 255
    16d8:	f3 2d       	mov	r31, r3
    16da:	ff 76       	andi	r31, 0x6F	; 111
    16dc:	3f 2e       	mov	r3, r31
    16de:	97 ff       	sbrs	r25, 7
    16e0:	09 c0       	rjmp	.+18     	; 0x16f4 <vfprintf+0x202>
    16e2:	90 95       	com	r25
    16e4:	80 95       	com	r24
    16e6:	70 95       	com	r23
    16e8:	61 95       	neg	r22
    16ea:	7f 4f       	sbci	r23, 0xFF	; 255
    16ec:	8f 4f       	sbci	r24, 0xFF	; 255
    16ee:	9f 4f       	sbci	r25, 0xFF	; 255
    16f0:	68 94       	set
    16f2:	37 f8       	bld	r3, 7
    16f4:	2a e0       	ldi	r18, 0x0A	; 10
    16f6:	30 e0       	ldi	r19, 0x00	; 0
    16f8:	a5 01       	movw	r20, r10
    16fa:	0e 94 99 0c 	call	0x1932	; 0x1932 <__ultoa_invert>
    16fe:	c8 2e       	mov	r12, r24
    1700:	ca 18       	sub	r12, r10
    1702:	8c 2c       	mov	r8, r12
    1704:	43 2c       	mov	r4, r3
    1706:	36 fe       	sbrs	r3, 6
    1708:	0c c0       	rjmp	.+24     	; 0x1722 <vfprintf+0x230>
    170a:	e8 94       	clt
    170c:	40 f8       	bld	r4, 0
    170e:	c9 14       	cp	r12, r9
    1710:	40 f4       	brcc	.+16     	; 0x1722 <vfprintf+0x230>
    1712:	34 fe       	sbrs	r3, 4
    1714:	05 c0       	rjmp	.+10     	; 0x1720 <vfprintf+0x22e>
    1716:	32 fc       	sbrc	r3, 2
    1718:	03 c0       	rjmp	.+6      	; 0x1720 <vfprintf+0x22e>
    171a:	f3 2d       	mov	r31, r3
    171c:	fe 7e       	andi	r31, 0xEE	; 238
    171e:	4f 2e       	mov	r4, r31
    1720:	89 2c       	mov	r8, r9
    1722:	44 fe       	sbrs	r4, 4
    1724:	95 c0       	rjmp	.+298    	; 0x1850 <vfprintf+0x35e>
    1726:	fe 01       	movw	r30, r28
    1728:	ec 0d       	add	r30, r12
    172a:	f1 1d       	adc	r31, r1
    172c:	80 81       	ld	r24, Z
    172e:	80 33       	cpi	r24, 0x30	; 48
    1730:	09 f0       	breq	.+2      	; 0x1734 <vfprintf+0x242>
    1732:	87 c0       	rjmp	.+270    	; 0x1842 <vfprintf+0x350>
    1734:	24 2d       	mov	r18, r4
    1736:	29 7e       	andi	r18, 0xE9	; 233
    1738:	42 2e       	mov	r4, r18
    173a:	84 2d       	mov	r24, r4
    173c:	88 70       	andi	r24, 0x08	; 8
    173e:	58 2e       	mov	r5, r24
    1740:	43 fc       	sbrc	r4, 3
    1742:	95 c0       	rjmp	.+298    	; 0x186e <vfprintf+0x37c>
    1744:	40 fe       	sbrs	r4, 0
    1746:	8f c0       	rjmp	.+286    	; 0x1866 <vfprintf+0x374>
    1748:	9c 2c       	mov	r9, r12
    174a:	82 14       	cp	r8, r2
    174c:	18 f4       	brcc	.+6      	; 0x1754 <vfprintf+0x262>
    174e:	2c 0c       	add	r2, r12
    1750:	92 2c       	mov	r9, r2
    1752:	98 18       	sub	r9, r8
    1754:	44 fe       	sbrs	r4, 4
    1756:	91 c0       	rjmp	.+290    	; 0x187a <vfprintf+0x388>
    1758:	b7 01       	movw	r22, r14
    175a:	80 e3       	ldi	r24, 0x30	; 48
    175c:	90 e0       	ldi	r25, 0x00	; 0
    175e:	0e 94 69 0c 	call	0x18d2	; 0x18d2 <fputc>
    1762:	42 fe       	sbrs	r4, 2
    1764:	09 c0       	rjmp	.+18     	; 0x1778 <vfprintf+0x286>
    1766:	88 e7       	ldi	r24, 0x78	; 120
    1768:	90 e0       	ldi	r25, 0x00	; 0
    176a:	41 fe       	sbrs	r4, 1
    176c:	02 c0       	rjmp	.+4      	; 0x1772 <vfprintf+0x280>
    176e:	88 e5       	ldi	r24, 0x58	; 88
    1770:	90 e0       	ldi	r25, 0x00	; 0
    1772:	b7 01       	movw	r22, r14
    1774:	0e 94 69 0c 	call	0x18d2	; 0x18d2 <fputc>
    1778:	c9 14       	cp	r12, r9
    177a:	08 f4       	brcc	.+2      	; 0x177e <vfprintf+0x28c>
    177c:	8a c0       	rjmp	.+276    	; 0x1892 <vfprintf+0x3a0>
    177e:	ca 94       	dec	r12
    1780:	d1 2c       	mov	r13, r1
    1782:	9f ef       	ldi	r25, 0xFF	; 255
    1784:	c9 1a       	sub	r12, r25
    1786:	d9 0a       	sbc	r13, r25
    1788:	ca 0c       	add	r12, r10
    178a:	db 1c       	adc	r13, r11
    178c:	f6 01       	movw	r30, r12
    178e:	82 91       	ld	r24, -Z
    1790:	6f 01       	movw	r12, r30
    1792:	b7 01       	movw	r22, r14
    1794:	90 e0       	ldi	r25, 0x00	; 0
    1796:	0e 94 69 0c 	call	0x18d2	; 0x18d2 <fputc>
    179a:	ac 14       	cp	r10, r12
    179c:	bd 04       	cpc	r11, r13
    179e:	b1 f7       	brne	.-20     	; 0x178c <vfprintf+0x29a>
    17a0:	4f cf       	rjmp	.-354    	; 0x1640 <vfprintf+0x14e>
    17a2:	60 81       	ld	r22, Z
    17a4:	71 81       	ldd	r23, Z+1	; 0x01
    17a6:	07 2e       	mov	r0, r23
    17a8:	00 0c       	add	r0, r0
    17aa:	88 0b       	sbc	r24, r24
    17ac:	99 0b       	sbc	r25, r25
    17ae:	0e 5f       	subi	r16, 0xFE	; 254
    17b0:	1f 4f       	sbci	r17, 0xFF	; 255
    17b2:	92 cf       	rjmp	.-220    	; 0x16d8 <vfprintf+0x1e6>
    17b4:	d3 2c       	mov	r13, r3
    17b6:	e8 94       	clt
    17b8:	d4 f8       	bld	r13, 4
    17ba:	2a e0       	ldi	r18, 0x0A	; 10
    17bc:	30 e0       	ldi	r19, 0x00	; 0
    17be:	85 37       	cpi	r24, 0x75	; 117
    17c0:	39 f1       	breq	.+78     	; 0x1810 <vfprintf+0x31e>
    17c2:	23 2d       	mov	r18, r3
    17c4:	29 7f       	andi	r18, 0xF9	; 249
    17c6:	d2 2e       	mov	r13, r18
    17c8:	8f 36       	cpi	r24, 0x6F	; 111
    17ca:	01 f1       	breq	.+64     	; 0x180c <vfprintf+0x31a>
    17cc:	48 f4       	brcc	.+18     	; 0x17e0 <vfprintf+0x2ee>
    17ce:	88 35       	cpi	r24, 0x58	; 88
    17d0:	a9 f0       	breq	.+42     	; 0x17fc <vfprintf+0x30a>
    17d2:	f7 01       	movw	r30, r14
    17d4:	86 81       	ldd	r24, Z+6	; 0x06
    17d6:	97 81       	ldd	r25, Z+7	; 0x07
    17d8:	2b 96       	adiw	r28, 0x0b	; 11
    17da:	e2 e1       	ldi	r30, 0x12	; 18
    17dc:	0c 94 13 0d 	jmp	0x1a26	; 0x1a26 <__epilogue_restores__>
    17e0:	80 37       	cpi	r24, 0x70	; 112
    17e2:	49 f0       	breq	.+18     	; 0x17f6 <vfprintf+0x304>
    17e4:	88 37       	cpi	r24, 0x78	; 120
    17e6:	a9 f7       	brne	.-22     	; 0x17d2 <vfprintf+0x2e0>
    17e8:	d4 fe       	sbrs	r13, 4
    17ea:	02 c0       	rjmp	.+4      	; 0x17f0 <vfprintf+0x2fe>
    17ec:	68 94       	set
    17ee:	d2 f8       	bld	r13, 2
    17f0:	20 e1       	ldi	r18, 0x10	; 16
    17f2:	30 e0       	ldi	r19, 0x00	; 0
    17f4:	0d c0       	rjmp	.+26     	; 0x1810 <vfprintf+0x31e>
    17f6:	68 94       	set
    17f8:	d4 f8       	bld	r13, 4
    17fa:	f6 cf       	rjmp	.-20     	; 0x17e8 <vfprintf+0x2f6>
    17fc:	34 fe       	sbrs	r3, 4
    17fe:	03 c0       	rjmp	.+6      	; 0x1806 <vfprintf+0x314>
    1800:	82 2f       	mov	r24, r18
    1802:	86 60       	ori	r24, 0x06	; 6
    1804:	d8 2e       	mov	r13, r24
    1806:	20 e1       	ldi	r18, 0x10	; 16
    1808:	32 e0       	ldi	r19, 0x02	; 2
    180a:	02 c0       	rjmp	.+4      	; 0x1810 <vfprintf+0x31e>
    180c:	28 e0       	ldi	r18, 0x08	; 8
    180e:	30 e0       	ldi	r19, 0x00	; 0
    1810:	f8 01       	movw	r30, r16
    1812:	d7 fe       	sbrs	r13, 7
    1814:	0f c0       	rjmp	.+30     	; 0x1834 <vfprintf+0x342>
    1816:	60 81       	ld	r22, Z
    1818:	71 81       	ldd	r23, Z+1	; 0x01
    181a:	82 81       	ldd	r24, Z+2	; 0x02
    181c:	93 81       	ldd	r25, Z+3	; 0x03
    181e:	0c 5f       	subi	r16, 0xFC	; 252
    1820:	1f 4f       	sbci	r17, 0xFF	; 255
    1822:	a5 01       	movw	r20, r10
    1824:	0e 94 99 0c 	call	0x1932	; 0x1932 <__ultoa_invert>
    1828:	c8 2e       	mov	r12, r24
    182a:	ca 18       	sub	r12, r10
    182c:	3d 2c       	mov	r3, r13
    182e:	e8 94       	clt
    1830:	37 f8       	bld	r3, 7
    1832:	67 cf       	rjmp	.-306    	; 0x1702 <vfprintf+0x210>
    1834:	60 81       	ld	r22, Z
    1836:	71 81       	ldd	r23, Z+1	; 0x01
    1838:	90 e0       	ldi	r25, 0x00	; 0
    183a:	80 e0       	ldi	r24, 0x00	; 0
    183c:	0e 5f       	subi	r16, 0xFE	; 254
    183e:	1f 4f       	sbci	r17, 0xFF	; 255
    1840:	f0 cf       	rjmp	.-32     	; 0x1822 <vfprintf+0x330>
    1842:	42 fc       	sbrc	r4, 2
    1844:	02 c0       	rjmp	.+4      	; 0x184a <vfprintf+0x358>
    1846:	83 94       	inc	r8
    1848:	78 cf       	rjmp	.-272    	; 0x173a <vfprintf+0x248>
    184a:	83 94       	inc	r8
    184c:	83 94       	inc	r8
    184e:	75 cf       	rjmp	.-278    	; 0x173a <vfprintf+0x248>
    1850:	84 2d       	mov	r24, r4
    1852:	86 78       	andi	r24, 0x86	; 134
    1854:	09 f4       	brne	.+2      	; 0x1858 <vfprintf+0x366>
    1856:	71 cf       	rjmp	.-286    	; 0x173a <vfprintf+0x248>
    1858:	f6 cf       	rjmp	.-20     	; 0x1846 <vfprintf+0x354>
    185a:	b7 01       	movw	r22, r14
    185c:	80 e2       	ldi	r24, 0x20	; 32
    185e:	90 e0       	ldi	r25, 0x00	; 0
    1860:	0e 94 69 0c 	call	0x18d2	; 0x18d2 <fputc>
    1864:	83 94       	inc	r8
    1866:	82 14       	cp	r8, r2
    1868:	c0 f3       	brcs	.-16     	; 0x185a <vfprintf+0x368>
    186a:	51 2c       	mov	r5, r1
    186c:	73 cf       	rjmp	.-282    	; 0x1754 <vfprintf+0x262>
    186e:	52 2c       	mov	r5, r2
    1870:	58 18       	sub	r5, r8
    1872:	82 14       	cp	r8, r2
    1874:	08 f4       	brcc	.+2      	; 0x1878 <vfprintf+0x386>
    1876:	6e cf       	rjmp	.-292    	; 0x1754 <vfprintf+0x262>
    1878:	f8 cf       	rjmp	.-16     	; 0x186a <vfprintf+0x378>
    187a:	84 2d       	mov	r24, r4
    187c:	86 78       	andi	r24, 0x86	; 134
    187e:	09 f4       	brne	.+2      	; 0x1882 <vfprintf+0x390>
    1880:	7b cf       	rjmp	.-266    	; 0x1778 <vfprintf+0x286>
    1882:	8b e2       	ldi	r24, 0x2B	; 43
    1884:	41 fe       	sbrs	r4, 1
    1886:	80 e2       	ldi	r24, 0x20	; 32
    1888:	47 fc       	sbrc	r4, 7
    188a:	8d e2       	ldi	r24, 0x2D	; 45
    188c:	b7 01       	movw	r22, r14
    188e:	90 e0       	ldi	r25, 0x00	; 0
    1890:	71 cf       	rjmp	.-286    	; 0x1774 <vfprintf+0x282>
    1892:	b7 01       	movw	r22, r14
    1894:	80 e3       	ldi	r24, 0x30	; 48
    1896:	90 e0       	ldi	r25, 0x00	; 0
    1898:	0e 94 69 0c 	call	0x18d2	; 0x18d2 <fputc>
    189c:	9a 94       	dec	r9
    189e:	6c cf       	rjmp	.-296    	; 0x1778 <vfprintf+0x286>
    18a0:	8f ef       	ldi	r24, 0xFF	; 255
    18a2:	9f ef       	ldi	r25, 0xFF	; 255
    18a4:	99 cf       	rjmp	.-206    	; 0x17d8 <vfprintf+0x2e6>

000018a6 <strnlen_P>:
    18a6:	fc 01       	movw	r30, r24
    18a8:	05 90       	lpm	r0, Z+
    18aa:	61 50       	subi	r22, 0x01	; 1
    18ac:	70 40       	sbci	r23, 0x00	; 0
    18ae:	01 10       	cpse	r0, r1
    18b0:	d8 f7       	brcc	.-10     	; 0x18a8 <strnlen_P+0x2>
    18b2:	80 95       	com	r24
    18b4:	90 95       	com	r25
    18b6:	8e 0f       	add	r24, r30
    18b8:	9f 1f       	adc	r25, r31
    18ba:	08 95       	ret

000018bc <strnlen>:
    18bc:	fc 01       	movw	r30, r24
    18be:	61 50       	subi	r22, 0x01	; 1
    18c0:	70 40       	sbci	r23, 0x00	; 0
    18c2:	01 90       	ld	r0, Z+
    18c4:	01 10       	cpse	r0, r1
    18c6:	d8 f7       	brcc	.-10     	; 0x18be <strnlen+0x2>
    18c8:	80 95       	com	r24
    18ca:	90 95       	com	r25
    18cc:	8e 0f       	add	r24, r30
    18ce:	9f 1f       	adc	r25, r31
    18d0:	08 95       	ret

000018d2 <fputc>:
    18d2:	0f 93       	push	r16
    18d4:	1f 93       	push	r17
    18d6:	cf 93       	push	r28
    18d8:	df 93       	push	r29
    18da:	18 2f       	mov	r17, r24
    18dc:	09 2f       	mov	r16, r25
    18de:	eb 01       	movw	r28, r22
    18e0:	8b 81       	ldd	r24, Y+3	; 0x03
    18e2:	81 fd       	sbrc	r24, 1
    18e4:	09 c0       	rjmp	.+18     	; 0x18f8 <fputc+0x26>
    18e6:	1f ef       	ldi	r17, 0xFF	; 255
    18e8:	0f ef       	ldi	r16, 0xFF	; 255
    18ea:	81 2f       	mov	r24, r17
    18ec:	90 2f       	mov	r25, r16
    18ee:	df 91       	pop	r29
    18f0:	cf 91       	pop	r28
    18f2:	1f 91       	pop	r17
    18f4:	0f 91       	pop	r16
    18f6:	08 95       	ret
    18f8:	82 ff       	sbrs	r24, 2
    18fa:	14 c0       	rjmp	.+40     	; 0x1924 <fputc+0x52>
    18fc:	2e 81       	ldd	r18, Y+6	; 0x06
    18fe:	3f 81       	ldd	r19, Y+7	; 0x07
    1900:	8c 81       	ldd	r24, Y+4	; 0x04
    1902:	9d 81       	ldd	r25, Y+5	; 0x05
    1904:	28 17       	cp	r18, r24
    1906:	39 07       	cpc	r19, r25
    1908:	3c f4       	brge	.+14     	; 0x1918 <fputc+0x46>
    190a:	e8 81       	ld	r30, Y
    190c:	f9 81       	ldd	r31, Y+1	; 0x01
    190e:	cf 01       	movw	r24, r30
    1910:	01 96       	adiw	r24, 0x01	; 1
    1912:	99 83       	std	Y+1, r25	; 0x01
    1914:	88 83       	st	Y, r24
    1916:	10 83       	st	Z, r17
    1918:	8e 81       	ldd	r24, Y+6	; 0x06
    191a:	9f 81       	ldd	r25, Y+7	; 0x07
    191c:	01 96       	adiw	r24, 0x01	; 1
    191e:	9f 83       	std	Y+7, r25	; 0x07
    1920:	8e 83       	std	Y+6, r24	; 0x06
    1922:	e3 cf       	rjmp	.-58     	; 0x18ea <fputc+0x18>
    1924:	e8 85       	ldd	r30, Y+8	; 0x08
    1926:	f9 85       	ldd	r31, Y+9	; 0x09
    1928:	81 2f       	mov	r24, r17
    192a:	09 95       	icall
    192c:	89 2b       	or	r24, r25
    192e:	a1 f3       	breq	.-24     	; 0x1918 <fputc+0x46>
    1930:	da cf       	rjmp	.-76     	; 0x18e6 <fputc+0x14>

00001932 <__ultoa_invert>:
    1932:	fa 01       	movw	r30, r20
    1934:	aa 27       	eor	r26, r26
    1936:	28 30       	cpi	r18, 0x08	; 8
    1938:	51 f1       	breq	.+84     	; 0x198e <__ultoa_invert+0x5c>
    193a:	20 31       	cpi	r18, 0x10	; 16
    193c:	81 f1       	breq	.+96     	; 0x199e <__ultoa_invert+0x6c>
    193e:	e8 94       	clt
    1940:	6f 93       	push	r22
    1942:	6e 7f       	andi	r22, 0xFE	; 254
    1944:	6e 5f       	subi	r22, 0xFE	; 254
    1946:	7f 4f       	sbci	r23, 0xFF	; 255
    1948:	8f 4f       	sbci	r24, 0xFF	; 255
    194a:	9f 4f       	sbci	r25, 0xFF	; 255
    194c:	af 4f       	sbci	r26, 0xFF	; 255
    194e:	b1 e0       	ldi	r27, 0x01	; 1
    1950:	3e d0       	rcall	.+124    	; 0x19ce <__ultoa_invert+0x9c>
    1952:	b4 e0       	ldi	r27, 0x04	; 4
    1954:	3c d0       	rcall	.+120    	; 0x19ce <__ultoa_invert+0x9c>
    1956:	67 0f       	add	r22, r23
    1958:	78 1f       	adc	r23, r24
    195a:	89 1f       	adc	r24, r25
    195c:	9a 1f       	adc	r25, r26
    195e:	a1 1d       	adc	r26, r1
    1960:	68 0f       	add	r22, r24
    1962:	79 1f       	adc	r23, r25
    1964:	8a 1f       	adc	r24, r26
    1966:	91 1d       	adc	r25, r1
    1968:	a1 1d       	adc	r26, r1
    196a:	6a 0f       	add	r22, r26
    196c:	71 1d       	adc	r23, r1
    196e:	81 1d       	adc	r24, r1
    1970:	91 1d       	adc	r25, r1
    1972:	a1 1d       	adc	r26, r1
    1974:	20 d0       	rcall	.+64     	; 0x19b6 <__ultoa_invert+0x84>
    1976:	09 f4       	brne	.+2      	; 0x197a <__ultoa_invert+0x48>
    1978:	68 94       	set
    197a:	3f 91       	pop	r19
    197c:	2a e0       	ldi	r18, 0x0A	; 10
    197e:	26 9f       	mul	r18, r22
    1980:	11 24       	eor	r1, r1
    1982:	30 19       	sub	r19, r0
    1984:	30 5d       	subi	r19, 0xD0	; 208
    1986:	31 93       	st	Z+, r19
    1988:	de f6       	brtc	.-74     	; 0x1940 <__ultoa_invert+0xe>
    198a:	cf 01       	movw	r24, r30
    198c:	08 95       	ret
    198e:	46 2f       	mov	r20, r22
    1990:	47 70       	andi	r20, 0x07	; 7
    1992:	40 5d       	subi	r20, 0xD0	; 208
    1994:	41 93       	st	Z+, r20
    1996:	b3 e0       	ldi	r27, 0x03	; 3
    1998:	0f d0       	rcall	.+30     	; 0x19b8 <__ultoa_invert+0x86>
    199a:	c9 f7       	brne	.-14     	; 0x198e <__ultoa_invert+0x5c>
    199c:	f6 cf       	rjmp	.-20     	; 0x198a <__ultoa_invert+0x58>
    199e:	46 2f       	mov	r20, r22
    19a0:	4f 70       	andi	r20, 0x0F	; 15
    19a2:	40 5d       	subi	r20, 0xD0	; 208
    19a4:	4a 33       	cpi	r20, 0x3A	; 58
    19a6:	18 f0       	brcs	.+6      	; 0x19ae <__ultoa_invert+0x7c>
    19a8:	49 5d       	subi	r20, 0xD9	; 217
    19aa:	31 fd       	sbrc	r19, 1
    19ac:	40 52       	subi	r20, 0x20	; 32
    19ae:	41 93       	st	Z+, r20
    19b0:	02 d0       	rcall	.+4      	; 0x19b6 <__ultoa_invert+0x84>
    19b2:	a9 f7       	brne	.-22     	; 0x199e <__ultoa_invert+0x6c>
    19b4:	ea cf       	rjmp	.-44     	; 0x198a <__ultoa_invert+0x58>
    19b6:	b4 e0       	ldi	r27, 0x04	; 4
    19b8:	a6 95       	lsr	r26
    19ba:	97 95       	ror	r25
    19bc:	87 95       	ror	r24
    19be:	77 95       	ror	r23
    19c0:	67 95       	ror	r22
    19c2:	ba 95       	dec	r27
    19c4:	c9 f7       	brne	.-14     	; 0x19b8 <__ultoa_invert+0x86>
    19c6:	00 97       	sbiw	r24, 0x00	; 0
    19c8:	61 05       	cpc	r22, r1
    19ca:	71 05       	cpc	r23, r1
    19cc:	08 95       	ret
    19ce:	9b 01       	movw	r18, r22
    19d0:	ac 01       	movw	r20, r24
    19d2:	0a 2e       	mov	r0, r26
    19d4:	06 94       	lsr	r0
    19d6:	57 95       	ror	r21
    19d8:	47 95       	ror	r20
    19da:	37 95       	ror	r19
    19dc:	27 95       	ror	r18
    19de:	ba 95       	dec	r27
    19e0:	c9 f7       	brne	.-14     	; 0x19d4 <__ultoa_invert+0xa2>
    19e2:	62 0f       	add	r22, r18
    19e4:	73 1f       	adc	r23, r19
    19e6:	84 1f       	adc	r24, r20
    19e8:	95 1f       	adc	r25, r21
    19ea:	a0 1d       	adc	r26, r0
    19ec:	08 95       	ret

000019ee <__prologue_saves__>:
    19ee:	2f 92       	push	r2
    19f0:	3f 92       	push	r3
    19f2:	4f 92       	push	r4
    19f4:	5f 92       	push	r5
    19f6:	6f 92       	push	r6
    19f8:	7f 92       	push	r7
    19fa:	8f 92       	push	r8
    19fc:	9f 92       	push	r9
    19fe:	af 92       	push	r10
    1a00:	bf 92       	push	r11
    1a02:	cf 92       	push	r12
    1a04:	df 92       	push	r13
    1a06:	ef 92       	push	r14
    1a08:	ff 92       	push	r15
    1a0a:	0f 93       	push	r16
    1a0c:	1f 93       	push	r17
    1a0e:	cf 93       	push	r28
    1a10:	df 93       	push	r29
    1a12:	cd b7       	in	r28, 0x3d	; 61
    1a14:	de b7       	in	r29, 0x3e	; 62
    1a16:	ca 1b       	sub	r28, r26
    1a18:	db 0b       	sbc	r29, r27
    1a1a:	0f b6       	in	r0, 0x3f	; 63
    1a1c:	f8 94       	cli
    1a1e:	de bf       	out	0x3e, r29	; 62
    1a20:	0f be       	out	0x3f, r0	; 63
    1a22:	cd bf       	out	0x3d, r28	; 61
    1a24:	09 94       	ijmp

00001a26 <__epilogue_restores__>:
    1a26:	2a 88       	ldd	r2, Y+18	; 0x12
    1a28:	39 88       	ldd	r3, Y+17	; 0x11
    1a2a:	48 88       	ldd	r4, Y+16	; 0x10
    1a2c:	5f 84       	ldd	r5, Y+15	; 0x0f
    1a2e:	6e 84       	ldd	r6, Y+14	; 0x0e
    1a30:	7d 84       	ldd	r7, Y+13	; 0x0d
    1a32:	8c 84       	ldd	r8, Y+12	; 0x0c
    1a34:	9b 84       	ldd	r9, Y+11	; 0x0b
    1a36:	aa 84       	ldd	r10, Y+10	; 0x0a
    1a38:	b9 84       	ldd	r11, Y+9	; 0x09
    1a3a:	c8 84       	ldd	r12, Y+8	; 0x08
    1a3c:	df 80       	ldd	r13, Y+7	; 0x07
    1a3e:	ee 80       	ldd	r14, Y+6	; 0x06
    1a40:	fd 80       	ldd	r15, Y+5	; 0x05
    1a42:	0c 81       	ldd	r16, Y+4	; 0x04
    1a44:	1b 81       	ldd	r17, Y+3	; 0x03
    1a46:	aa 81       	ldd	r26, Y+2	; 0x02
    1a48:	b9 81       	ldd	r27, Y+1	; 0x01
    1a4a:	ce 0f       	add	r28, r30
    1a4c:	d1 1d       	adc	r29, r1
    1a4e:	0f b6       	in	r0, 0x3f	; 63
    1a50:	f8 94       	cli
    1a52:	de bf       	out	0x3e, r29	; 62
    1a54:	0f be       	out	0x3f, r0	; 63
    1a56:	cd bf       	out	0x3d, r28	; 61
    1a58:	ed 01       	movw	r28, r26
    1a5a:	08 95       	ret

00001a5c <_exit>:
    1a5c:	f8 94       	cli

00001a5e <__stop_program>:
    1a5e:	ff cf       	rjmp	.-2      	; 0x1a5e <__stop_program>
