
arduino.elf:     file format elf32-avr

Sections:
Idx Name          Size      VMA       LMA       File off  Algn
  0 .data         00000196  00800100  000021ac  00002240  2**0
                  CONTENTS, ALLOC, LOAD, DATA
  1 .text         000021ac  00000000  00000000  00000094  2**2
                  CONTENTS, ALLOC, LOAD, READONLY, CODE
  2 .bss          000002d2  00800296  00800296  000023d6  2**0
                  ALLOC
  3 .comment      00000011  00000000  00000000  000023d6  2**0
                  CONTENTS, READONLY
  4 .note.gnu.avr.deviceinfo 00000040  00000000  00000000  000023e8  2**2
                  CONTENTS, READONLY
  5 .debug_aranges 00000100  00000000  00000000  00002428  2**3
                  CONTENTS, READONLY, DEBUGGING
  6 .debug_info   00000bcc  00000000  00000000  00002528  2**0
                  CONTENTS, READONLY, DEBUGGING
  7 .debug_abbrev 00000642  00000000  00000000  000030f4  2**0
                  CONTENTS, READONLY, DEBUGGING
  8 .debug_line   000005be  00000000  00000000  00003736  2**0
                  CONTENTS, READONLY, DEBUGGING
  9 .debug_str    00000208  00000000  00000000  00003cf4  2**0
                  CONTENTS, READONLY, DEBUGGING

Disassembly of section .text:

00000000 <__vectors>:
       0:	0c 94 5e 00 	jmp	0xbc	; 0xbc <__ctors_end>
       4:	0c 94 86 00 	jmp	0x10c	; 0x10c <__bad_interrupt>
       8:	0c 94 86 00 	jmp	0x10c	; 0x10c <__bad_interrupt>
       c:	0c 94 86 00 	jmp	0x10c	; 0x10c <__bad_interrupt>
      10:	0c 94 9b 0d 	jmp	0x1b36	; 0x1b36 <__vector_4>
      14:	0c 94 86 00 	jmp	0x10c	; 0x10c <__bad_interrupt>
      18:	0c 94 86 00 	jmp	0x10c	; 0x10c <__bad_interrupt>
      1c:	0c 94 86 00 	jmp	0x10c	; 0x10c <__bad_interrupt>
      20:	0c 94 86 00 	jmp	0x10c	; 0x10c <__bad_interrupt>
      24:	0c 94 86 00 	jmp	0x10c	; 0x10c <__bad_interrupt>
      28:	0c 94 86 00 	jmp	0x10c	; 0x10c <__bad_interrupt>
      2c:	0c 94 a3 0d 	jmp	0x1b46	; 0x1b46 <__vector_11>
      30:	0c 94 86 00 	jmp	0x10c	; 0x10c <__bad_interrupt>
      34:	0c 94 86 00 	jmp	0x10c	; 0x10c <__bad_interrupt>
      38:	0c 94 86 00 	jmp	0x10c	; 0x10c <__bad_interrupt>
      3c:	0c 94 86 00 	jmp	0x10c	; 0x10c <__bad_interrupt>
      40:	0c 94 2a 04 	jmp	0x854	; 0x854 <__vector_16>
      44:	0c 94 86 00 	jmp	0x10c	; 0x10c <__bad_interrupt>
      48:	0c 94 a2 06 	jmp	0xd44	; 0xd44 <__vector_18>
      4c:	0c 94 d4 06 	jmp	0xda8	; 0xda8 <__vector_19>
      50:	0c 94 86 00 	jmp	0x10c	; 0x10c <__bad_interrupt>
      54:	0c 94 86 00 	jmp	0x10c	; 0x10c <__bad_interrupt>
      58:	0c 94 86 00 	jmp	0x10c	; 0x10c <__bad_interrupt>
      5c:	0c 94 86 00 	jmp	0x10c	; 0x10c <__bad_interrupt>
      60:	0c 94 86 00 	jmp	0x10c	; 0x10c <__bad_interrupt>
      64:	0c 94 86 00 	jmp	0x10c	; 0x10c <__bad_interrupt>

00000068 <__trampolines_end>:
      68:	00 00       	nop
      6a:	00 08       	sbc	r0, r0
      6c:	00 02       	muls	r16, r16
      6e:	01 00       	.word	0x0001	; ????
      70:	00 03       	mulsu	r16, r16
      72:	04 07       	cpc	r16, r20
	...

0000007c <digital_pin_to_bit_mask_PGM>:
      7c:	01 02 04 08 10 20 40 80 01 02 04 08 10 20 01 02     ..... @...... ..
      8c:	04 08 10 20                                         ... 

00000090 <digital_pin_to_port_PGM>:
      90:	04 04 04 04 04 04 04 04 02 02 02 02 02 02 03 03     ................
      a0:	03 03 03 03                                         ....

000000a4 <port_to_output_PGM>:
      a4:	00 00 00 00 25 00 28 00 2b 00                       ....%.(.+.

000000ae <port_to_mode_PGM>:
      ae:	00 00 00 00 24 00 27 00 2a 00                       ....$.'.*.

000000b8 <__ctors_start>:
      b8:	17 04       	cpc	r1, r7
      ba:	fa 06       	cpc	r15, r26

000000bc <__ctors_end>:
      bc:	11 24       	eor	r1, r1
      be:	1f be       	out	0x3f, r1	; 63
      c0:	cf ef       	ldi	r28, 0xFF	; 255
      c2:	d8 e0       	ldi	r29, 0x08	; 8
      c4:	de bf       	out	0x3e, r29	; 62
      c6:	cd bf       	out	0x3d, r28	; 61

000000c8 <__do_copy_data>:
      c8:	12 e0       	ldi	r17, 0x02	; 2
      ca:	a0 e0       	ldi	r26, 0x00	; 0
      cc:	b1 e0       	ldi	r27, 0x01	; 1
      ce:	ec ea       	ldi	r30, 0xAC	; 172
      d0:	f1 e2       	ldi	r31, 0x21	; 33
      d2:	02 c0       	rjmp	.+4      	; 0xd8 <__do_copy_data+0x10>
      d4:	05 90       	lpm	r0, Z+
      d6:	0d 92       	st	X+, r0
      d8:	a6 39       	cpi	r26, 0x96	; 150
      da:	b1 07       	cpc	r27, r17
      dc:	d9 f7       	brne	.-10     	; 0xd4 <__do_copy_data+0xc>

000000de <__do_clear_bss>:
      de:	25 e0       	ldi	r18, 0x05	; 5
      e0:	a6 e9       	ldi	r26, 0x96	; 150
      e2:	b2 e0       	ldi	r27, 0x02	; 2
      e4:	01 c0       	rjmp	.+2      	; 0xe8 <.do_clear_bss_start>

000000e6 <.do_clear_bss_loop>:
      e6:	1d 92       	st	X+, r1

000000e8 <.do_clear_bss_start>:
      e8:	a8 36       	cpi	r26, 0x68	; 104
      ea:	b2 07       	cpc	r27, r18
      ec:	e1 f7       	brne	.-8      	; 0xe6 <.do_clear_bss_loop>

000000ee <__do_global_ctors>:
      ee:	10 e0       	ldi	r17, 0x00	; 0
      f0:	ce e5       	ldi	r28, 0x5E	; 94
      f2:	d0 e0       	ldi	r29, 0x00	; 0
      f4:	04 c0       	rjmp	.+8      	; 0xfe <__do_global_ctors+0x10>
      f6:	21 97       	sbiw	r28, 0x01	; 1
      f8:	fe 01       	movw	r30, r28
      fa:	0e 94 ed 0d 	call	0x1bda	; 0x1bda <__tablejump2__>
      fe:	cc 35       	cpi	r28, 0x5C	; 92
     100:	d1 07       	cpc	r29, r17
     102:	c9 f7       	brne	.-14     	; 0xf6 <__do_global_ctors+0x8>
     104:	0e 94 eb 03 	call	0x7d6	; 0x7d6 <main>
     108:	0c 94 d4 10 	jmp	0x21a8	; 0x21a8 <_exit>

0000010c <__bad_interrupt>:
     10c:	0c 94 97 0d 	jmp	0x1b2e	; 0x1b2e <__vector_default>

00000110 <osEE_hal_save_ctx_and_restore_ctx>:
     110:	2f 92       	push	r2
     112:	3f 92       	push	r3
     114:	4f 92       	push	r4
     116:	5f 92       	push	r5
     118:	6f 92       	push	r6
     11a:	7f 92       	push	r7
     11c:	8f 92       	push	r8
     11e:	9f 92       	push	r9
     120:	af 92       	push	r10
     122:	bf 92       	push	r11
     124:	cf 92       	push	r12
     126:	df 92       	push	r13
     128:	ef 92       	push	r14
     12a:	ff 92       	push	r15
     12c:	0f 93       	push	r16
     12e:	1f 93       	push	r17
     130:	cf 93       	push	r28
     132:	df 93       	push	r29
     134:	e4 2f       	mov	r30, r20
     136:	f5 2f       	mov	r31, r21
     138:	41 90       	ld	r4, Z+
     13a:	50 80       	ld	r5, Z
     13c:	4f 92       	push	r4
     13e:	5f 92       	push	r5
     140:	e4 2f       	mov	r30, r20
     142:	f5 2f       	mov	r31, r21
     144:	4d b6       	in	r4, 0x3d	; 61
     146:	5e b6       	in	r5, 0x3e	; 62
     148:	41 92       	st	Z+, r4
     14a:	50 82       	st	Z, r5
     14c:	0c 94 a8 00 	jmp	0x150	; 0x150 <osEE_hal_restore_ctx>

00000150 <osEE_hal_restore_ctx>:
     150:	e6 2f       	mov	r30, r22
     152:	f7 2f       	mov	r31, r23
     154:	41 90       	ld	r4, Z+
     156:	50 80       	ld	r5, Z
     158:	4d be       	out	0x3d, r4	; 61
     15a:	5e be       	out	0x3e, r5	; 62
     15c:	5f 90       	pop	r5
     15e:	4f 90       	pop	r4
     160:	e6 2f       	mov	r30, r22
     162:	f7 2f       	mov	r31, r23
     164:	41 92       	st	Z+, r4
     166:	50 82       	st	Z, r5
     168:	df 91       	pop	r29
     16a:	cf 91       	pop	r28
     16c:	1f 91       	pop	r17
     16e:	0f 91       	pop	r16
     170:	ff 90       	pop	r15
     172:	ef 90       	pop	r14
     174:	df 90       	pop	r13
     176:	cf 90       	pop	r12
     178:	bf 90       	pop	r11
     17a:	af 90       	pop	r10
     17c:	9f 90       	pop	r9
     17e:	8f 90       	pop	r8
     180:	7f 90       	pop	r7
     182:	6f 90       	pop	r6
     184:	5f 90       	pop	r5
     186:	4f 90       	pop	r4
     188:	3f 90       	pop	r3
     18a:	2f 90       	pop	r2
     18c:	0c 94 e0 08 	jmp	0x11c0	; 0x11c0 <osEE_scheduler_task_wrapper_restore>

00000190 <osEE_hal_ready2stacked>:
     190:	e6 2f       	mov	r30, r22
     192:	f7 2f       	mov	r31, r23
     194:	41 91       	ld	r20, Z+
     196:	50 81       	ld	r21, Z
     198:	4d bf       	out	0x3d, r20	; 61
     19a:	5e bf       	out	0x3e, r21	; 62
     19c:	0c 94 e9 08 	jmp	0x11d2	; 0x11d2 <osEE_scheduler_task_wrapper_run>

000001a0 <osEE_hal_save_ctx_and_ready2stacked>:
     1a0:	2f 92       	push	r2
     1a2:	3f 92       	push	r3
     1a4:	4f 92       	push	r4
     1a6:	5f 92       	push	r5
     1a8:	6f 92       	push	r6
     1aa:	7f 92       	push	r7
     1ac:	8f 92       	push	r8
     1ae:	9f 92       	push	r9
     1b0:	af 92       	push	r10
     1b2:	bf 92       	push	r11
     1b4:	cf 92       	push	r12
     1b6:	df 92       	push	r13
     1b8:	ef 92       	push	r14
     1ba:	ff 92       	push	r15
     1bc:	0f 93       	push	r16
     1be:	1f 93       	push	r17
     1c0:	cf 93       	push	r28
     1c2:	df 93       	push	r29
     1c4:	e4 2f       	mov	r30, r20
     1c6:	f5 2f       	mov	r31, r21
     1c8:	41 90       	ld	r4, Z+
     1ca:	50 80       	ld	r5, Z
     1cc:	4f 92       	push	r4
     1ce:	5f 92       	push	r5
     1d0:	e4 2f       	mov	r30, r20
     1d2:	f5 2f       	mov	r31, r21
     1d4:	4d b6       	in	r4, 0x3d	; 61
     1d6:	5e b6       	in	r5, 0x3e	; 62
     1d8:	41 92       	st	Z+, r4
     1da:	50 82       	st	Z, r5
     1dc:	0c 94 c8 00 	jmp	0x190	; 0x190 <osEE_hal_ready2stacked>

000001e0 <osEE_hal_terminate_ctx>:
     1e0:	e8 2f       	mov	r30, r24
     1e2:	f9 2f       	mov	r31, r25
     1e4:	41 91       	ld	r20, Z+
     1e6:	50 81       	ld	r21, Z
     1e8:	4d bf       	out	0x3d, r20	; 61
     1ea:	5e bf       	out	0x3e, r21	; 62
     1ec:	e6 2f       	mov	r30, r22
     1ee:	f7 2f       	mov	r31, r23
     1f0:	09 94       	ijmp
	...

000001f4 <_ZN5Print17availableForWriteEv>:
     1f4:	90 e0       	ldi	r25, 0x00	; 0
     1f6:	80 e0       	ldi	r24, 0x00	; 0
     1f8:	08 95       	ret

000001fa <_ZN5Print5flushEv>:
     1fa:	08 95       	ret

000001fc <_ZN13LiquidCrystal11pulseEnableEv>:
     1fc:	cf 93       	push	r28
     1fe:	df 93       	push	r29
     200:	ec 01       	movw	r28, r24
     202:	60 e0       	ldi	r22, 0x00	; 0
     204:	8e 81       	ldd	r24, Y+6	; 0x06
     206:	0e 94 2b 05 	call	0xa56	; 0xa56 <digitalWrite>
     20a:	81 e0       	ldi	r24, 0x01	; 1
     20c:	90 e0       	ldi	r25, 0x00	; 0
     20e:	0e 94 80 04 	call	0x900	; 0x900 <delayMicroseconds>
     212:	61 e0       	ldi	r22, 0x01	; 1
     214:	8e 81       	ldd	r24, Y+6	; 0x06
     216:	0e 94 2b 05 	call	0xa56	; 0xa56 <digitalWrite>
     21a:	81 e0       	ldi	r24, 0x01	; 1
     21c:	90 e0       	ldi	r25, 0x00	; 0
     21e:	0e 94 80 04 	call	0x900	; 0x900 <delayMicroseconds>
     222:	60 e0       	ldi	r22, 0x00	; 0
     224:	8e 81       	ldd	r24, Y+6	; 0x06
     226:	0e 94 2b 05 	call	0xa56	; 0xa56 <digitalWrite>
     22a:	84 e6       	ldi	r24, 0x64	; 100
     22c:	90 e0       	ldi	r25, 0x00	; 0
     22e:	df 91       	pop	r29
     230:	cf 91       	pop	r28
     232:	0c 94 80 04 	jmp	0x900	; 0x900 <delayMicroseconds>

00000236 <_ZN13LiquidCrystal10write4bitsEh>:
     236:	cf 92       	push	r12
     238:	df 92       	push	r13
     23a:	ef 92       	push	r14
     23c:	ff 92       	push	r15
     23e:	0f 93       	push	r16
     240:	1f 93       	push	r17
     242:	cf 93       	push	r28
     244:	df 93       	push	r29
     246:	6c 01       	movw	r12, r24
     248:	7c 01       	movw	r14, r24
     24a:	87 e0       	ldi	r24, 0x07	; 7
     24c:	e8 0e       	add	r14, r24
     24e:	f1 1c       	adc	r15, r1
     250:	d0 e0       	ldi	r29, 0x00	; 0
     252:	c0 e0       	ldi	r28, 0x00	; 0
     254:	06 2f       	mov	r16, r22
     256:	10 e0       	ldi	r17, 0x00	; 0
     258:	b8 01       	movw	r22, r16
     25a:	0c 2e       	mov	r0, r28
     25c:	02 c0       	rjmp	.+4      	; 0x262 <_ZN13LiquidCrystal10write4bitsEh+0x2c>
     25e:	75 95       	asr	r23
     260:	67 95       	ror	r22
     262:	0a 94       	dec	r0
     264:	e2 f7       	brpl	.-8      	; 0x25e <_ZN13LiquidCrystal10write4bitsEh+0x28>
     266:	61 70       	andi	r22, 0x01	; 1
     268:	f7 01       	movw	r30, r14
     26a:	81 91       	ld	r24, Z+
     26c:	7f 01       	movw	r14, r30
     26e:	0e 94 2b 05 	call	0xa56	; 0xa56 <digitalWrite>
     272:	21 96       	adiw	r28, 0x01	; 1
     274:	c4 30       	cpi	r28, 0x04	; 4
     276:	d1 05       	cpc	r29, r1
     278:	79 f7       	brne	.-34     	; 0x258 <_ZN13LiquidCrystal10write4bitsEh+0x22>
     27a:	c6 01       	movw	r24, r12
     27c:	df 91       	pop	r29
     27e:	cf 91       	pop	r28
     280:	1f 91       	pop	r17
     282:	0f 91       	pop	r16
     284:	ff 90       	pop	r15
     286:	ef 90       	pop	r14
     288:	df 90       	pop	r13
     28a:	cf 90       	pop	r12
     28c:	0c 94 fe 00 	jmp	0x1fc	; 0x1fc <_ZN13LiquidCrystal11pulseEnableEv>

00000290 <_ZN13LiquidCrystal10write8bitsEh>:
     290:	cf 92       	push	r12
     292:	df 92       	push	r13
     294:	ef 92       	push	r14
     296:	ff 92       	push	r15
     298:	0f 93       	push	r16
     29a:	1f 93       	push	r17
     29c:	cf 93       	push	r28
     29e:	df 93       	push	r29
     2a0:	6c 01       	movw	r12, r24
     2a2:	7c 01       	movw	r14, r24
     2a4:	87 e0       	ldi	r24, 0x07	; 7
     2a6:	e8 0e       	add	r14, r24
     2a8:	f1 1c       	adc	r15, r1
     2aa:	d0 e0       	ldi	r29, 0x00	; 0
     2ac:	c0 e0       	ldi	r28, 0x00	; 0
     2ae:	06 2f       	mov	r16, r22
     2b0:	10 e0       	ldi	r17, 0x00	; 0
     2b2:	b8 01       	movw	r22, r16
     2b4:	0c 2e       	mov	r0, r28
     2b6:	02 c0       	rjmp	.+4      	; 0x2bc <_ZN13LiquidCrystal10write8bitsEh+0x2c>
     2b8:	75 95       	asr	r23
     2ba:	67 95       	ror	r22
     2bc:	0a 94       	dec	r0
     2be:	e2 f7       	brpl	.-8      	; 0x2b8 <_ZN13LiquidCrystal10write8bitsEh+0x28>
     2c0:	61 70       	andi	r22, 0x01	; 1
     2c2:	f7 01       	movw	r30, r14
     2c4:	81 91       	ld	r24, Z+
     2c6:	7f 01       	movw	r14, r30
     2c8:	0e 94 2b 05 	call	0xa56	; 0xa56 <digitalWrite>
     2cc:	21 96       	adiw	r28, 0x01	; 1
     2ce:	c8 30       	cpi	r28, 0x08	; 8
     2d0:	d1 05       	cpc	r29, r1
     2d2:	79 f7       	brne	.-34     	; 0x2b2 <_ZN13LiquidCrystal10write8bitsEh+0x22>
     2d4:	c6 01       	movw	r24, r12
     2d6:	df 91       	pop	r29
     2d8:	cf 91       	pop	r28
     2da:	1f 91       	pop	r17
     2dc:	0f 91       	pop	r16
     2de:	ff 90       	pop	r15
     2e0:	ef 90       	pop	r14
     2e2:	df 90       	pop	r13
     2e4:	cf 90       	pop	r12
     2e6:	0c 94 fe 00 	jmp	0x1fc	; 0x1fc <_ZN13LiquidCrystal11pulseEnableEv>

000002ea <_ZN13LiquidCrystal4sendEhh>:
     2ea:	1f 93       	push	r17
     2ec:	cf 93       	push	r28
     2ee:	df 93       	push	r29
     2f0:	ec 01       	movw	r28, r24
     2f2:	16 2f       	mov	r17, r22
     2f4:	64 2f       	mov	r22, r20
     2f6:	8c 81       	ldd	r24, Y+4	; 0x04
     2f8:	0e 94 2b 05 	call	0xa56	; 0xa56 <digitalWrite>
     2fc:	8d 81       	ldd	r24, Y+5	; 0x05
     2fe:	8f 3f       	cpi	r24, 0xFF	; 255
     300:	19 f0       	breq	.+6      	; 0x308 <_ZN13LiquidCrystal4sendEhh+0x1e>
     302:	60 e0       	ldi	r22, 0x00	; 0
     304:	0e 94 2b 05 	call	0xa56	; 0xa56 <digitalWrite>
     308:	8f 85       	ldd	r24, Y+15	; 0x0f
     30a:	61 2f       	mov	r22, r17
     30c:	84 ff       	sbrs	r24, 4
     30e:	06 c0       	rjmp	.+12     	; 0x31c <_ZN13LiquidCrystal4sendEhh+0x32>
     310:	ce 01       	movw	r24, r28
     312:	df 91       	pop	r29
     314:	cf 91       	pop	r28
     316:	1f 91       	pop	r17
     318:	0c 94 48 01 	jmp	0x290	; 0x290 <_ZN13LiquidCrystal10write8bitsEh>
     31c:	70 e0       	ldi	r23, 0x00	; 0
     31e:	84 e0       	ldi	r24, 0x04	; 4
     320:	75 95       	asr	r23
     322:	67 95       	ror	r22
     324:	8a 95       	dec	r24
     326:	e1 f7       	brne	.-8      	; 0x320 <_ZN13LiquidCrystal4sendEhh+0x36>
     328:	ce 01       	movw	r24, r28
     32a:	0e 94 1b 01 	call	0x236	; 0x236 <_ZN13LiquidCrystal10write4bitsEh>
     32e:	61 2f       	mov	r22, r17
     330:	ce 01       	movw	r24, r28
     332:	df 91       	pop	r29
     334:	cf 91       	pop	r28
     336:	1f 91       	pop	r17
     338:	0c 94 1b 01 	jmp	0x236	; 0x236 <_ZN13LiquidCrystal10write4bitsEh>

0000033c <_ZN13LiquidCrystal7commandEh>:
     33c:	40 e0       	ldi	r20, 0x00	; 0
     33e:	0c 94 75 01 	jmp	0x2ea	; 0x2ea <_ZN13LiquidCrystal4sendEhh>

00000342 <_ZN13LiquidCrystal5clearEv>:
     342:	61 e0       	ldi	r22, 0x01	; 1
     344:	0e 94 9e 01 	call	0x33c	; 0x33c <_ZN13LiquidCrystal7commandEh>
     348:	80 ed       	ldi	r24, 0xD0	; 208
     34a:	97 e0       	ldi	r25, 0x07	; 7
     34c:	0c 94 80 04 	jmp	0x900	; 0x900 <delayMicroseconds>

00000350 <_ZN13LiquidCrystal7displayEv>:
     350:	fc 01       	movw	r30, r24
     352:	60 89       	ldd	r22, Z+16	; 0x10
     354:	26 2f       	mov	r18, r22
     356:	24 60       	ori	r18, 0x04	; 4
     358:	20 8b       	std	Z+16, r18	; 0x10
     35a:	6c 60       	ori	r22, 0x0C	; 12
     35c:	0c 94 9e 01 	jmp	0x33c	; 0x33c <_ZN13LiquidCrystal7commandEh>

00000360 <_ZN13LiquidCrystal5beginEhhh>:
     360:	0f 93       	push	r16
     362:	1f 93       	push	r17
     364:	cf 93       	push	r28
     366:	df 93       	push	r29
     368:	ec 01       	movw	r28, r24
     36a:	42 30       	cpi	r20, 0x02	; 2
     36c:	18 f0       	brcs	.+6      	; 0x374 <_ZN13LiquidCrystal5beginEhhh+0x14>
     36e:	8f 85       	ldd	r24, Y+15	; 0x0f
     370:	88 60       	ori	r24, 0x08	; 8
     372:	8f 87       	std	Y+15, r24	; 0x0f
     374:	4b 8b       	std	Y+19, r20	; 0x13
     376:	1c 8a       	std	Y+20, r1	; 0x14
     378:	80 e4       	ldi	r24, 0x40	; 64
     37a:	8d 8b       	std	Y+21, r24	; 0x15
     37c:	6e 8b       	std	Y+22, r22	; 0x16
     37e:	60 5c       	subi	r22, 0xC0	; 192
     380:	6f 8b       	std	Y+23, r22	; 0x17
     382:	22 23       	and	r18, r18
     384:	29 f0       	breq	.+10     	; 0x390 <_ZN13LiquidCrystal5beginEhhh+0x30>
     386:	41 30       	cpi	r20, 0x01	; 1
     388:	19 f4       	brne	.+6      	; 0x390 <_ZN13LiquidCrystal5beginEhhh+0x30>
     38a:	8f 85       	ldd	r24, Y+15	; 0x0f
     38c:	84 60       	ori	r24, 0x04	; 4
     38e:	8f 87       	std	Y+15, r24	; 0x0f
     390:	61 e0       	ldi	r22, 0x01	; 1
     392:	8c 81       	ldd	r24, Y+4	; 0x04
     394:	0e 94 ef 04 	call	0x9de	; 0x9de <pinMode>
     398:	8d 81       	ldd	r24, Y+5	; 0x05
     39a:	8f 3f       	cpi	r24, 0xFF	; 255
     39c:	19 f0       	breq	.+6      	; 0x3a4 <_ZN13LiquidCrystal5beginEhhh+0x44>
     39e:	61 e0       	ldi	r22, 0x01	; 1
     3a0:	0e 94 ef 04 	call	0x9de	; 0x9de <pinMode>
     3a4:	61 e0       	ldi	r22, 0x01	; 1
     3a6:	8e 81       	ldd	r24, Y+6	; 0x06
     3a8:	0e 94 ef 04 	call	0x9de	; 0x9de <pinMode>
     3ac:	8e 01       	movw	r16, r28
     3ae:	98 01       	movw	r18, r16
     3b0:	2c 1b       	sub	r18, r28
     3b2:	3d 0b       	sbc	r19, r29
     3b4:	8f 85       	ldd	r24, Y+15	; 0x0f
     3b6:	84 fd       	sbrc	r24, 4
     3b8:	0d c0       	rjmp	.+26     	; 0x3d4 <_ZN13LiquidCrystal5beginEhhh+0x74>
     3ba:	84 e0       	ldi	r24, 0x04	; 4
     3bc:	90 e0       	ldi	r25, 0x00	; 0
     3be:	0f 5f       	subi	r16, 0xFF	; 255
     3c0:	1f 4f       	sbci	r17, 0xFF	; 255
     3c2:	28 17       	cp	r18, r24
     3c4:	39 07       	cpc	r19, r25
     3c6:	4c f4       	brge	.+18     	; 0x3da <_ZN13LiquidCrystal5beginEhhh+0x7a>
     3c8:	61 e0       	ldi	r22, 0x01	; 1
     3ca:	f8 01       	movw	r30, r16
     3cc:	86 81       	ldd	r24, Z+6	; 0x06
     3ce:	0e 94 ef 04 	call	0x9de	; 0x9de <pinMode>
     3d2:	ed cf       	rjmp	.-38     	; 0x3ae <_ZN13LiquidCrystal5beginEhhh+0x4e>
     3d4:	88 e0       	ldi	r24, 0x08	; 8
     3d6:	90 e0       	ldi	r25, 0x00	; 0
     3d8:	f2 cf       	rjmp	.-28     	; 0x3be <_ZN13LiquidCrystal5beginEhhh+0x5e>
     3da:	80 e5       	ldi	r24, 0x50	; 80
     3dc:	93 ec       	ldi	r25, 0xC3	; 195
     3de:	0e 94 80 04 	call	0x900	; 0x900 <delayMicroseconds>
     3e2:	60 e0       	ldi	r22, 0x00	; 0
     3e4:	8c 81       	ldd	r24, Y+4	; 0x04
     3e6:	0e 94 2b 05 	call	0xa56	; 0xa56 <digitalWrite>
     3ea:	60 e0       	ldi	r22, 0x00	; 0
     3ec:	8e 81       	ldd	r24, Y+6	; 0x06
     3ee:	0e 94 2b 05 	call	0xa56	; 0xa56 <digitalWrite>
     3f2:	8d 81       	ldd	r24, Y+5	; 0x05
     3f4:	8f 3f       	cpi	r24, 0xFF	; 255
     3f6:	19 f0       	breq	.+6      	; 0x3fe <_ZN13LiquidCrystal5beginEhhh+0x9e>
     3f8:	60 e0       	ldi	r22, 0x00	; 0
     3fa:	0e 94 2b 05 	call	0xa56	; 0xa56 <digitalWrite>
     3fe:	6f 85       	ldd	r22, Y+15	; 0x0f
     400:	64 fd       	sbrc	r22, 4
     402:	33 c0       	rjmp	.+102    	; 0x46a <__LOCK_REGION_LENGTH__+0x6a>
     404:	63 e0       	ldi	r22, 0x03	; 3
     406:	ce 01       	movw	r24, r28
     408:	0e 94 1b 01 	call	0x236	; 0x236 <_ZN13LiquidCrystal10write4bitsEh>
     40c:	84 e9       	ldi	r24, 0x94	; 148
     40e:	91 e1       	ldi	r25, 0x11	; 17
     410:	0e 94 80 04 	call	0x900	; 0x900 <delayMicroseconds>
     414:	63 e0       	ldi	r22, 0x03	; 3
     416:	ce 01       	movw	r24, r28
     418:	0e 94 1b 01 	call	0x236	; 0x236 <_ZN13LiquidCrystal10write4bitsEh>
     41c:	84 e9       	ldi	r24, 0x94	; 148
     41e:	91 e1       	ldi	r25, 0x11	; 17
     420:	0e 94 80 04 	call	0x900	; 0x900 <delayMicroseconds>
     424:	63 e0       	ldi	r22, 0x03	; 3
     426:	ce 01       	movw	r24, r28
     428:	0e 94 1b 01 	call	0x236	; 0x236 <_ZN13LiquidCrystal10write4bitsEh>
     42c:	86 e9       	ldi	r24, 0x96	; 150
     42e:	90 e0       	ldi	r25, 0x00	; 0
     430:	0e 94 80 04 	call	0x900	; 0x900 <delayMicroseconds>
     434:	62 e0       	ldi	r22, 0x02	; 2
     436:	ce 01       	movw	r24, r28
     438:	0e 94 1b 01 	call	0x236	; 0x236 <_ZN13LiquidCrystal10write4bitsEh>
     43c:	6f 85       	ldd	r22, Y+15	; 0x0f
     43e:	60 62       	ori	r22, 0x20	; 32
     440:	ce 01       	movw	r24, r28
     442:	0e 94 9e 01 	call	0x33c	; 0x33c <_ZN13LiquidCrystal7commandEh>
     446:	84 e0       	ldi	r24, 0x04	; 4
     448:	88 8b       	std	Y+16, r24	; 0x10
     44a:	ce 01       	movw	r24, r28
     44c:	0e 94 a8 01 	call	0x350	; 0x350 <_ZN13LiquidCrystal7displayEv>
     450:	ce 01       	movw	r24, r28
     452:	0e 94 a1 01 	call	0x342	; 0x342 <_ZN13LiquidCrystal5clearEv>
     456:	82 e0       	ldi	r24, 0x02	; 2
     458:	89 8b       	std	Y+17, r24	; 0x11
     45a:	66 e0       	ldi	r22, 0x06	; 6
     45c:	ce 01       	movw	r24, r28
     45e:	df 91       	pop	r29
     460:	cf 91       	pop	r28
     462:	1f 91       	pop	r17
     464:	0f 91       	pop	r16
     466:	0c 94 9e 01 	jmp	0x33c	; 0x33c <_ZN13LiquidCrystal7commandEh>
     46a:	60 62       	ori	r22, 0x20	; 32
     46c:	ce 01       	movw	r24, r28
     46e:	0e 94 9e 01 	call	0x33c	; 0x33c <_ZN13LiquidCrystal7commandEh>
     472:	84 e9       	ldi	r24, 0x94	; 148
     474:	91 e1       	ldi	r25, 0x11	; 17
     476:	0e 94 80 04 	call	0x900	; 0x900 <delayMicroseconds>
     47a:	6f 85       	ldd	r22, Y+15	; 0x0f
     47c:	60 62       	ori	r22, 0x20	; 32
     47e:	ce 01       	movw	r24, r28
     480:	0e 94 9e 01 	call	0x33c	; 0x33c <_ZN13LiquidCrystal7commandEh>
     484:	86 e9       	ldi	r24, 0x96	; 150
     486:	90 e0       	ldi	r25, 0x00	; 0
     488:	0e 94 80 04 	call	0x900	; 0x900 <delayMicroseconds>
     48c:	6f 85       	ldd	r22, Y+15	; 0x0f
     48e:	60 62       	ori	r22, 0x20	; 32
     490:	ce 01       	movw	r24, r28
     492:	0e 94 9e 01 	call	0x33c	; 0x33c <_ZN13LiquidCrystal7commandEh>
     496:	d2 cf       	rjmp	.-92     	; 0x43c <__LOCK_REGION_LENGTH__+0x3c>

00000498 <_ZN13LiquidCrystalC1Ehhhhhh>:
     498:	cf 92       	push	r12
     49a:	ef 92       	push	r14
     49c:	0f 93       	push	r16
     49e:	fc 01       	movw	r30, r24
     4a0:	13 82       	std	Z+3, r1	; 0x03
     4a2:	12 82       	std	Z+2, r1	; 0x02
     4a4:	8c e6       	ldi	r24, 0x6C	; 108
     4a6:	91 e0       	ldi	r25, 0x01	; 1
     4a8:	91 83       	std	Z+1, r25	; 0x01
     4aa:	80 83       	st	Z, r24
     4ac:	64 83       	std	Z+4, r22	; 0x04
     4ae:	8f ef       	ldi	r24, 0xFF	; 255
     4b0:	85 83       	std	Z+5, r24	; 0x05
     4b2:	46 83       	std	Z+6, r20	; 0x06
     4b4:	27 83       	std	Z+7, r18	; 0x07
     4b6:	00 87       	std	Z+8, r16	; 0x08
     4b8:	e1 86       	std	Z+9, r14	; 0x09
     4ba:	c2 86       	std	Z+10, r12	; 0x0a
     4bc:	13 86       	std	Z+11, r1	; 0x0b
     4be:	14 86       	std	Z+12, r1	; 0x0c
     4c0:	15 86       	std	Z+13, r1	; 0x0d
     4c2:	16 86       	std	Z+14, r1	; 0x0e
     4c4:	17 86       	std	Z+15, r1	; 0x0f
     4c6:	20 e0       	ldi	r18, 0x00	; 0
     4c8:	41 e0       	ldi	r20, 0x01	; 1
     4ca:	60 e1       	ldi	r22, 0x10	; 16
     4cc:	cf 01       	movw	r24, r30
     4ce:	0f 91       	pop	r16
     4d0:	ef 90       	pop	r14
     4d2:	cf 90       	pop	r12
     4d4:	0c 94 b0 01 	jmp	0x360	; 0x360 <_ZN13LiquidCrystal5beginEhhh>

000004d8 <_ZN13LiquidCrystal5writeEh>:
     4d8:	41 e0       	ldi	r20, 0x01	; 1
     4da:	0e 94 75 01 	call	0x2ea	; 0x2ea <_ZN13LiquidCrystal4sendEhh>
     4de:	81 e0       	ldi	r24, 0x01	; 1
     4e0:	90 e0       	ldi	r25, 0x00	; 0
     4e2:	08 95       	ret

000004e4 <FuncTask1>:
     4e4:	0e 94 65 03 	call	0x6ca	; 0x6ca <lcd_clear>
     4e8:	80 91 97 02 	lds	r24, 0x0297	; 0x800297 <__data_end+0x1>
     4ec:	8f 93       	push	r24
     4ee:	80 91 96 02 	lds	r24, 0x0296	; 0x800296 <__data_end>
     4f2:	8f 93       	push	r24
     4f4:	84 e7       	ldi	r24, 0x74	; 116
     4f6:	91 e0       	ldi	r25, 0x01	; 1
     4f8:	9f 93       	push	r25
     4fa:	8f 93       	push	r24
     4fc:	0e 94 3c 03 	call	0x678	; 0x678 <lcd_print>
     500:	80 91 96 02 	lds	r24, 0x0296	; 0x800296 <__data_end>
     504:	90 91 97 02 	lds	r25, 0x0297	; 0x800297 <__data_end+0x1>
     508:	44 96       	adiw	r24, 0x14	; 20
     50a:	90 93 97 02 	sts	0x0297, r25	; 0x800297 <__data_end+0x1>
     50e:	80 93 96 02 	sts	0x0296, r24	; 0x800296 <__data_end>
     512:	0f 90       	pop	r0
     514:	0f 90       	pop	r0
     516:	0f 90       	pop	r0
     518:	0f 90       	pop	r0
     51a:	0c 94 97 08 	jmp	0x112e	; 0x112e <TerminateTask>

0000051e <FuncTask2>:
     51e:	0e 94 65 03 	call	0x6ca	; 0x6ca <lcd_clear>
     522:	8d e7       	ldi	r24, 0x7D	; 125
     524:	91 e0       	ldi	r25, 0x01	; 1
     526:	9f 93       	push	r25
     528:	8f 93       	push	r24
     52a:	0e 94 3c 03 	call	0x678	; 0x678 <lcd_print>
     52e:	87 e8       	ldi	r24, 0x87	; 135
     530:	91 e0       	ldi	r25, 0x01	; 1
     532:	9f 93       	push	r25
     534:	8f 93       	push	r24
     536:	0e 94 b1 03 	call	0x762	; 0x762 <printfSerial>
     53a:	10 92 04 01 	sts	0x0104, r1	; 0x800104 <state>
     53e:	10 92 97 02 	sts	0x0297, r1	; 0x800297 <__data_end+0x1>
     542:	10 92 96 02 	sts	0x0296, r1	; 0x800296 <__data_end>
     546:	68 eb       	ldi	r22, 0xB8	; 184
     548:	7b e0       	ldi	r23, 0x0B	; 11
     54a:	80 e0       	ldi	r24, 0x00	; 0
     54c:	90 e0       	ldi	r25, 0x00	; 0
     54e:	0e 94 69 03 	call	0x6d2	; 0x6d2 <mdelay>
     552:	81 e0       	ldi	r24, 0x01	; 1
     554:	80 93 04 01 	sts	0x0104, r24	; 0x800104 <state>
     558:	88 ee       	ldi	r24, 0xE8	; 232
     55a:	93 e0       	ldi	r25, 0x03	; 3
     55c:	90 93 97 02 	sts	0x0297, r25	; 0x800297 <__data_end+0x1>
     560:	80 93 96 02 	sts	0x0296, r24	; 0x800296 <__data_end>
     564:	0f 90       	pop	r0
     566:	0f 90       	pop	r0
     568:	0f 90       	pop	r0
     56a:	0f 90       	pop	r0
     56c:	0c 94 97 08 	jmp	0x112e	; 0x112e <TerminateTask>

00000570 <TimerISR>:
     570:	80 e0       	ldi	r24, 0x00	; 0
     572:	0e 94 b1 08 	call	0x1162	; 0x1162 <IncrementCounter>
     576:	80 91 04 01 	lds	r24, 0x0104	; 0x800104 <state>
     57a:	23 e9       	ldi	r18, 0x93	; 147
     57c:	31 e0       	ldi	r19, 0x01	; 1
     57e:	81 11       	cpse	r24, r1
     580:	02 c0       	rjmp	.+4      	; 0x586 <TimerISR+0x16>
     582:	28 e9       	ldi	r18, 0x98	; 152
     584:	31 e0       	ldi	r19, 0x01	; 1
     586:	40 91 00 01 	lds	r20, 0x0100	; 0x800100 <__data_start>
     58a:	50 91 01 01 	lds	r21, 0x0101	; 0x800101 <__data_start+0x1>
     58e:	60 91 02 01 	lds	r22, 0x0102	; 0x800102 <__data_start+0x2>
     592:	70 91 03 01 	lds	r23, 0x0103	; 0x800103 <__data_start+0x3>
     596:	db 01       	movw	r26, r22
     598:	ca 01       	movw	r24, r20
     59a:	01 96       	adiw	r24, 0x01	; 1
     59c:	a1 1d       	adc	r26, r1
     59e:	b1 1d       	adc	r27, r1
     5a0:	41 15       	cp	r20, r1
     5a2:	51 05       	cpc	r21, r1
     5a4:	61 05       	cpc	r22, r1
     5a6:	71 05       	cpc	r23, r1
     5a8:	49 f5       	brne	.+82     	; 0x5fc <TimerISR+0x8c>
     5aa:	48 ee       	ldi	r20, 0xE8	; 232
     5ac:	53 e0       	ldi	r21, 0x03	; 3
     5ae:	50 93 97 02 	sts	0x0297, r21	; 0x800297 <__data_end+0x1>
     5b2:	40 93 96 02 	sts	0x0296, r20	; 0x800296 <__data_end>
     5b6:	40 91 96 02 	lds	r20, 0x0296	; 0x800296 <__data_end>
     5ba:	50 91 97 02 	lds	r21, 0x0297	; 0x800297 <__data_end+0x1>
     5be:	80 93 00 01 	sts	0x0100, r24	; 0x800100 <__data_start>
     5c2:	90 93 01 01 	sts	0x0101, r25	; 0x800101 <__data_start+0x1>
     5c6:	a0 93 02 01 	sts	0x0102, r26	; 0x800102 <__data_start+0x2>
     5ca:	b0 93 03 01 	sts	0x0103, r27	; 0x800103 <__data_start+0x3>
     5ce:	5f 93       	push	r21
     5d0:	4f 93       	push	r20
     5d2:	3f 93       	push	r19
     5d4:	2f 93       	push	r18
     5d6:	bf 93       	push	r27
     5d8:	af 93       	push	r26
     5da:	9f 93       	push	r25
     5dc:	8f 93       	push	r24
     5de:	85 ea       	ldi	r24, 0xA5	; 165
     5e0:	91 e0       	ldi	r25, 0x01	; 1
     5e2:	9f 93       	push	r25
     5e4:	8f 93       	push	r24
     5e6:	0e 94 b1 03 	call	0x762	; 0x762 <printfSerial>
     5ea:	8d b7       	in	r24, 0x3d	; 61
     5ec:	9e b7       	in	r25, 0x3e	; 62
     5ee:	0a 96       	adiw	r24, 0x0a	; 10
     5f0:	0f b6       	in	r0, 0x3f	; 63
     5f2:	f8 94       	cli
     5f4:	9e bf       	out	0x3e, r25	; 62
     5f6:	0f be       	out	0x3f, r0	; 63
     5f8:	8d bf       	out	0x3d, r24	; 61
     5fa:	08 95       	ret
     5fc:	77 ff       	sbrs	r23, 7
     5fe:	db cf       	rjmp	.-74     	; 0x5b6 <TimerISR+0x46>
     600:	80 93 00 01 	sts	0x0100, r24	; 0x800100 <__data_start>
     604:	90 93 01 01 	sts	0x0101, r25	; 0x800101 <__data_start+0x1>
     608:	a0 93 02 01 	sts	0x0102, r26	; 0x800102 <__data_start+0x2>
     60c:	b0 93 03 01 	sts	0x0103, r27	; 0x800103 <__data_start+0x3>
     610:	bf 93       	push	r27
     612:	af 93       	push	r26
     614:	9f 93       	push	r25
     616:	8f 93       	push	r24
     618:	8d e9       	ldi	r24, 0x9D	; 157
     61a:	91 e0       	ldi	r25, 0x01	; 1
     61c:	9f 93       	push	r25
     61e:	8f 93       	push	r24
     620:	0e 94 b1 03 	call	0x762	; 0x762 <printfSerial>
     624:	0f 90       	pop	r0
     626:	0f 90       	pop	r0
     628:	0f 90       	pop	r0
     62a:	0f 90       	pop	r0
     62c:	0f 90       	pop	r0
     62e:	0f 90       	pop	r0
     630:	08 95       	ret

00000632 <ButtonISR>:
     632:	0e 94 c9 07 	call	0xf92	; 0xf92 <DisableAllInterrupts>
     636:	30 99       	sbic	0x06, 0	; 6
     638:	13 c0       	rjmp	.+38     	; 0x660 <ButtonISR+0x2e>
     63a:	8a eb       	ldi	r24, 0xBA	; 186
     63c:	91 e0       	ldi	r25, 0x01	; 1
     63e:	9f 93       	push	r25
     640:	8f 93       	push	r24
     642:	0e 94 b1 03 	call	0x762	; 0x762 <printfSerial>
     646:	8e e0       	ldi	r24, 0x0E	; 14
     648:	0e 94 59 05 	call	0xab2	; 0xab2 <analogRead>
     64c:	0f 90       	pop	r0
     64e:	0f 90       	pop	r0
     650:	88 3c       	cpi	r24, 0xC8	; 200
     652:	91 05       	cpc	r25, r1
     654:	1c f4       	brge	.+6      	; 0x65c <ButtonISR+0x2a>
     656:	83 e0       	ldi	r24, 0x03	; 3
     658:	0e 94 62 08 	call	0x10c4	; 0x10c4 <ActivateTask>
     65c:	0c 94 d1 07 	jmp	0xfa2	; 0xfa2 <EnableAllInterrupts>
     660:	08 95       	ret

00000662 <lcd_init>:
     662:	20 e0       	ldi	r18, 0x00	; 0
     664:	42 e0       	ldi	r20, 0x02	; 2
     666:	60 e1       	ldi	r22, 0x10	; 16
     668:	88 e9       	ldi	r24, 0x98	; 152
     66a:	92 e0       	ldi	r25, 0x02	; 2
     66c:	0e 94 b0 01 	call	0x360	; 0x360 <_ZN13LiquidCrystal5beginEhhh>
     670:	88 e9       	ldi	r24, 0x98	; 152
     672:	92 e0       	ldi	r25, 0x02	; 2
     674:	0c 94 a1 01 	jmp	0x342	; 0x342 <_ZN13LiquidCrystal5clearEv>

00000678 <lcd_print>:
     678:	cf 93       	push	r28
     67a:	df 93       	push	r29
     67c:	cd b7       	in	r28, 0x3d	; 61
     67e:	de b7       	in	r29, 0x3e	; 62
     680:	c0 58       	subi	r28, 0x80	; 128
     682:	d1 09       	sbc	r29, r1
     684:	0f b6       	in	r0, 0x3f	; 63
     686:	f8 94       	cli
     688:	de bf       	out	0x3e, r29	; 62
     68a:	0f be       	out	0x3f, r0	; 63
     68c:	cd bf       	out	0x3d, r28	; 61
     68e:	9e 01       	movw	r18, r28
     690:	2b 57       	subi	r18, 0x7B	; 123
     692:	3f 4f       	sbci	r19, 0xFF	; 255
     694:	f9 01       	movw	r30, r18
     696:	41 91       	ld	r20, Z+
     698:	51 91       	ld	r21, Z+
     69a:	9f 01       	movw	r18, r30
     69c:	60 e8       	ldi	r22, 0x80	; 128
     69e:	70 e0       	ldi	r23, 0x00	; 0
     6a0:	ce 01       	movw	r24, r28
     6a2:	01 96       	adiw	r24, 0x01	; 1
     6a4:	0e 94 f3 0d 	call	0x1be6	; 0x1be6 <vsnprintf>
     6a8:	be 01       	movw	r22, r28
     6aa:	6f 5f       	subi	r22, 0xFF	; 255
     6ac:	7f 4f       	sbci	r23, 0xFF	; 255
     6ae:	88 e9       	ldi	r24, 0x98	; 152
     6b0:	92 e0       	ldi	r25, 0x02	; 2
     6b2:	0e 94 63 07 	call	0xec6	; 0xec6 <_ZN5Print5printEPKc>
     6b6:	c0 58       	subi	r28, 0x80	; 128
     6b8:	df 4f       	sbci	r29, 0xFF	; 255
     6ba:	0f b6       	in	r0, 0x3f	; 63
     6bc:	f8 94       	cli
     6be:	de bf       	out	0x3e, r29	; 62
     6c0:	0f be       	out	0x3f, r0	; 63
     6c2:	cd bf       	out	0x3d, r28	; 61
     6c4:	df 91       	pop	r29
     6c6:	cf 91       	pop	r28
     6c8:	08 95       	ret

000006ca <lcd_clear>:
     6ca:	88 e9       	ldi	r24, 0x98	; 152
     6cc:	92 e0       	ldi	r25, 0x02	; 2
     6ce:	0c 94 a1 01 	jmp	0x342	; 0x342 <_ZN13LiquidCrystal5clearEv>

000006d2 <mdelay>:
     6d2:	4f 92       	push	r4
     6d4:	5f 92       	push	r5
     6d6:	6f 92       	push	r6
     6d8:	7f 92       	push	r7
     6da:	8f 92       	push	r8
     6dc:	9f 92       	push	r9
     6de:	af 92       	push	r10
     6e0:	bf 92       	push	r11
     6e2:	cf 92       	push	r12
     6e4:	df 92       	push	r13
     6e6:	ef 92       	push	r14
     6e8:	ff 92       	push	r15
     6ea:	6b 01       	movw	r12, r22
     6ec:	7c 01       	movw	r14, r24
     6ee:	0e 94 74 04 	call	0x8e8	; 0x8e8 <millis>
     6f2:	4b 01       	movw	r8, r22
     6f4:	5c 01       	movw	r10, r24
     6f6:	0e 94 74 04 	call	0x8e8	; 0x8e8 <millis>
     6fa:	c7 01       	movw	r24, r14
     6fc:	b6 01       	movw	r22, r12
     6fe:	24 e1       	ldi	r18, 0x14	; 20
     700:	30 e0       	ldi	r19, 0x00	; 0
     702:	40 e0       	ldi	r20, 0x00	; 0
     704:	50 e0       	ldi	r21, 0x00	; 0
     706:	0e 94 cb 0d 	call	0x1b96	; 0x1b96 <__udivmodsi4>
     70a:	29 01       	movw	r4, r18
     70c:	3a 01       	movw	r6, r20
     70e:	c1 2c       	mov	r12, r1
     710:	d1 2c       	mov	r13, r1
     712:	76 01       	movw	r14, r12
     714:	4c 14       	cp	r4, r12
     716:	5d 04       	cpc	r5, r13
     718:	6e 04       	cpc	r6, r14
     71a:	7f 04       	cpc	r7, r15
     71c:	a9 f0       	breq	.+42     	; 0x748 <mdelay+0x76>
     71e:	0e 94 74 04 	call	0x8e8	; 0x8e8 <millis>
     722:	68 19       	sub	r22, r8
     724:	79 09       	sbc	r23, r9
     726:	8a 09       	sbc	r24, r10
     728:	9b 09       	sbc	r25, r11
     72a:	64 31       	cpi	r22, 0x14	; 20
     72c:	71 05       	cpc	r23, r1
     72e:	81 05       	cpc	r24, r1
     730:	91 05       	cpc	r25, r1
     732:	80 f3       	brcs	.-32     	; 0x714 <mdelay+0x42>
     734:	8f ef       	ldi	r24, 0xFF	; 255
     736:	c8 1a       	sub	r12, r24
     738:	d8 0a       	sbc	r13, r24
     73a:	e8 0a       	sbc	r14, r24
     73c:	f8 0a       	sbc	r15, r24
     73e:	0e 94 74 04 	call	0x8e8	; 0x8e8 <millis>
     742:	4b 01       	movw	r8, r22
     744:	5c 01       	movw	r10, r24
     746:	e6 cf       	rjmp	.-52     	; 0x714 <mdelay+0x42>
     748:	ff 90       	pop	r15
     74a:	ef 90       	pop	r14
     74c:	df 90       	pop	r13
     74e:	cf 90       	pop	r12
     750:	bf 90       	pop	r11
     752:	af 90       	pop	r10
     754:	9f 90       	pop	r9
     756:	8f 90       	pop	r8
     758:	7f 90       	pop	r7
     75a:	6f 90       	pop	r6
     75c:	5f 90       	pop	r5
     75e:	4f 90       	pop	r4
     760:	08 95       	ret

00000762 <printfSerial>:
     762:	cf 93       	push	r28
     764:	df 93       	push	r29
     766:	cd b7       	in	r28, 0x3d	; 61
     768:	de b7       	in	r29, 0x3e	; 62
     76a:	c0 58       	subi	r28, 0x80	; 128
     76c:	d1 09       	sbc	r29, r1
     76e:	0f b6       	in	r0, 0x3f	; 63
     770:	f8 94       	cli
     772:	de bf       	out	0x3e, r29	; 62
     774:	0f be       	out	0x3f, r0	; 63
     776:	cd bf       	out	0x3d, r28	; 61
     778:	9e 01       	movw	r18, r28
     77a:	2b 57       	subi	r18, 0x7B	; 123
     77c:	3f 4f       	sbci	r19, 0xFF	; 255
     77e:	f9 01       	movw	r30, r18
     780:	41 91       	ld	r20, Z+
     782:	51 91       	ld	r21, Z+
     784:	9f 01       	movw	r18, r30
     786:	60 e8       	ldi	r22, 0x80	; 128
     788:	70 e0       	ldi	r23, 0x00	; 0
     78a:	ce 01       	movw	r24, r28
     78c:	01 96       	adiw	r24, 0x01	; 1
     78e:	0e 94 f3 0d 	call	0x1be6	; 0x1be6 <vsnprintf>
     792:	be 01       	movw	r22, r28
     794:	6f 5f       	subi	r22, 0xFF	; 255
     796:	7f 4f       	sbci	r23, 0xFF	; 255
     798:	8a ec       	ldi	r24, 0xCA	; 202
     79a:	94 e0       	ldi	r25, 0x04	; 4
     79c:	0e 94 63 07 	call	0xec6	; 0xec6 <_ZN5Print5printEPKc>
     7a0:	c0 58       	subi	r28, 0x80	; 128
     7a2:	df 4f       	sbci	r29, 0xFF	; 255
     7a4:	0f b6       	in	r0, 0x3f	; 63
     7a6:	f8 94       	cli
     7a8:	de bf       	out	0x3e, r29	; 62
     7aa:	0f be       	out	0x3f, r0	; 63
     7ac:	cd bf       	out	0x3d, r28	; 61
     7ae:	df 91       	pop	r29
     7b0:	cf 91       	pop	r28
     7b2:	08 95       	ret

000007b4 <setup>:
     7b4:	26 e0       	ldi	r18, 0x06	; 6
     7b6:	40 e8       	ldi	r20, 0x80	; 128
     7b8:	55 e2       	ldi	r21, 0x25	; 37
     7ba:	60 e0       	ldi	r22, 0x00	; 0
     7bc:	70 e0       	ldi	r23, 0x00	; 0
     7be:	8a ec       	ldi	r24, 0xCA	; 202
     7c0:	94 e0       	ldi	r25, 0x04	; 4
     7c2:	0e 94 40 06 	call	0xc80	; 0xc80 <_ZN14HardwareSerial5beginEmh>
     7c6:	0e 94 31 03 	call	0x662	; 0x662 <lcd_init>
     7ca:	60 e4       	ldi	r22, 0x40	; 64
     7cc:	72 e4       	ldi	r23, 0x42	; 66
     7ce:	8f e0       	ldi	r24, 0x0F	; 15
     7d0:	90 e0       	ldi	r25, 0x00	; 0
     7d2:	0c 94 6b 07 	jmp	0xed6	; 0xed6 <OsEE_atmega_startTimer1>

000007d6 <main>:
     7d6:	81 e0       	ldi	r24, 0x01	; 1
     7d8:	88 b9       	out	0x08, r24	; 8
     7da:	92 e0       	ldi	r25, 0x02	; 2
     7dc:	90 93 68 00 	sts	0x0068, r25	; 0x800068 <__DATA_REGION_ORIGIN__+0x8>
     7e0:	80 93 6c 00 	sts	0x006C, r24	; 0x80006c <__DATA_REGION_ORIGIN__+0xc>
     7e4:	8f ef       	ldi	r24, 0xFF	; 255
     7e6:	8c bb       	out	0x1c, r24	; 28
     7e8:	78 94       	sei
     7ea:	0e 94 8b 04 	call	0x916	; 0x916 <init>
     7ee:	0e 94 da 03 	call	0x7b4	; 0x7b4 <setup>
     7f2:	87 ec       	ldi	r24, 0xC7	; 199
     7f4:	91 e0       	ldi	r25, 0x01	; 1
     7f6:	9f 93       	push	r25
     7f8:	8f 93       	push	r24
     7fa:	0e 94 b1 03 	call	0x762	; 0x762 <printfSerial>
     7fe:	89 ed       	ldi	r24, 0xD9	; 217
     800:	91 e0       	ldi	r25, 0x01	; 1
     802:	9f 93       	push	r25
     804:	8f 93       	push	r24
     806:	0e 94 b1 03 	call	0x762	; 0x762 <printfSerial>
     80a:	88 ec       	ldi	r24, 0xC8	; 200
     80c:	91 e0       	ldi	r25, 0x01	; 1
     80e:	9f 93       	push	r25
     810:	8f 93       	push	r24
     812:	0e 94 b1 03 	call	0x762	; 0x762 <printfSerial>
     816:	80 e0       	ldi	r24, 0x00	; 0
     818:	0e 94 db 07 	call	0xfb6	; 0xfb6 <StartOS>
     81c:	0f 90       	pop	r0
     81e:	0f 90       	pop	r0
     820:	0f 90       	pop	r0
     822:	0f 90       	pop	r0
     824:	0f 90       	pop	r0
     826:	0f 90       	pop	r0
     828:	90 e0       	ldi	r25, 0x00	; 0
     82a:	80 e0       	ldi	r24, 0x00	; 0
     82c:	08 95       	ret

0000082e <_GLOBAL__sub_I_lcd>:
     82e:	cf 92       	push	r12
     830:	ef 92       	push	r14
     832:	0f 93       	push	r16
     834:	87 e0       	ldi	r24, 0x07	; 7
     836:	c8 2e       	mov	r12, r24
     838:	96 e0       	ldi	r25, 0x06	; 6
     83a:	e9 2e       	mov	r14, r25
     83c:	05 e0       	ldi	r16, 0x05	; 5
     83e:	24 e0       	ldi	r18, 0x04	; 4
     840:	49 e0       	ldi	r20, 0x09	; 9
     842:	68 e0       	ldi	r22, 0x08	; 8
     844:	88 e9       	ldi	r24, 0x98	; 152
     846:	92 e0       	ldi	r25, 0x02	; 2
     848:	0e 94 4c 02 	call	0x498	; 0x498 <_ZN13LiquidCrystalC1Ehhhhhh>
     84c:	0f 91       	pop	r16
     84e:	ef 90       	pop	r14
     850:	cf 90       	pop	r12
     852:	08 95       	ret

00000854 <__vector_16>:
     854:	1f 92       	push	r1
     856:	0f 92       	push	r0
     858:	0f b6       	in	r0, 0x3f	; 63
     85a:	0f 92       	push	r0
     85c:	11 24       	eor	r1, r1
     85e:	2f 93       	push	r18
     860:	3f 93       	push	r19
     862:	8f 93       	push	r24
     864:	9f 93       	push	r25
     866:	af 93       	push	r26
     868:	bf 93       	push	r27
     86a:	80 91 c2 04 	lds	r24, 0x04C2	; 0x8004c2 <timer0_millis>
     86e:	90 91 c3 04 	lds	r25, 0x04C3	; 0x8004c3 <timer0_millis+0x1>
     872:	a0 91 c4 04 	lds	r26, 0x04C4	; 0x8004c4 <timer0_millis+0x2>
     876:	b0 91 c5 04 	lds	r27, 0x04C5	; 0x8004c5 <timer0_millis+0x3>
     87a:	30 91 c1 04 	lds	r19, 0x04C1	; 0x8004c1 <timer0_fract>
     87e:	23 e0       	ldi	r18, 0x03	; 3
     880:	23 0f       	add	r18, r19
     882:	2d 37       	cpi	r18, 0x7D	; 125
     884:	58 f5       	brcc	.+86     	; 0x8dc <__vector_16+0x88>
     886:	01 96       	adiw	r24, 0x01	; 1
     888:	a1 1d       	adc	r26, r1
     88a:	b1 1d       	adc	r27, r1
     88c:	20 93 c1 04 	sts	0x04C1, r18	; 0x8004c1 <timer0_fract>
     890:	80 93 c2 04 	sts	0x04C2, r24	; 0x8004c2 <timer0_millis>
     894:	90 93 c3 04 	sts	0x04C3, r25	; 0x8004c3 <timer0_millis+0x1>
     898:	a0 93 c4 04 	sts	0x04C4, r26	; 0x8004c4 <timer0_millis+0x2>
     89c:	b0 93 c5 04 	sts	0x04C5, r27	; 0x8004c5 <timer0_millis+0x3>
     8a0:	80 91 c6 04 	lds	r24, 0x04C6	; 0x8004c6 <timer0_overflow_count>
     8a4:	90 91 c7 04 	lds	r25, 0x04C7	; 0x8004c7 <timer0_overflow_count+0x1>
     8a8:	a0 91 c8 04 	lds	r26, 0x04C8	; 0x8004c8 <timer0_overflow_count+0x2>
     8ac:	b0 91 c9 04 	lds	r27, 0x04C9	; 0x8004c9 <timer0_overflow_count+0x3>
     8b0:	01 96       	adiw	r24, 0x01	; 1
     8b2:	a1 1d       	adc	r26, r1
     8b4:	b1 1d       	adc	r27, r1
     8b6:	80 93 c6 04 	sts	0x04C6, r24	; 0x8004c6 <timer0_overflow_count>
     8ba:	90 93 c7 04 	sts	0x04C7, r25	; 0x8004c7 <timer0_overflow_count+0x1>
     8be:	a0 93 c8 04 	sts	0x04C8, r26	; 0x8004c8 <timer0_overflow_count+0x2>
     8c2:	b0 93 c9 04 	sts	0x04C9, r27	; 0x8004c9 <timer0_overflow_count+0x3>
     8c6:	bf 91       	pop	r27
     8c8:	af 91       	pop	r26
     8ca:	9f 91       	pop	r25
     8cc:	8f 91       	pop	r24
     8ce:	3f 91       	pop	r19
     8d0:	2f 91       	pop	r18
     8d2:	0f 90       	pop	r0
     8d4:	0f be       	out	0x3f, r0	; 63
     8d6:	0f 90       	pop	r0
     8d8:	1f 90       	pop	r1
     8da:	18 95       	reti
     8dc:	26 e8       	ldi	r18, 0x86	; 134
     8de:	23 0f       	add	r18, r19
     8e0:	02 96       	adiw	r24, 0x02	; 2
     8e2:	a1 1d       	adc	r26, r1
     8e4:	b1 1d       	adc	r27, r1
     8e6:	d2 cf       	rjmp	.-92     	; 0x88c <__vector_16+0x38>

000008e8 <millis>:
     8e8:	2f b7       	in	r18, 0x3f	; 63
     8ea:	f8 94       	cli
     8ec:	60 91 c2 04 	lds	r22, 0x04C2	; 0x8004c2 <timer0_millis>
     8f0:	70 91 c3 04 	lds	r23, 0x04C3	; 0x8004c3 <timer0_millis+0x1>
     8f4:	80 91 c4 04 	lds	r24, 0x04C4	; 0x8004c4 <timer0_millis+0x2>
     8f8:	90 91 c5 04 	lds	r25, 0x04C5	; 0x8004c5 <timer0_millis+0x3>
     8fc:	2f bf       	out	0x3f, r18	; 63
     8fe:	08 95       	ret

00000900 <delayMicroseconds>:
     900:	82 30       	cpi	r24, 0x02	; 2
     902:	91 05       	cpc	r25, r1
     904:	38 f0       	brcs	.+14     	; 0x914 <delayMicroseconds+0x14>
     906:	88 0f       	add	r24, r24
     908:	99 1f       	adc	r25, r25
     90a:	88 0f       	add	r24, r24
     90c:	99 1f       	adc	r25, r25
     90e:	05 97       	sbiw	r24, 0x05	; 5
     910:	01 97       	sbiw	r24, 0x01	; 1
     912:	f1 f7       	brne	.-4      	; 0x910 <delayMicroseconds+0x10>
     914:	08 95       	ret

00000916 <init>:
     916:	78 94       	sei
     918:	84 b5       	in	r24, 0x24	; 36
     91a:	82 60       	ori	r24, 0x02	; 2
     91c:	84 bd       	out	0x24, r24	; 36
     91e:	84 b5       	in	r24, 0x24	; 36
     920:	81 60       	ori	r24, 0x01	; 1
     922:	84 bd       	out	0x24, r24	; 36
     924:	85 b5       	in	r24, 0x25	; 37
     926:	82 60       	ori	r24, 0x02	; 2
     928:	85 bd       	out	0x25, r24	; 37
     92a:	85 b5       	in	r24, 0x25	; 37
     92c:	81 60       	ori	r24, 0x01	; 1
     92e:	85 bd       	out	0x25, r24	; 37
     930:	ee e6       	ldi	r30, 0x6E	; 110
     932:	f0 e0       	ldi	r31, 0x00	; 0
     934:	80 81       	ld	r24, Z
     936:	81 60       	ori	r24, 0x01	; 1
     938:	80 83       	st	Z, r24
     93a:	e1 e8       	ldi	r30, 0x81	; 129
     93c:	f0 e0       	ldi	r31, 0x00	; 0
     93e:	10 82       	st	Z, r1
     940:	80 81       	ld	r24, Z
     942:	82 60       	ori	r24, 0x02	; 2
     944:	80 83       	st	Z, r24
     946:	80 81       	ld	r24, Z
     948:	81 60       	ori	r24, 0x01	; 1
     94a:	80 83       	st	Z, r24
     94c:	e0 e8       	ldi	r30, 0x80	; 128
     94e:	f0 e0       	ldi	r31, 0x00	; 0
     950:	80 81       	ld	r24, Z
     952:	81 60       	ori	r24, 0x01	; 1
     954:	80 83       	st	Z, r24
     956:	e1 eb       	ldi	r30, 0xB1	; 177
     958:	f0 e0       	ldi	r31, 0x00	; 0
     95a:	80 81       	ld	r24, Z
     95c:	84 60       	ori	r24, 0x04	; 4
     95e:	80 83       	st	Z, r24
     960:	e0 eb       	ldi	r30, 0xB0	; 176
     962:	f0 e0       	ldi	r31, 0x00	; 0
     964:	80 81       	ld	r24, Z
     966:	81 60       	ori	r24, 0x01	; 1
     968:	80 83       	st	Z, r24
     96a:	ea e7       	ldi	r30, 0x7A	; 122
     96c:	f0 e0       	ldi	r31, 0x00	; 0
     96e:	80 81       	ld	r24, Z
     970:	84 60       	ori	r24, 0x04	; 4
     972:	80 83       	st	Z, r24
     974:	80 81       	ld	r24, Z
     976:	82 60       	ori	r24, 0x02	; 2
     978:	80 83       	st	Z, r24
     97a:	80 81       	ld	r24, Z
     97c:	81 60       	ori	r24, 0x01	; 1
     97e:	80 83       	st	Z, r24
     980:	80 81       	ld	r24, Z
     982:	80 68       	ori	r24, 0x80	; 128
     984:	80 83       	st	Z, r24
     986:	10 92 c1 00 	sts	0x00C1, r1	; 0x8000c1 <__DATA_REGION_ORIGIN__+0x61>
     98a:	08 95       	ret

0000098c <turnOffPWM>:
     98c:	83 30       	cpi	r24, 0x03	; 3
     98e:	81 f0       	breq	.+32     	; 0x9b0 <turnOffPWM+0x24>
     990:	28 f4       	brcc	.+10     	; 0x99c <turnOffPWM+0x10>
     992:	81 30       	cpi	r24, 0x01	; 1
     994:	99 f0       	breq	.+38     	; 0x9bc <turnOffPWM+0x30>
     996:	82 30       	cpi	r24, 0x02	; 2
     998:	a9 f0       	breq	.+42     	; 0x9c4 <turnOffPWM+0x38>
     99a:	08 95       	ret
     99c:	87 30       	cpi	r24, 0x07	; 7
     99e:	a9 f0       	breq	.+42     	; 0x9ca <turnOffPWM+0x3e>
     9a0:	88 30       	cpi	r24, 0x08	; 8
     9a2:	c9 f0       	breq	.+50     	; 0x9d6 <turnOffPWM+0x4a>
     9a4:	84 30       	cpi	r24, 0x04	; 4
     9a6:	b1 f4       	brne	.+44     	; 0x9d4 <turnOffPWM+0x48>
     9a8:	80 91 80 00 	lds	r24, 0x0080	; 0x800080 <__DATA_REGION_ORIGIN__+0x20>
     9ac:	8f 7d       	andi	r24, 0xDF	; 223
     9ae:	03 c0       	rjmp	.+6      	; 0x9b6 <turnOffPWM+0x2a>
     9b0:	80 91 80 00 	lds	r24, 0x0080	; 0x800080 <__DATA_REGION_ORIGIN__+0x20>
     9b4:	8f 77       	andi	r24, 0x7F	; 127
     9b6:	80 93 80 00 	sts	0x0080, r24	; 0x800080 <__DATA_REGION_ORIGIN__+0x20>
     9ba:	08 95       	ret
     9bc:	84 b5       	in	r24, 0x24	; 36
     9be:	8f 77       	andi	r24, 0x7F	; 127
     9c0:	84 bd       	out	0x24, r24	; 36
     9c2:	08 95       	ret
     9c4:	84 b5       	in	r24, 0x24	; 36
     9c6:	8f 7d       	andi	r24, 0xDF	; 223
     9c8:	fb cf       	rjmp	.-10     	; 0x9c0 <turnOffPWM+0x34>
     9ca:	80 91 b0 00 	lds	r24, 0x00B0	; 0x8000b0 <__DATA_REGION_ORIGIN__+0x50>
     9ce:	8f 77       	andi	r24, 0x7F	; 127
     9d0:	80 93 b0 00 	sts	0x00B0, r24	; 0x8000b0 <__DATA_REGION_ORIGIN__+0x50>
     9d4:	08 95       	ret
     9d6:	80 91 b0 00 	lds	r24, 0x00B0	; 0x8000b0 <__DATA_REGION_ORIGIN__+0x50>
     9da:	8f 7d       	andi	r24, 0xDF	; 223
     9dc:	f9 cf       	rjmp	.-14     	; 0x9d0 <turnOffPWM+0x44>

000009de <pinMode>:
     9de:	cf 93       	push	r28
     9e0:	df 93       	push	r29
     9e2:	90 e0       	ldi	r25, 0x00	; 0
     9e4:	fc 01       	movw	r30, r24
     9e6:	e4 58       	subi	r30, 0x84	; 132
     9e8:	ff 4f       	sbci	r31, 0xFF	; 255
     9ea:	24 91       	lpm	r18, Z
     9ec:	80 57       	subi	r24, 0x70	; 112
     9ee:	9f 4f       	sbci	r25, 0xFF	; 255
     9f0:	fc 01       	movw	r30, r24
     9f2:	84 91       	lpm	r24, Z
     9f4:	88 23       	and	r24, r24
     9f6:	c9 f0       	breq	.+50     	; 0xa2a <pinMode+0x4c>
     9f8:	90 e0       	ldi	r25, 0x00	; 0
     9fa:	88 0f       	add	r24, r24
     9fc:	99 1f       	adc	r25, r25
     9fe:	fc 01       	movw	r30, r24
     a00:	e2 55       	subi	r30, 0x52	; 82
     a02:	ff 4f       	sbci	r31, 0xFF	; 255
     a04:	a5 91       	lpm	r26, Z+
     a06:	b4 91       	lpm	r27, Z
     a08:	fc 01       	movw	r30, r24
     a0a:	ec 55       	subi	r30, 0x5C	; 92
     a0c:	ff 4f       	sbci	r31, 0xFF	; 255
     a0e:	c5 91       	lpm	r28, Z+
     a10:	d4 91       	lpm	r29, Z
     a12:	61 11       	cpse	r22, r1
     a14:	0d c0       	rjmp	.+26     	; 0xa30 <pinMode+0x52>
     a16:	9f b7       	in	r25, 0x3f	; 63
     a18:	f8 94       	cli
     a1a:	8c 91       	ld	r24, X
     a1c:	20 95       	com	r18
     a1e:	82 23       	and	r24, r18
     a20:	8c 93       	st	X, r24
     a22:	88 81       	ld	r24, Y
     a24:	28 23       	and	r18, r24
     a26:	28 83       	st	Y, r18
     a28:	9f bf       	out	0x3f, r25	; 63
     a2a:	df 91       	pop	r29
     a2c:	cf 91       	pop	r28
     a2e:	08 95       	ret
     a30:	62 30       	cpi	r22, 0x02	; 2
     a32:	51 f4       	brne	.+20     	; 0xa48 <pinMode+0x6a>
     a34:	9f b7       	in	r25, 0x3f	; 63
     a36:	f8 94       	cli
     a38:	3c 91       	ld	r19, X
     a3a:	82 2f       	mov	r24, r18
     a3c:	80 95       	com	r24
     a3e:	83 23       	and	r24, r19
     a40:	8c 93       	st	X, r24
     a42:	e8 81       	ld	r30, Y
     a44:	2e 2b       	or	r18, r30
     a46:	ef cf       	rjmp	.-34     	; 0xa26 <pinMode+0x48>
     a48:	8f b7       	in	r24, 0x3f	; 63
     a4a:	f8 94       	cli
     a4c:	ec 91       	ld	r30, X
     a4e:	2e 2b       	or	r18, r30
     a50:	2c 93       	st	X, r18
     a52:	8f bf       	out	0x3f, r24	; 63
     a54:	ea cf       	rjmp	.-44     	; 0xa2a <pinMode+0x4c>

00000a56 <digitalWrite>:
     a56:	1f 93       	push	r17
     a58:	cf 93       	push	r28
     a5a:	df 93       	push	r29
     a5c:	28 2f       	mov	r18, r24
     a5e:	30 e0       	ldi	r19, 0x00	; 0
     a60:	f9 01       	movw	r30, r18
     a62:	e8 59       	subi	r30, 0x98	; 152
     a64:	ff 4f       	sbci	r31, 0xFF	; 255
     a66:	84 91       	lpm	r24, Z
     a68:	f9 01       	movw	r30, r18
     a6a:	e4 58       	subi	r30, 0x84	; 132
     a6c:	ff 4f       	sbci	r31, 0xFF	; 255
     a6e:	d4 91       	lpm	r29, Z
     a70:	f9 01       	movw	r30, r18
     a72:	e0 57       	subi	r30, 0x70	; 112
     a74:	ff 4f       	sbci	r31, 0xFF	; 255
     a76:	c4 91       	lpm	r28, Z
     a78:	cc 23       	and	r28, r28
     a7a:	a9 f0       	breq	.+42     	; 0xaa6 <digitalWrite+0x50>
     a7c:	16 2f       	mov	r17, r22
     a7e:	81 11       	cpse	r24, r1
     a80:	0e 94 c6 04 	call	0x98c	; 0x98c <turnOffPWM>
     a84:	ec 2f       	mov	r30, r28
     a86:	f0 e0       	ldi	r31, 0x00	; 0
     a88:	ee 0f       	add	r30, r30
     a8a:	ff 1f       	adc	r31, r31
     a8c:	ec 55       	subi	r30, 0x5C	; 92
     a8e:	ff 4f       	sbci	r31, 0xFF	; 255
     a90:	a5 91       	lpm	r26, Z+
     a92:	b4 91       	lpm	r27, Z
     a94:	8f b7       	in	r24, 0x3f	; 63
     a96:	f8 94       	cli
     a98:	ec 91       	ld	r30, X
     a9a:	11 11       	cpse	r17, r1
     a9c:	08 c0       	rjmp	.+16     	; 0xaae <digitalWrite+0x58>
     a9e:	d0 95       	com	r29
     aa0:	de 23       	and	r29, r30
     aa2:	dc 93       	st	X, r29
     aa4:	8f bf       	out	0x3f, r24	; 63
     aa6:	df 91       	pop	r29
     aa8:	cf 91       	pop	r28
     aaa:	1f 91       	pop	r17
     aac:	08 95       	ret
     aae:	de 2b       	or	r29, r30
     ab0:	f8 cf       	rjmp	.-16     	; 0xaa2 <digitalWrite+0x4c>

00000ab2 <analogRead>:
     ab2:	8e 30       	cpi	r24, 0x0E	; 14
     ab4:	08 f0       	brcs	.+2      	; 0xab8 <analogRead+0x6>
     ab6:	8e 50       	subi	r24, 0x0E	; 14
     ab8:	20 91 67 01 	lds	r18, 0x0167	; 0x800167 <analog_reference>
     abc:	90 e4       	ldi	r25, 0x40	; 64
     abe:	29 9f       	mul	r18, r25
     ac0:	90 01       	movw	r18, r0
     ac2:	11 24       	eor	r1, r1
     ac4:	87 70       	andi	r24, 0x07	; 7
     ac6:	82 2b       	or	r24, r18
     ac8:	80 93 7c 00 	sts	0x007C, r24	; 0x80007c <__DATA_REGION_ORIGIN__+0x1c>
     acc:	80 91 7a 00 	lds	r24, 0x007A	; 0x80007a <__DATA_REGION_ORIGIN__+0x1a>
     ad0:	80 64       	ori	r24, 0x40	; 64
     ad2:	80 93 7a 00 	sts	0x007A, r24	; 0x80007a <__DATA_REGION_ORIGIN__+0x1a>
     ad6:	80 91 7a 00 	lds	r24, 0x007A	; 0x80007a <__DATA_REGION_ORIGIN__+0x1a>
     ada:	86 fd       	sbrc	r24, 6
     adc:	fc cf       	rjmp	.-8      	; 0xad6 <analogRead+0x24>
     ade:	80 91 78 00 	lds	r24, 0x0078	; 0x800078 <__DATA_REGION_ORIGIN__+0x18>
     ae2:	90 91 79 00 	lds	r25, 0x0079	; 0x800079 <__DATA_REGION_ORIGIN__+0x19>
     ae6:	08 95       	ret

00000ae8 <_ZN14HardwareSerial9availableEv>:
     ae8:	fc 01       	movw	r30, r24
     aea:	91 8d       	ldd	r25, Z+25	; 0x19
     aec:	22 8d       	ldd	r18, Z+26	; 0x1a
     aee:	89 2f       	mov	r24, r25
     af0:	90 e0       	ldi	r25, 0x00	; 0
     af2:	80 5c       	subi	r24, 0xC0	; 192
     af4:	9f 4f       	sbci	r25, 0xFF	; 255
     af6:	82 1b       	sub	r24, r18
     af8:	91 09       	sbc	r25, r1
     afa:	8f 73       	andi	r24, 0x3F	; 63
     afc:	99 27       	eor	r25, r25
     afe:	08 95       	ret

00000b00 <_ZN14HardwareSerial4peekEv>:
     b00:	fc 01       	movw	r30, r24
     b02:	91 8d       	ldd	r25, Z+25	; 0x19
     b04:	82 8d       	ldd	r24, Z+26	; 0x1a
     b06:	98 17       	cp	r25, r24
     b08:	31 f0       	breq	.+12     	; 0xb16 <_ZN14HardwareSerial4peekEv+0x16>
     b0a:	82 8d       	ldd	r24, Z+26	; 0x1a
     b0c:	e8 0f       	add	r30, r24
     b0e:	f1 1d       	adc	r31, r1
     b10:	85 8d       	ldd	r24, Z+29	; 0x1d
     b12:	90 e0       	ldi	r25, 0x00	; 0
     b14:	08 95       	ret
     b16:	8f ef       	ldi	r24, 0xFF	; 255
     b18:	9f ef       	ldi	r25, 0xFF	; 255
     b1a:	08 95       	ret

00000b1c <_ZN14HardwareSerial4readEv>:
     b1c:	fc 01       	movw	r30, r24
     b1e:	91 8d       	ldd	r25, Z+25	; 0x19
     b20:	82 8d       	ldd	r24, Z+26	; 0x1a
     b22:	98 17       	cp	r25, r24
     b24:	61 f0       	breq	.+24     	; 0xb3e <_ZN14HardwareSerial4readEv+0x22>
     b26:	a2 8d       	ldd	r26, Z+26	; 0x1a
     b28:	ae 0f       	add	r26, r30
     b2a:	bf 2f       	mov	r27, r31
     b2c:	b1 1d       	adc	r27, r1
     b2e:	5d 96       	adiw	r26, 0x1d	; 29
     b30:	8c 91       	ld	r24, X
     b32:	92 8d       	ldd	r25, Z+26	; 0x1a
     b34:	9f 5f       	subi	r25, 0xFF	; 255
     b36:	9f 73       	andi	r25, 0x3F	; 63
     b38:	92 8f       	std	Z+26, r25	; 0x1a
     b3a:	90 e0       	ldi	r25, 0x00	; 0
     b3c:	08 95       	ret
     b3e:	8f ef       	ldi	r24, 0xFF	; 255
     b40:	9f ef       	ldi	r25, 0xFF	; 255
     b42:	08 95       	ret

00000b44 <_ZN14HardwareSerial17availableForWriteEv>:
     b44:	fc 01       	movw	r30, r24
     b46:	53 8d       	ldd	r21, Z+27	; 0x1b
     b48:	44 8d       	ldd	r20, Z+28	; 0x1c
     b4a:	25 2f       	mov	r18, r21
     b4c:	30 e0       	ldi	r19, 0x00	; 0
     b4e:	84 2f       	mov	r24, r20
     b50:	90 e0       	ldi	r25, 0x00	; 0
     b52:	82 1b       	sub	r24, r18
     b54:	93 0b       	sbc	r25, r19
     b56:	54 17       	cp	r21, r20
     b58:	10 f0       	brcs	.+4      	; 0xb5e <_ZN14HardwareSerial17availableForWriteEv+0x1a>
     b5a:	cf 96       	adiw	r24, 0x3f	; 63
     b5c:	08 95       	ret
     b5e:	01 97       	sbiw	r24, 0x01	; 1
     b60:	08 95       	ret

00000b62 <_ZN14HardwareSerial17_tx_udr_empty_irqEv>:
     b62:	fc 01       	movw	r30, r24
     b64:	a4 8d       	ldd	r26, Z+28	; 0x1c
     b66:	a8 0f       	add	r26, r24
     b68:	b9 2f       	mov	r27, r25
     b6a:	b1 1d       	adc	r27, r1
     b6c:	a3 5a       	subi	r26, 0xA3	; 163
     b6e:	bf 4f       	sbci	r27, 0xFF	; 255
     b70:	2c 91       	ld	r18, X
     b72:	84 8d       	ldd	r24, Z+28	; 0x1c
     b74:	90 e0       	ldi	r25, 0x00	; 0
     b76:	01 96       	adiw	r24, 0x01	; 1
     b78:	8f 73       	andi	r24, 0x3F	; 63
     b7a:	99 27       	eor	r25, r25
     b7c:	84 8f       	std	Z+28, r24	; 0x1c
     b7e:	a6 89       	ldd	r26, Z+22	; 0x16
     b80:	b7 89       	ldd	r27, Z+23	; 0x17
     b82:	2c 93       	st	X, r18
     b84:	a0 89       	ldd	r26, Z+16	; 0x10
     b86:	b1 89       	ldd	r27, Z+17	; 0x11
     b88:	8c 91       	ld	r24, X
     b8a:	83 70       	andi	r24, 0x03	; 3
     b8c:	80 64       	ori	r24, 0x40	; 64
     b8e:	8c 93       	st	X, r24
     b90:	93 8d       	ldd	r25, Z+27	; 0x1b
     b92:	84 8d       	ldd	r24, Z+28	; 0x1c
     b94:	98 13       	cpse	r25, r24
     b96:	06 c0       	rjmp	.+12     	; 0xba4 <_ZN14HardwareSerial17_tx_udr_empty_irqEv+0x42>
     b98:	02 88       	ldd	r0, Z+18	; 0x12
     b9a:	f3 89       	ldd	r31, Z+19	; 0x13
     b9c:	e0 2d       	mov	r30, r0
     b9e:	80 81       	ld	r24, Z
     ba0:	8f 7d       	andi	r24, 0xDF	; 223
     ba2:	80 83       	st	Z, r24
     ba4:	08 95       	ret

00000ba6 <_ZN14HardwareSerial5flushEv>:
     ba6:	cf 93       	push	r28
     ba8:	df 93       	push	r29
     baa:	ec 01       	movw	r28, r24
     bac:	88 8d       	ldd	r24, Y+24	; 0x18
     bae:	88 23       	and	r24, r24
     bb0:	b9 f0       	breq	.+46     	; 0xbe0 <_ZN14HardwareSerial5flushEv+0x3a>
     bb2:	aa 89       	ldd	r26, Y+18	; 0x12
     bb4:	bb 89       	ldd	r27, Y+19	; 0x13
     bb6:	e8 89       	ldd	r30, Y+16	; 0x10
     bb8:	f9 89       	ldd	r31, Y+17	; 0x11
     bba:	8c 91       	ld	r24, X
     bbc:	85 fd       	sbrc	r24, 5
     bbe:	03 c0       	rjmp	.+6      	; 0xbc6 <_ZN14HardwareSerial5flushEv+0x20>
     bc0:	80 81       	ld	r24, Z
     bc2:	86 fd       	sbrc	r24, 6
     bc4:	0d c0       	rjmp	.+26     	; 0xbe0 <_ZN14HardwareSerial5flushEv+0x3a>
     bc6:	0f b6       	in	r0, 0x3f	; 63
     bc8:	07 fc       	sbrc	r0, 7
     bca:	f7 cf       	rjmp	.-18     	; 0xbba <_ZN14HardwareSerial5flushEv+0x14>
     bcc:	8c 91       	ld	r24, X
     bce:	85 ff       	sbrs	r24, 5
     bd0:	f2 cf       	rjmp	.-28     	; 0xbb6 <_ZN14HardwareSerial5flushEv+0x10>
     bd2:	80 81       	ld	r24, Z
     bd4:	85 ff       	sbrs	r24, 5
     bd6:	ed cf       	rjmp	.-38     	; 0xbb2 <_ZN14HardwareSerial5flushEv+0xc>
     bd8:	ce 01       	movw	r24, r28
     bda:	0e 94 b1 05 	call	0xb62	; 0xb62 <_ZN14HardwareSerial17_tx_udr_empty_irqEv>
     bde:	e9 cf       	rjmp	.-46     	; 0xbb2 <_ZN14HardwareSerial5flushEv+0xc>
     be0:	df 91       	pop	r29
     be2:	cf 91       	pop	r28
     be4:	08 95       	ret

00000be6 <_ZN14HardwareSerial5writeEh>:
     be6:	ef 92       	push	r14
     be8:	ff 92       	push	r15
     bea:	0f 93       	push	r16
     bec:	1f 93       	push	r17
     bee:	cf 93       	push	r28
     bf0:	df 93       	push	r29
     bf2:	ec 01       	movw	r28, r24
     bf4:	81 e0       	ldi	r24, 0x01	; 1
     bf6:	88 8f       	std	Y+24, r24	; 0x18
     bf8:	9b 8d       	ldd	r25, Y+27	; 0x1b
     bfa:	8c 8d       	ldd	r24, Y+28	; 0x1c
     bfc:	98 13       	cpse	r25, r24
     bfe:	1a c0       	rjmp	.+52     	; 0xc34 <_ZN14HardwareSerial5writeEh+0x4e>
     c00:	e8 89       	ldd	r30, Y+16	; 0x10
     c02:	f9 89       	ldd	r31, Y+17	; 0x11
     c04:	80 81       	ld	r24, Z
     c06:	85 ff       	sbrs	r24, 5
     c08:	15 c0       	rjmp	.+42     	; 0xc34 <_ZN14HardwareSerial5writeEh+0x4e>
     c0a:	9f b7       	in	r25, 0x3f	; 63
     c0c:	f8 94       	cli
     c0e:	ee 89       	ldd	r30, Y+22	; 0x16
     c10:	ff 89       	ldd	r31, Y+23	; 0x17
     c12:	60 83       	st	Z, r22
     c14:	e8 89       	ldd	r30, Y+16	; 0x10
     c16:	f9 89       	ldd	r31, Y+17	; 0x11
     c18:	80 81       	ld	r24, Z
     c1a:	83 70       	andi	r24, 0x03	; 3
     c1c:	80 64       	ori	r24, 0x40	; 64
     c1e:	80 83       	st	Z, r24
     c20:	9f bf       	out	0x3f, r25	; 63
     c22:	81 e0       	ldi	r24, 0x01	; 1
     c24:	90 e0       	ldi	r25, 0x00	; 0
     c26:	df 91       	pop	r29
     c28:	cf 91       	pop	r28
     c2a:	1f 91       	pop	r17
     c2c:	0f 91       	pop	r16
     c2e:	ff 90       	pop	r15
     c30:	ef 90       	pop	r14
     c32:	08 95       	ret
     c34:	f6 2e       	mov	r15, r22
     c36:	0b 8d       	ldd	r16, Y+27	; 0x1b
     c38:	10 e0       	ldi	r17, 0x00	; 0
     c3a:	0f 5f       	subi	r16, 0xFF	; 255
     c3c:	1f 4f       	sbci	r17, 0xFF	; 255
     c3e:	0f 73       	andi	r16, 0x3F	; 63
     c40:	11 27       	eor	r17, r17
     c42:	e0 2e       	mov	r14, r16
     c44:	8c 8d       	ldd	r24, Y+28	; 0x1c
     c46:	8e 11       	cpse	r24, r14
     c48:	0c c0       	rjmp	.+24     	; 0xc62 <_ZN14HardwareSerial5writeEh+0x7c>
     c4a:	0f b6       	in	r0, 0x3f	; 63
     c4c:	07 fc       	sbrc	r0, 7
     c4e:	fa cf       	rjmp	.-12     	; 0xc44 <_ZN14HardwareSerial5writeEh+0x5e>
     c50:	e8 89       	ldd	r30, Y+16	; 0x10
     c52:	f9 89       	ldd	r31, Y+17	; 0x11
     c54:	80 81       	ld	r24, Z
     c56:	85 ff       	sbrs	r24, 5
     c58:	f5 cf       	rjmp	.-22     	; 0xc44 <_ZN14HardwareSerial5writeEh+0x5e>
     c5a:	ce 01       	movw	r24, r28
     c5c:	0e 94 b1 05 	call	0xb62	; 0xb62 <_ZN14HardwareSerial17_tx_udr_empty_irqEv>
     c60:	f1 cf       	rjmp	.-30     	; 0xc44 <_ZN14HardwareSerial5writeEh+0x5e>
     c62:	eb 8d       	ldd	r30, Y+27	; 0x1b
     c64:	ec 0f       	add	r30, r28
     c66:	fd 2f       	mov	r31, r29
     c68:	f1 1d       	adc	r31, r1
     c6a:	e3 5a       	subi	r30, 0xA3	; 163
     c6c:	ff 4f       	sbci	r31, 0xFF	; 255
     c6e:	f0 82       	st	Z, r15
     c70:	9f b7       	in	r25, 0x3f	; 63
     c72:	f8 94       	cli
     c74:	0b 8f       	std	Y+27, r16	; 0x1b
     c76:	ea 89       	ldd	r30, Y+18	; 0x12
     c78:	fb 89       	ldd	r31, Y+19	; 0x13
     c7a:	80 81       	ld	r24, Z
     c7c:	80 62       	ori	r24, 0x20	; 32
     c7e:	cf cf       	rjmp	.-98     	; 0xc1e <_ZN14HardwareSerial5writeEh+0x38>

00000c80 <_ZN14HardwareSerial5beginEmh>:
     c80:	cf 92       	push	r12
     c82:	df 92       	push	r13
     c84:	ef 92       	push	r14
     c86:	ff 92       	push	r15
     c88:	1f 93       	push	r17
     c8a:	cf 93       	push	r28
     c8c:	df 93       	push	r29
     c8e:	ec 01       	movw	r28, r24
     c90:	6a 01       	movw	r12, r20
     c92:	7b 01       	movw	r14, r22
     c94:	12 2f       	mov	r17, r18
     c96:	e8 89       	ldd	r30, Y+16	; 0x10
     c98:	f9 89       	ldd	r31, Y+17	; 0x11
     c9a:	82 e0       	ldi	r24, 0x02	; 2
     c9c:	80 83       	st	Z, r24
     c9e:	c1 14       	cp	r12, r1
     ca0:	81 ee       	ldi	r24, 0xE1	; 225
     ca2:	d8 06       	cpc	r13, r24
     ca4:	e1 04       	cpc	r14, r1
     ca6:	f1 04       	cpc	r15, r1
     ca8:	a1 f0       	breq	.+40     	; 0xcd2 <_ZN14HardwareSerial5beginEmh+0x52>
     caa:	60 e0       	ldi	r22, 0x00	; 0
     cac:	79 e0       	ldi	r23, 0x09	; 9
     cae:	8d e3       	ldi	r24, 0x3D	; 61
     cb0:	90 e0       	ldi	r25, 0x00	; 0
     cb2:	a7 01       	movw	r20, r14
     cb4:	96 01       	movw	r18, r12
     cb6:	0e 94 cb 0d 	call	0x1b96	; 0x1b96 <__udivmodsi4>
     cba:	21 50       	subi	r18, 0x01	; 1
     cbc:	31 09       	sbc	r19, r1
     cbe:	41 09       	sbc	r20, r1
     cc0:	51 09       	sbc	r21, r1
     cc2:	56 95       	lsr	r21
     cc4:	47 95       	ror	r20
     cc6:	37 95       	ror	r19
     cc8:	27 95       	ror	r18
     cca:	21 15       	cp	r18, r1
     ccc:	80 e1       	ldi	r24, 0x10	; 16
     cce:	38 07       	cpc	r19, r24
     cd0:	98 f0       	brcs	.+38     	; 0xcf8 <_ZN14HardwareSerial5beginEmh+0x78>
     cd2:	e8 89       	ldd	r30, Y+16	; 0x10
     cd4:	f9 89       	ldd	r31, Y+17	; 0x11
     cd6:	10 82       	st	Z, r1
     cd8:	60 e8       	ldi	r22, 0x80	; 128
     cda:	74 e8       	ldi	r23, 0x84	; 132
     cdc:	8e e1       	ldi	r24, 0x1E	; 30
     cde:	90 e0       	ldi	r25, 0x00	; 0
     ce0:	a7 01       	movw	r20, r14
     ce2:	96 01       	movw	r18, r12
     ce4:	0e 94 cb 0d 	call	0x1b96	; 0x1b96 <__udivmodsi4>
     ce8:	21 50       	subi	r18, 0x01	; 1
     cea:	31 09       	sbc	r19, r1
     cec:	41 09       	sbc	r20, r1
     cee:	51 09       	sbc	r21, r1
     cf0:	56 95       	lsr	r21
     cf2:	47 95       	ror	r20
     cf4:	37 95       	ror	r19
     cf6:	27 95       	ror	r18
     cf8:	ec 85       	ldd	r30, Y+12	; 0x0c
     cfa:	fd 85       	ldd	r31, Y+13	; 0x0d
     cfc:	30 83       	st	Z, r19
     cfe:	ee 85       	ldd	r30, Y+14	; 0x0e
     d00:	ff 85       	ldd	r31, Y+15	; 0x0f
     d02:	20 83       	st	Z, r18
     d04:	18 8e       	std	Y+24, r1	; 0x18
     d06:	ec 89       	ldd	r30, Y+20	; 0x14
     d08:	fd 89       	ldd	r31, Y+21	; 0x15
     d0a:	10 83       	st	Z, r17
     d0c:	ea 89       	ldd	r30, Y+18	; 0x12
     d0e:	fb 89       	ldd	r31, Y+19	; 0x13
     d10:	80 81       	ld	r24, Z
     d12:	80 61       	ori	r24, 0x10	; 16
     d14:	80 83       	st	Z, r24
     d16:	ea 89       	ldd	r30, Y+18	; 0x12
     d18:	fb 89       	ldd	r31, Y+19	; 0x13
     d1a:	80 81       	ld	r24, Z
     d1c:	88 60       	ori	r24, 0x08	; 8
     d1e:	80 83       	st	Z, r24
     d20:	ea 89       	ldd	r30, Y+18	; 0x12
     d22:	fb 89       	ldd	r31, Y+19	; 0x13
     d24:	80 81       	ld	r24, Z
     d26:	80 68       	ori	r24, 0x80	; 128
     d28:	80 83       	st	Z, r24
     d2a:	ea 89       	ldd	r30, Y+18	; 0x12
     d2c:	fb 89       	ldd	r31, Y+19	; 0x13
     d2e:	80 81       	ld	r24, Z
     d30:	8f 7d       	andi	r24, 0xDF	; 223
     d32:	80 83       	st	Z, r24
     d34:	df 91       	pop	r29
     d36:	cf 91       	pop	r28
     d38:	1f 91       	pop	r17
     d3a:	ff 90       	pop	r15
     d3c:	ef 90       	pop	r14
     d3e:	df 90       	pop	r13
     d40:	cf 90       	pop	r12
     d42:	08 95       	ret

00000d44 <__vector_18>:
     d44:	1f 92       	push	r1
     d46:	0f 92       	push	r0
     d48:	0f b6       	in	r0, 0x3f	; 63
     d4a:	0f 92       	push	r0
     d4c:	11 24       	eor	r1, r1
     d4e:	2f 93       	push	r18
     d50:	8f 93       	push	r24
     d52:	9f 93       	push	r25
     d54:	ef 93       	push	r30
     d56:	ff 93       	push	r31
     d58:	e0 91 da 04 	lds	r30, 0x04DA	; 0x8004da <Serial+0x10>
     d5c:	f0 91 db 04 	lds	r31, 0x04DB	; 0x8004db <Serial+0x11>
     d60:	80 81       	ld	r24, Z
     d62:	e0 91 e0 04 	lds	r30, 0x04E0	; 0x8004e0 <Serial+0x16>
     d66:	f0 91 e1 04 	lds	r31, 0x04E1	; 0x8004e1 <Serial+0x17>
     d6a:	82 fd       	sbrc	r24, 2
     d6c:	1b c0       	rjmp	.+54     	; 0xda4 <__vector_18+0x60>
     d6e:	90 81       	ld	r25, Z
     d70:	80 91 e3 04 	lds	r24, 0x04E3	; 0x8004e3 <Serial+0x19>
     d74:	8f 5f       	subi	r24, 0xFF	; 255
     d76:	8f 73       	andi	r24, 0x3F	; 63
     d78:	20 91 e4 04 	lds	r18, 0x04E4	; 0x8004e4 <Serial+0x1a>
     d7c:	82 17       	cp	r24, r18
     d7e:	41 f0       	breq	.+16     	; 0xd90 <__vector_18+0x4c>
     d80:	e0 91 e3 04 	lds	r30, 0x04E3	; 0x8004e3 <Serial+0x19>
     d84:	f0 e0       	ldi	r31, 0x00	; 0
     d86:	e6 53       	subi	r30, 0x36	; 54
     d88:	fb 4f       	sbci	r31, 0xFB	; 251
     d8a:	95 8f       	std	Z+29, r25	; 0x1d
     d8c:	80 93 e3 04 	sts	0x04E3, r24	; 0x8004e3 <Serial+0x19>
     d90:	ff 91       	pop	r31
     d92:	ef 91       	pop	r30
     d94:	9f 91       	pop	r25
     d96:	8f 91       	pop	r24
     d98:	2f 91       	pop	r18
     d9a:	0f 90       	pop	r0
     d9c:	0f be       	out	0x3f, r0	; 63
     d9e:	0f 90       	pop	r0
     da0:	1f 90       	pop	r1
     da2:	18 95       	reti
     da4:	80 81       	ld	r24, Z
     da6:	f4 cf       	rjmp	.-24     	; 0xd90 <__vector_18+0x4c>

00000da8 <__vector_19>:
     da8:	1f 92       	push	r1
     daa:	0f 92       	push	r0
     dac:	0f b6       	in	r0, 0x3f	; 63
     dae:	0f 92       	push	r0
     db0:	11 24       	eor	r1, r1
     db2:	2f 93       	push	r18
     db4:	3f 93       	push	r19
     db6:	4f 93       	push	r20
     db8:	5f 93       	push	r21
     dba:	6f 93       	push	r22
     dbc:	7f 93       	push	r23
     dbe:	8f 93       	push	r24
     dc0:	9f 93       	push	r25
     dc2:	af 93       	push	r26
     dc4:	bf 93       	push	r27
     dc6:	ef 93       	push	r30
     dc8:	ff 93       	push	r31
     dca:	8a ec       	ldi	r24, 0xCA	; 202
     dcc:	94 e0       	ldi	r25, 0x04	; 4
     dce:	0e 94 b1 05 	call	0xb62	; 0xb62 <_ZN14HardwareSerial17_tx_udr_empty_irqEv>
     dd2:	ff 91       	pop	r31
     dd4:	ef 91       	pop	r30
     dd6:	bf 91       	pop	r27
     dd8:	af 91       	pop	r26
     dda:	9f 91       	pop	r25
     ddc:	8f 91       	pop	r24
     dde:	7f 91       	pop	r23
     de0:	6f 91       	pop	r22
     de2:	5f 91       	pop	r21
     de4:	4f 91       	pop	r20
     de6:	3f 91       	pop	r19
     de8:	2f 91       	pop	r18
     dea:	0f 90       	pop	r0
     dec:	0f be       	out	0x3f, r0	; 63
     dee:	0f 90       	pop	r0
     df0:	1f 90       	pop	r1
     df2:	18 95       	reti

00000df4 <_GLOBAL__sub_I___vector_18>:
     df4:	ea ec       	ldi	r30, 0xCA	; 202
     df6:	f4 e0       	ldi	r31, 0x04	; 4
     df8:	13 82       	std	Z+3, r1	; 0x03
     dfa:	12 82       	std	Z+2, r1	; 0x02
     dfc:	88 ee       	ldi	r24, 0xE8	; 232
     dfe:	93 e0       	ldi	r25, 0x03	; 3
     e00:	a0 e0       	ldi	r26, 0x00	; 0
     e02:	b0 e0       	ldi	r27, 0x00	; 0
     e04:	84 83       	std	Z+4, r24	; 0x04
     e06:	95 83       	std	Z+5, r25	; 0x05
     e08:	a6 83       	std	Z+6, r26	; 0x06
     e0a:	b7 83       	std	Z+7, r27	; 0x07
     e0c:	87 e8       	ldi	r24, 0x87	; 135
     e0e:	92 e0       	ldi	r25, 0x02	; 2
     e10:	91 83       	std	Z+1, r25	; 0x01
     e12:	80 83       	st	Z, r24
     e14:	85 ec       	ldi	r24, 0xC5	; 197
     e16:	90 e0       	ldi	r25, 0x00	; 0
     e18:	95 87       	std	Z+13, r25	; 0x0d
     e1a:	84 87       	std	Z+12, r24	; 0x0c
     e1c:	84 ec       	ldi	r24, 0xC4	; 196
     e1e:	90 e0       	ldi	r25, 0x00	; 0
     e20:	97 87       	std	Z+15, r25	; 0x0f
     e22:	86 87       	std	Z+14, r24	; 0x0e
     e24:	80 ec       	ldi	r24, 0xC0	; 192
     e26:	90 e0       	ldi	r25, 0x00	; 0
     e28:	91 8b       	std	Z+17, r25	; 0x11
     e2a:	80 8b       	std	Z+16, r24	; 0x10
     e2c:	81 ec       	ldi	r24, 0xC1	; 193
     e2e:	90 e0       	ldi	r25, 0x00	; 0
     e30:	93 8b       	std	Z+19, r25	; 0x13
     e32:	82 8b       	std	Z+18, r24	; 0x12
     e34:	82 ec       	ldi	r24, 0xC2	; 194
     e36:	90 e0       	ldi	r25, 0x00	; 0
     e38:	95 8b       	std	Z+21, r25	; 0x15
     e3a:	84 8b       	std	Z+20, r24	; 0x14
     e3c:	86 ec       	ldi	r24, 0xC6	; 198
     e3e:	90 e0       	ldi	r25, 0x00	; 0
     e40:	97 8b       	std	Z+23, r25	; 0x17
     e42:	86 8b       	std	Z+22, r24	; 0x16
     e44:	11 8e       	std	Z+25, r1	; 0x19
     e46:	12 8e       	std	Z+26, r1	; 0x1a
     e48:	13 8e       	std	Z+27, r1	; 0x1b
     e4a:	14 8e       	std	Z+28, r1	; 0x1c
     e4c:	08 95       	ret

00000e4e <_ZN5Print5writeEPKhj>:
     e4e:	af 92       	push	r10
     e50:	bf 92       	push	r11
     e52:	cf 92       	push	r12
     e54:	df 92       	push	r13
     e56:	ef 92       	push	r14
     e58:	ff 92       	push	r15
     e5a:	0f 93       	push	r16
     e5c:	1f 93       	push	r17
     e5e:	cf 93       	push	r28
     e60:	df 93       	push	r29
     e62:	6c 01       	movw	r12, r24
     e64:	7b 01       	movw	r14, r22
     e66:	8b 01       	movw	r16, r22
     e68:	04 0f       	add	r16, r20
     e6a:	15 1f       	adc	r17, r21
     e6c:	eb 01       	movw	r28, r22
     e6e:	5e 01       	movw	r10, r28
     e70:	ae 18       	sub	r10, r14
     e72:	bf 08       	sbc	r11, r15
     e74:	c0 17       	cp	r28, r16
     e76:	d1 07       	cpc	r29, r17
     e78:	59 f0       	breq	.+22     	; 0xe90 <_ZN5Print5writeEPKhj+0x42>
     e7a:	69 91       	ld	r22, Y+
     e7c:	d6 01       	movw	r26, r12
     e7e:	ed 91       	ld	r30, X+
     e80:	fc 91       	ld	r31, X
     e82:	01 90       	ld	r0, Z+
     e84:	f0 81       	ld	r31, Z
     e86:	e0 2d       	mov	r30, r0
     e88:	c6 01       	movw	r24, r12
     e8a:	09 95       	icall
     e8c:	89 2b       	or	r24, r25
     e8e:	79 f7       	brne	.-34     	; 0xe6e <_ZN5Print5writeEPKhj+0x20>
     e90:	c5 01       	movw	r24, r10
     e92:	df 91       	pop	r29
     e94:	cf 91       	pop	r28
     e96:	1f 91       	pop	r17
     e98:	0f 91       	pop	r16
     e9a:	ff 90       	pop	r15
     e9c:	ef 90       	pop	r14
     e9e:	df 90       	pop	r13
     ea0:	cf 90       	pop	r12
     ea2:	bf 90       	pop	r11
     ea4:	af 90       	pop	r10
     ea6:	08 95       	ret

00000ea8 <_ZN5Print5writeEPKc.part.2>:
     ea8:	fb 01       	movw	r30, r22
     eaa:	01 90       	ld	r0, Z+
     eac:	00 20       	and	r0, r0
     eae:	e9 f7       	brne	.-6      	; 0xeaa <_ZN5Print5writeEPKc.part.2+0x2>
     eb0:	31 97       	sbiw	r30, 0x01	; 1
     eb2:	af 01       	movw	r20, r30
     eb4:	46 1b       	sub	r20, r22
     eb6:	57 0b       	sbc	r21, r23
     eb8:	dc 01       	movw	r26, r24
     eba:	ed 91       	ld	r30, X+
     ebc:	fc 91       	ld	r31, X
     ebe:	02 80       	ldd	r0, Z+2	; 0x02
     ec0:	f3 81       	ldd	r31, Z+3	; 0x03
     ec2:	e0 2d       	mov	r30, r0
     ec4:	09 94       	ijmp

00000ec6 <_ZN5Print5printEPKc>:
     ec6:	61 15       	cp	r22, r1
     ec8:	71 05       	cpc	r23, r1
     eca:	11 f0       	breq	.+4      	; 0xed0 <_ZN5Print5printEPKc+0xa>
     ecc:	0c 94 54 07 	jmp	0xea8	; 0xea8 <_ZN5Print5writeEPKc.part.2>
     ed0:	90 e0       	ldi	r25, 0x00	; 0
     ed2:	80 e0       	ldi	r24, 0x00	; 0
     ed4:	08 95       	ret

00000ed6 <OsEE_atmega_startTimer1>:
     ed6:	10 92 81 00 	sts	0x0081, r1	; 0x800081 <__DATA_REGION_ORIGIN__+0x21>
     eda:	10 92 80 00 	sts	0x0080, r1	; 0x800080 <__DATA_REGION_ORIGIN__+0x20>
     ede:	10 92 82 00 	sts	0x0082, r1	; 0x800082 <__DATA_REGION_ORIGIN__+0x22>
     ee2:	10 92 85 00 	sts	0x0085, r1	; 0x800085 <__DATA_REGION_ORIGIN__+0x25>
     ee6:	10 92 84 00 	sts	0x0084, r1	; 0x800084 <__DATA_REGION_ORIGIN__+0x24>
     eea:	61 15       	cp	r22, r1
     eec:	20 e1       	ldi	r18, 0x10	; 16
     eee:	72 07       	cpc	r23, r18
     ef0:	81 05       	cpc	r24, r1
     ef2:	91 05       	cpc	r25, r1
     ef4:	a0 f4       	brcc	.+40     	; 0xf1e <OsEE_atmega_startTimer1+0x48>
     ef6:	e4 e0       	ldi	r30, 0x04	; 4
     ef8:	66 0f       	add	r22, r22
     efa:	77 1f       	adc	r23, r23
     efc:	ea 95       	dec	r30
     efe:	e1 f7       	brne	.-8      	; 0xef8 <OsEE_atmega_startTimer1+0x22>
     f00:	61 50       	subi	r22, 0x01	; 1
     f02:	71 09       	sbc	r23, r1
     f04:	81 e0       	ldi	r24, 0x01	; 1
     f06:	92 e0       	ldi	r25, 0x02	; 2
     f08:	96 bb       	out	0x16, r25	; 22
     f0a:	90 93 6f 00 	sts	0x006F, r25	; 0x80006f <__DATA_REGION_ORIGIN__+0xf>
     f0e:	70 93 89 00 	sts	0x0089, r23	; 0x800089 <__DATA_REGION_ORIGIN__+0x29>
     f12:	60 93 88 00 	sts	0x0088, r22	; 0x800088 <__DATA_REGION_ORIGIN__+0x28>
     f16:	88 60       	ori	r24, 0x08	; 8
     f18:	80 93 81 00 	sts	0x0081, r24	; 0x800081 <__DATA_REGION_ORIGIN__+0x21>
     f1c:	08 95       	ret
     f1e:	61 15       	cp	r22, r1
     f20:	20 e8       	ldi	r18, 0x80	; 128
     f22:	72 07       	cpc	r23, r18
     f24:	81 05       	cpc	r24, r1
     f26:	91 05       	cpc	r25, r1
     f28:	30 f4       	brcc	.+12     	; 0xf36 <OsEE_atmega_startTimer1+0x60>
     f2a:	66 0f       	add	r22, r22
     f2c:	77 1f       	adc	r23, r23
     f2e:	61 50       	subi	r22, 0x01	; 1
     f30:	71 09       	sbc	r23, r1
     f32:	82 e0       	ldi	r24, 0x02	; 2
     f34:	e8 cf       	rjmp	.-48     	; 0xf06 <OsEE_atmega_startTimer1+0x30>
     f36:	6c 3f       	cpi	r22, 0xFC	; 252
     f38:	2f ef       	ldi	r18, 0xFF	; 255
     f3a:	72 07       	cpc	r23, r18
     f3c:	23 e0       	ldi	r18, 0x03	; 3
     f3e:	82 07       	cpc	r24, r18
     f40:	91 05       	cpc	r25, r1
     f42:	58 f4       	brcc	.+22     	; 0xf5a <OsEE_atmega_startTimer1+0x84>
     f44:	42 e0       	ldi	r20, 0x02	; 2
     f46:	96 95       	lsr	r25
     f48:	87 95       	ror	r24
     f4a:	77 95       	ror	r23
     f4c:	67 95       	ror	r22
     f4e:	4a 95       	dec	r20
     f50:	d1 f7       	brne	.-12     	; 0xf46 <OsEE_atmega_startTimer1+0x70>
     f52:	61 50       	subi	r22, 0x01	; 1
     f54:	71 09       	sbc	r23, r1
     f56:	83 e0       	ldi	r24, 0x03	; 3
     f58:	d6 cf       	rjmp	.-84     	; 0xf06 <OsEE_atmega_startTimer1+0x30>
     f5a:	61 15       	cp	r22, r1
     f5c:	71 05       	cpc	r23, r1
     f5e:	20 e1       	ldi	r18, 0x10	; 16
     f60:	82 07       	cpc	r24, r18
     f62:	91 05       	cpc	r25, r1
     f64:	58 f4       	brcc	.+22     	; 0xf7c <OsEE_atmega_startTimer1+0xa6>
     f66:	34 e0       	ldi	r19, 0x04	; 4
     f68:	96 95       	lsr	r25
     f6a:	87 95       	ror	r24
     f6c:	77 95       	ror	r23
     f6e:	67 95       	ror	r22
     f70:	3a 95       	dec	r19
     f72:	d1 f7       	brne	.-12     	; 0xf68 <OsEE_atmega_startTimer1+0x92>
     f74:	61 50       	subi	r22, 0x01	; 1
     f76:	71 09       	sbc	r23, r1
     f78:	84 e0       	ldi	r24, 0x04	; 4
     f7a:	c5 cf       	rjmp	.-118    	; 0xf06 <OsEE_atmega_startTimer1+0x30>
     f7c:	26 e0       	ldi	r18, 0x06	; 6
     f7e:	96 95       	lsr	r25
     f80:	87 95       	ror	r24
     f82:	77 95       	ror	r23
     f84:	67 95       	ror	r22
     f86:	2a 95       	dec	r18
     f88:	d1 f7       	brne	.-12     	; 0xf7e <OsEE_atmega_startTimer1+0xa8>
     f8a:	61 50       	subi	r22, 0x01	; 1
     f8c:	71 09       	sbc	r23, r1
     f8e:	85 e0       	ldi	r24, 0x05	; 5
     f90:	ba cf       	rjmp	.-140    	; 0xf06 <OsEE_atmega_startTimer1+0x30>

00000f92 <DisableAllInterrupts>:
     f92:	e0 91 fc 01 	lds	r30, 0x01FC	; 0x8001fc <osEE_cdb_var>
     f96:	f0 91 fd 01 	lds	r31, 0x01FD	; 0x8001fd <osEE_cdb_var+0x1>
     f9a:	f8 94       	cli
     f9c:	81 e0       	ldi	r24, 0x01	; 1
     f9e:	81 8b       	std	Z+17, r24	; 0x11
     fa0:	08 95       	ret

00000fa2 <EnableAllInterrupts>:
     fa2:	e0 91 fc 01 	lds	r30, 0x01FC	; 0x8001fc <osEE_cdb_var>
     fa6:	f0 91 fd 01 	lds	r31, 0x01FD	; 0x8001fd <osEE_cdb_var+0x1>
     faa:	81 89       	ldd	r24, Z+17	; 0x11
     fac:	88 23       	and	r24, r24
     fae:	11 f0       	breq	.+4      	; 0xfb4 <EnableAllInterrupts+0x12>
     fb0:	11 8a       	std	Z+17, r1	; 0x11
     fb2:	78 94       	sei
     fb4:	08 95       	ret

00000fb6 <StartOS>:
     fb6:	7f 92       	push	r7
     fb8:	8f 92       	push	r8
     fba:	9f 92       	push	r9
     fbc:	af 92       	push	r10
     fbe:	bf 92       	push	r11
     fc0:	cf 92       	push	r12
     fc2:	df 92       	push	r13
     fc4:	ef 92       	push	r14
     fc6:	ff 92       	push	r15
     fc8:	0f 93       	push	r16
     fca:	1f 93       	push	r17
     fcc:	cf 93       	push	r28
     fce:	df 93       	push	r29
     fd0:	00 d0       	rcall	.+0      	; 0xfd2 <StartOS+0x1c>
     fd2:	cd b7       	in	r28, 0x3d	; 61
     fd4:	de b7       	in	r29, 0x3e	; 62
     fd6:	00 91 fc 01 	lds	r16, 0x01FC	; 0x8001fc <osEE_cdb_var>
     fda:	10 91 fd 01 	lds	r17, 0x01FD	; 0x8001fd <osEE_cdb_var+0x1>
     fde:	9f b7       	in	r25, 0x3f	; 63
     fe0:	f8 94       	cli
     fe2:	d8 01       	movw	r26, r16
     fe4:	18 96       	adiw	r26, 0x08	; 8
     fe6:	2d 91       	ld	r18, X+
     fe8:	3c 91       	ld	r19, X
     fea:	23 2b       	or	r18, r19
     fec:	99 f0       	breq	.+38     	; 0x1014 <StartOS+0x5e>
     fee:	9f bf       	out	0x3f, r25	; 63
     ff0:	81 e0       	ldi	r24, 0x01	; 1
     ff2:	90 e0       	ldi	r25, 0x00	; 0
     ff4:	0f 90       	pop	r0
     ff6:	0f 90       	pop	r0
     ff8:	df 91       	pop	r29
     ffa:	cf 91       	pop	r28
     ffc:	1f 91       	pop	r17
     ffe:	0f 91       	pop	r16
    1000:	ff 90       	pop	r15
    1002:	ef 90       	pop	r14
    1004:	df 90       	pop	r13
    1006:	cf 90       	pop	r12
    1008:	bf 90       	pop	r11
    100a:	af 90       	pop	r10
    100c:	9f 90       	pop	r9
    100e:	8f 90       	pop	r8
    1010:	7f 90       	pop	r7
    1012:	08 95       	ret
    1014:	29 e9       	ldi	r18, 0x99	; 153
    1016:	3d e0       	ldi	r19, 0x0D	; 13
    1018:	3a 83       	std	Y+2, r19	; 0x02
    101a:	29 83       	std	Y+1, r18	; 0x01
    101c:	c0 90 fe 01 	lds	r12, 0x01FE	; 0x8001fe <osEE_cdb_var+0x2>
    1020:	d0 90 ff 01 	lds	r13, 0x01FF	; 0x8001ff <osEE_cdb_var+0x3>
    1024:	21 e0       	ldi	r18, 0x01	; 1
    1026:	30 e0       	ldi	r19, 0x00	; 0
    1028:	f8 01       	movw	r30, r16
    102a:	31 87       	std	Z+9, r19	; 0x09
    102c:	20 87       	std	Z+8, r18	; 0x08
    102e:	82 87       	std	Z+10, r24	; 0x0a
    1030:	e0 91 00 02 	lds	r30, 0x0200	; 0x800200 <osEE_cdb_var+0x4>
    1034:	f0 91 01 02 	lds	r31, 0x0201	; 0x800201 <osEE_cdb_var+0x5>
    1038:	24 e0       	ldi	r18, 0x04	; 4
    103a:	82 9f       	mul	r24, r18
    103c:	c0 01       	movw	r24, r0
    103e:	11 24       	eor	r1, r1
    1040:	e8 0f       	add	r30, r24
    1042:	f9 1f       	adc	r31, r25
    1044:	a2 80       	ldd	r10, Z+2	; 0x02
    1046:	b3 80       	ldd	r11, Z+3	; 0x03
    1048:	f1 2c       	mov	r15, r1
    104a:	e1 2c       	mov	r14, r1
    104c:	4f 01       	movw	r8, r30
    104e:	86 e0       	ldi	r24, 0x06	; 6
    1050:	78 2e       	mov	r7, r24
    1052:	ea 14       	cp	r14, r10
    1054:	fb 04       	cpc	r15, r11
    1056:	e1 f4       	brne	.+56     	; 0x1090 <StartOS+0xda>
    1058:	f8 01       	movw	r30, r16
    105a:	80 85       	ldd	r24, Z+8	; 0x08
    105c:	91 85       	ldd	r25, Z+9	; 0x09
    105e:	01 97       	sbiw	r24, 0x01	; 1
    1060:	21 f4       	brne	.+8      	; 0x106a <StartOS+0xb4>
    1062:	82 e0       	ldi	r24, 0x02	; 2
    1064:	90 e0       	ldi	r25, 0x00	; 0
    1066:	91 87       	std	Z+9, r25	; 0x09
    1068:	80 87       	std	Z+8, r24	; 0x08
    106a:	d8 01       	movw	r26, r16
    106c:	18 96       	adiw	r26, 0x08	; 8
    106e:	8d 91       	ld	r24, X+
    1070:	9c 91       	ld	r25, X
    1072:	02 97       	sbiw	r24, 0x02	; 2
    1074:	51 f4       	brne	.+20     	; 0x108a <StartOS+0xd4>
    1076:	f6 01       	movw	r30, r12
    1078:	62 81       	ldd	r22, Z+2	; 0x02
    107a:	73 81       	ldd	r23, Z+3	; 0x03
    107c:	ab 01       	movw	r20, r22
    107e:	c6 01       	movw	r24, r12
    1080:	0e 94 d0 00 	call	0x1a0	; 0x1a0 <osEE_hal_save_ctx_and_ready2stacked>
    1084:	c6 01       	movw	r24, r12
    1086:	0e 94 15 0a 	call	0x142a	; 0x142a <osEE_task_end>
    108a:	90 e0       	ldi	r25, 0x00	; 0
    108c:	80 e0       	ldi	r24, 0x00	; 0
    108e:	b2 cf       	rjmp	.-156    	; 0xff4 <StartOS+0x3e>
    1090:	d4 01       	movw	r26, r8
    1092:	ed 91       	ld	r30, X+
    1094:	fc 91       	ld	r31, X
    1096:	7e 9c       	mul	r7, r14
    1098:	c0 01       	movw	r24, r0
    109a:	7f 9c       	mul	r7, r15
    109c:	90 0d       	add	r25, r0
    109e:	11 24       	eor	r1, r1
    10a0:	e8 0f       	add	r30, r24
    10a2:	f9 1f       	adc	r31, r25
    10a4:	a0 81       	ld	r26, Z
    10a6:	b1 81       	ldd	r27, Z+1	; 0x01
    10a8:	24 81       	ldd	r18, Z+4	; 0x04
    10aa:	35 81       	ldd	r19, Z+5	; 0x05
    10ac:	42 81       	ldd	r20, Z+2	; 0x02
    10ae:	53 81       	ldd	r21, Z+3	; 0x03
    10b0:	bd 01       	movw	r22, r26
    10b2:	12 96       	adiw	r26, 0x02	; 2
    10b4:	8d 91       	ld	r24, X+
    10b6:	9c 91       	ld	r25, X
    10b8:	0e 94 06 0d 	call	0x1a0c	; 0x1a0c <osEE_alarm_set_rel>
    10bc:	bf ef       	ldi	r27, 0xFF	; 255
    10be:	eb 1a       	sub	r14, r27
    10c0:	fb 0a       	sbc	r15, r27
    10c2:	c7 cf       	rjmp	.-114    	; 0x1052 <StartOS+0x9c>

000010c4 <ActivateTask>:
    10c4:	ff 92       	push	r15
    10c6:	0f 93       	push	r16
    10c8:	1f 93       	push	r17
    10ca:	cf 93       	push	r28
    10cc:	df 93       	push	r29
    10ce:	90 e0       	ldi	r25, 0x00	; 0
    10d0:	20 91 ee 01 	lds	r18, 0x01EE	; 0x8001ee <osEE_kdb_var+0x4>
    10d4:	30 91 ef 01 	lds	r19, 0x01EF	; 0x8001ef <osEE_kdb_var+0x5>
    10d8:	82 17       	cp	r24, r18
    10da:	93 07       	cpc	r25, r19
    10dc:	28 f5       	brcc	.+74     	; 0x1128 <ActivateTask+0x64>
    10de:	20 91 ec 01 	lds	r18, 0x01EC	; 0x8001ec <osEE_kdb_var+0x2>
    10e2:	30 91 ed 01 	lds	r19, 0x01ED	; 0x8001ed <osEE_kdb_var+0x3>
    10e6:	88 0f       	add	r24, r24
    10e8:	99 1f       	adc	r25, r25
    10ea:	82 0f       	add	r24, r18
    10ec:	93 1f       	adc	r25, r19
    10ee:	fc 01       	movw	r30, r24
    10f0:	00 81       	ld	r16, Z
    10f2:	11 81       	ldd	r17, Z+1	; 0x01
    10f4:	f8 01       	movw	r30, r16
    10f6:	87 81       	ldd	r24, Z+7	; 0x07
    10f8:	90 85       	ldd	r25, Z+8	; 0x08
    10fa:	02 97       	sbiw	r24, 0x02	; 2
    10fc:	a8 f4       	brcc	.+42     	; 0x1128 <ActivateTask+0x64>
    10fe:	ff b6       	in	r15, 0x3f	; 63
    1100:	f8 94       	cli
    1102:	c8 01       	movw	r24, r16
    1104:	0e 94 03 0a 	call	0x1406	; 0x1406 <osEE_task_activated>
    1108:	ec 01       	movw	r28, r24
    110a:	89 2b       	or	r24, r25
    110c:	29 f4       	brne	.+10     	; 0x1118 <ActivateTask+0x54>
    110e:	b8 01       	movw	r22, r16
    1110:	8a ee       	ldi	r24, 0xEA	; 234
    1112:	91 e0       	ldi	r25, 0x01	; 1
    1114:	0e 94 5f 0a 	call	0x14be	; 0x14be <osEE_scheduler_task_activated>
    1118:	ff be       	out	0x3f, r15	; 63
    111a:	ce 01       	movw	r24, r28
    111c:	df 91       	pop	r29
    111e:	cf 91       	pop	r28
    1120:	1f 91       	pop	r17
    1122:	0f 91       	pop	r16
    1124:	ff 90       	pop	r15
    1126:	08 95       	ret
    1128:	c3 e0       	ldi	r28, 0x03	; 3
    112a:	d0 e0       	ldi	r29, 0x00	; 0
    112c:	f6 cf       	rjmp	.-20     	; 0x111a <ActivateTask+0x56>

0000112e <TerminateTask>:
    112e:	e0 91 fc 01 	lds	r30, 0x01FC	; 0x8001fc <osEE_cdb_var>
    1132:	f0 91 fd 01 	lds	r31, 0x01FD	; 0x8001fd <osEE_cdb_var+0x1>
    1136:	a0 81       	ld	r26, Z
    1138:	b1 81       	ldd	r27, Z+1	; 0x01
    113a:	87 85       	ldd	r24, Z+15	; 0x0f
    113c:	88 23       	and	r24, r24
    113e:	19 f0       	breq	.+6      	; 0x1146 <TerminateTask+0x18>
    1140:	17 86       	std	Z+15, r1	; 0x0f
    1142:	85 85       	ldd	r24, Z+13	; 0x0d
    1144:	8f bf       	out	0x3f, r24	; 63
    1146:	81 89       	ldd	r24, Z+17	; 0x11
    1148:	88 23       	and	r24, r24
    114a:	11 f0       	breq	.+4      	; 0x1150 <TerminateTask+0x22>
    114c:	11 8a       	std	Z+17, r1	; 0x11
    114e:	78 94       	sei
    1150:	8f b7       	in	r24, 0x3f	; 63
    1152:	f8 94       	cli
    1154:	61 e8       	ldi	r22, 0x81	; 129
    1156:	7d e0       	ldi	r23, 0x0D	; 13
    1158:	12 96       	adiw	r26, 0x02	; 2
    115a:	8d 91       	ld	r24, X+
    115c:	9c 91       	ld	r25, X
    115e:	0e 94 f0 00 	call	0x1e0	; 0x1e0 <osEE_hal_terminate_ctx>

00001162 <IncrementCounter>:
    1162:	cf 93       	push	r28
    1164:	90 e0       	ldi	r25, 0x00	; 0
    1166:	20 91 f6 01 	lds	r18, 0x01F6	; 0x8001f6 <osEE_kdb_var+0xc>
    116a:	30 91 f7 01 	lds	r19, 0x01F7	; 0x8001f7 <osEE_kdb_var+0xd>
    116e:	82 17       	cp	r24, r18
    1170:	93 07       	cpc	r25, r19
    1172:	18 f5       	brcc	.+70     	; 0x11ba <IncrementCounter+0x58>
    1174:	20 91 f4 01 	lds	r18, 0x01F4	; 0x8001f4 <osEE_kdb_var+0xa>
    1178:	30 91 f5 01 	lds	r19, 0x01F5	; 0x8001f5 <osEE_kdb_var+0xb>
    117c:	88 0f       	add	r24, r24
    117e:	99 1f       	adc	r25, r25
    1180:	82 0f       	add	r24, r18
    1182:	93 1f       	adc	r25, r19
    1184:	fc 01       	movw	r30, r24
    1186:	80 81       	ld	r24, Z
    1188:	91 81       	ldd	r25, Z+1	; 0x01
    118a:	cf b7       	in	r28, 0x3f	; 63
    118c:	f8 94       	cli
    118e:	0e 94 40 0c 	call	0x1880	; 0x1880 <osEE_counter_increment>
    1192:	e0 91 fc 01 	lds	r30, 0x01FC	; 0x8001fc <osEE_cdb_var>
    1196:	f0 91 fd 01 	lds	r31, 0x01FD	; 0x8001fd <osEE_cdb_var+0x1>
    119a:	01 90       	ld	r0, Z+
    119c:	f0 81       	ld	r31, Z
    119e:	e0 2d       	mov	r30, r0
    11a0:	87 81       	ldd	r24, Z+7	; 0x07
    11a2:	90 85       	ldd	r25, Z+8	; 0x08
    11a4:	02 97       	sbiw	r24, 0x02	; 2
    11a6:	20 f4       	brcc	.+8      	; 0x11b0 <IncrementCounter+0x4e>
    11a8:	8a ee       	ldi	r24, 0xEA	; 234
    11aa:	91 e0       	ldi	r25, 0x01	; 1
    11ac:	0e 94 7a 0b 	call	0x16f4	; 0x16f4 <osEE_scheduler_task_preemption_point>
    11b0:	cf bf       	out	0x3f, r28	; 63
    11b2:	90 e0       	ldi	r25, 0x00	; 0
    11b4:	80 e0       	ldi	r24, 0x00	; 0
    11b6:	cf 91       	pop	r28
    11b8:	08 95       	ret
    11ba:	83 e0       	ldi	r24, 0x03	; 3
    11bc:	90 e0       	ldi	r25, 0x00	; 0
    11be:	fb cf       	rjmp	.-10     	; 0x11b6 <IncrementCounter+0x54>

000011c0 <osEE_scheduler_task_wrapper_restore>:
    11c0:	dc 01       	movw	r26, r24
    11c2:	14 96       	adiw	r26, 0x04	; 4
    11c4:	ed 91       	ld	r30, X+
    11c6:	fc 91       	ld	r31, X
    11c8:	84 e0       	ldi	r24, 0x04	; 4
    11ca:	90 e0       	ldi	r25, 0x00	; 0
    11cc:	93 83       	std	Z+3, r25	; 0x03
    11ce:	82 83       	std	Z+2, r24	; 0x02
    11d0:	08 95       	ret

000011d2 <osEE_scheduler_task_wrapper_run>:
    11d2:	ec 01       	movw	r28, r24
    11d4:	ec 81       	ldd	r30, Y+4	; 0x04
    11d6:	fd 81       	ldd	r31, Y+5	; 0x05
    11d8:	81 81       	ldd	r24, Z+1	; 0x01
    11da:	24 e0       	ldi	r18, 0x04	; 4
    11dc:	30 e0       	ldi	r19, 0x00	; 0
    11de:	33 83       	std	Z+3, r19	; 0x03
    11e0:	22 83       	std	Z+2, r18	; 0x02
    11e2:	8f 3f       	cpi	r24, 0xFF	; 255
    11e4:	09 f0       	breq	.+2      	; 0x11e8 <osEE_scheduler_task_wrapper_run+0x16>
    11e6:	78 94       	sei
    11e8:	e9 85       	ldd	r30, Y+9	; 0x09
    11ea:	fa 85       	ldd	r31, Y+10	; 0x0a
    11ec:	09 95       	icall
    11ee:	e0 91 fc 01 	lds	r30, 0x01FC	; 0x8001fc <osEE_cdb_var>
    11f2:	f0 91 fd 01 	lds	r31, 0x01FD	; 0x8001fd <osEE_cdb_var+0x1>
    11f6:	10 8a       	std	Z+16, r1	; 0x10
    11f8:	87 85       	ldd	r24, Z+15	; 0x0f
    11fa:	88 23       	and	r24, r24
    11fc:	19 f0       	breq	.+6      	; 0x1204 <osEE_scheduler_task_wrapper_run+0x32>
    11fe:	17 86       	std	Z+15, r1	; 0x0f
    1200:	85 85       	ldd	r24, Z+13	; 0x0d
    1202:	8f bf       	out	0x3f, r24	; 63
    1204:	81 89       	ldd	r24, Z+17	; 0x11
    1206:	88 23       	and	r24, r24
    1208:	11 f0       	breq	.+4      	; 0x120e <osEE_scheduler_task_wrapper_run+0x3c>
    120a:	11 8a       	std	Z+17, r1	; 0x11
    120c:	78 94       	sei
    120e:	8f b7       	in	r24, 0x3f	; 63
    1210:	f8 94       	cli
    1212:	8f 81       	ldd	r24, Y+7	; 0x07
    1214:	98 85       	ldd	r25, Y+8	; 0x08
    1216:	ec 81       	ldd	r30, Y+4	; 0x04
    1218:	fd 81       	ldd	r31, Y+5	; 0x05
    121a:	02 97       	sbiw	r24, 0x02	; 2
    121c:	09 f5       	brne	.+66     	; 0x1260 <osEE_scheduler_task_wrapper_run+0x8e>
    121e:	a4 81       	ldd	r26, Z+4	; 0x04
    1220:	b5 81       	ldd	r27, Z+5	; 0x05
    1222:	10 97       	sbiw	r26, 0x00	; 0
    1224:	31 f4       	brne	.+12     	; 0x1232 <osEE_scheduler_task_wrapper_run+0x60>
    1226:	61 e8       	ldi	r22, 0x81	; 129
    1228:	7d e0       	ldi	r23, 0x0D	; 13
    122a:	8a 81       	ldd	r24, Y+2	; 0x02
    122c:	9b 81       	ldd	r25, Y+3	; 0x03
    122e:	0e 94 f0 00 	call	0x1e0	; 0x1e0 <osEE_hal_terminate_ctx>
    1232:	0d 90       	ld	r0, X+
    1234:	bc 91       	ld	r27, X
    1236:	a0 2d       	mov	r26, r0
    1238:	14 96       	adiw	r26, 0x04	; 4
    123a:	1c 92       	st	X, r1
    123c:	1e 92       	st	-X, r1
    123e:	13 97       	sbiw	r26, 0x03	; 3
    1240:	8d 91       	ld	r24, X+
    1242:	9c 91       	ld	r25, X
    1244:	95 83       	std	Z+5, r25	; 0x05
    1246:	84 83       	std	Z+4, r24	; 0x04
    1248:	ea cf       	rjmp	.-44     	; 0x121e <osEE_scheduler_task_wrapper_run+0x4c>
    124a:	0d 90       	ld	r0, X+
    124c:	bc 91       	ld	r27, X
    124e:	a0 2d       	mov	r26, r0
    1250:	14 96       	adiw	r26, 0x04	; 4
    1252:	1c 92       	st	X, r1
    1254:	1e 92       	st	-X, r1
    1256:	13 97       	sbiw	r26, 0x03	; 3
    1258:	8d 91       	ld	r24, X+
    125a:	9c 91       	ld	r25, X
    125c:	95 83       	std	Z+5, r25	; 0x05
    125e:	84 83       	std	Z+4, r24	; 0x04
    1260:	a4 81       	ldd	r26, Z+4	; 0x04
    1262:	b5 81       	ldd	r27, Z+5	; 0x05
    1264:	10 97       	sbiw	r26, 0x00	; 0
    1266:	89 f7       	brne	.-30     	; 0x124a <osEE_scheduler_task_wrapper_run+0x78>
    1268:	de cf       	rjmp	.-68     	; 0x1226 <osEE_scheduler_task_wrapper_run+0x54>

0000126a <osEE_idle_hook_wrapper>:
    126a:	e0 91 fc 01 	lds	r30, 0x01FC	; 0x8001fc <osEE_cdb_var>
    126e:	f0 91 fd 01 	lds	r31, 0x01FD	; 0x8001fd <osEE_cdb_var+0x1>
    1272:	80 85       	ldd	r24, Z+8	; 0x08
    1274:	91 85       	ldd	r25, Z+9	; 0x09
    1276:	02 97       	sbiw	r24, 0x02	; 2
    1278:	e1 f3       	breq	.-8      	; 0x1272 <osEE_idle_hook_wrapper+0x8>
    127a:	80 91 fe 01 	lds	r24, 0x01FE	; 0x8001fe <osEE_cdb_var+0x2>
    127e:	90 91 ff 01 	lds	r25, 0x01FF	; 0x8001ff <osEE_cdb_var+0x3>
    1282:	0c 94 66 0d 	jmp	0x1acc	; 0x1acc <osEE_idle_task_terminate>

00001286 <osEE_scheduler_core_rq_preempt_stk>:
    1286:	0f 93       	push	r16
    1288:	1f 93       	push	r17
    128a:	cf 93       	push	r28
    128c:	df 93       	push	r29
    128e:	ec 01       	movw	r28, r24
    1290:	a8 81       	ld	r26, Y
    1292:	b9 81       	ldd	r27, Y+1	; 0x01
    1294:	eb 01       	movw	r28, r22
    1296:	e8 81       	ld	r30, Y
    1298:	f9 81       	ldd	r31, Y+1	; 0x01
    129a:	16 96       	adiw	r26, 0x06	; 6
    129c:	cd 91       	ld	r28, X+
    129e:	dc 91       	ld	r29, X
    12a0:	17 97       	sbiw	r26, 0x07	; 7
    12a2:	20 97       	sbiw	r28, 0x00	; 0
    12a4:	c1 f1       	breq	.+112    	; 0x1316 <osEE_scheduler_core_rq_preempt_stk+0x90>
    12a6:	8a 81       	ldd	r24, Y+2	; 0x02
    12a8:	9b 81       	ldd	r25, Y+3	; 0x03
    12aa:	30 97       	sbiw	r30, 0x00	; 0
    12ac:	09 f4       	brne	.+2      	; 0x12b0 <osEE_scheduler_core_rq_preempt_stk+0x2a>
    12ae:	3f c0       	rjmp	.+126    	; 0x132e <osEE_scheduler_core_rq_preempt_stk+0xa8>
    12b0:	ec 01       	movw	r28, r24
    12b2:	0c 81       	ldd	r16, Y+4	; 0x04
    12b4:	1d 81       	ldd	r17, Y+5	; 0x05
    12b6:	22 81       	ldd	r18, Z+2	; 0x02
    12b8:	33 81       	ldd	r19, Z+3	; 0x03
    12ba:	e9 01       	movw	r28, r18
    12bc:	4c 81       	ldd	r20, Y+4	; 0x04
    12be:	5d 81       	ldd	r21, Y+5	; 0x05
    12c0:	e8 01       	movw	r28, r16
    12c2:	39 81       	ldd	r19, Y+1	; 0x01
    12c4:	ea 01       	movw	r28, r20
    12c6:	29 81       	ldd	r18, Y+1	; 0x01
    12c8:	32 17       	cp	r19, r18
    12ca:	88 f5       	brcc	.+98     	; 0x132e <osEE_scheduler_core_rq_preempt_stk+0xa8>
    12cc:	22 e0       	ldi	r18, 0x02	; 2
    12ce:	30 e0       	ldi	r19, 0x00	; 0
    12d0:	e8 01       	movw	r28, r16
    12d2:	3b 83       	std	Y+3, r19	; 0x03
    12d4:	2a 83       	std	Y+2, r18	; 0x02
    12d6:	20 81       	ld	r18, Z
    12d8:	31 81       	ldd	r19, Z+1	; 0x01
    12da:	eb 01       	movw	r28, r22
    12dc:	39 83       	std	Y+1, r19	; 0x01
    12de:	28 83       	st	Y, r18
    12e0:	c2 81       	ldd	r28, Z+2	; 0x02
    12e2:	d3 81       	ldd	r29, Z+3	; 0x03
    12e4:	2c 81       	ldd	r18, Y+4	; 0x04
    12e6:	3d 81       	ldd	r19, Y+5	; 0x05
    12e8:	16 96       	adiw	r26, 0x06	; 6
    12ea:	4d 91       	ld	r20, X+
    12ec:	5c 91       	ld	r21, X
    12ee:	17 97       	sbiw	r26, 0x07	; 7
    12f0:	51 83       	std	Z+1, r21	; 0x01
    12f2:	40 83       	st	Z, r20
    12f4:	17 96       	adiw	r26, 0x07	; 7
    12f6:	fc 93       	st	X, r31
    12f8:	ee 93       	st	-X, r30
    12fa:	16 97       	sbiw	r26, 0x06	; 6
    12fc:	cd 93       	st	X+, r28
    12fe:	dc 93       	st	X, r29
    1300:	4c 85       	ldd	r20, Y+12	; 0x0c
    1302:	f9 01       	movw	r30, r18
    1304:	51 81       	ldd	r21, Z+1	; 0x01
    1306:	54 17       	cp	r21, r20
    1308:	08 f4       	brcc	.+2      	; 0x130c <osEE_scheduler_core_rq_preempt_stk+0x86>
    130a:	41 83       	std	Z+1, r20	; 0x01
    130c:	df 91       	pop	r29
    130e:	cf 91       	pop	r28
    1310:	1f 91       	pop	r17
    1312:	0f 91       	pop	r16
    1314:	08 95       	ret
    1316:	30 97       	sbiw	r30, 0x00	; 0
    1318:	51 f0       	breq	.+20     	; 0x132e <osEE_scheduler_core_rq_preempt_stk+0xa8>
    131a:	ec 01       	movw	r28, r24
    131c:	8a 81       	ldd	r24, Y+2	; 0x02
    131e:	9b 81       	ldd	r25, Y+3	; 0x03
    1320:	ec 01       	movw	r28, r24
    1322:	4c 81       	ldd	r20, Y+4	; 0x04
    1324:	5d 81       	ldd	r21, Y+5	; 0x05
    1326:	22 e0       	ldi	r18, 0x02	; 2
    1328:	30 e0       	ldi	r19, 0x00	; 0
    132a:	ea 01       	movw	r28, r20
    132c:	d2 cf       	rjmp	.-92     	; 0x12d2 <osEE_scheduler_core_rq_preempt_stk+0x4c>
    132e:	90 e0       	ldi	r25, 0x00	; 0
    1330:	80 e0       	ldi	r24, 0x00	; 0
    1332:	ec cf       	rjmp	.-40     	; 0x130c <osEE_scheduler_core_rq_preempt_stk+0x86>

00001334 <osEE_sn_priority_insert>:
    1334:	cf 93       	push	r28
    1336:	df 93       	push	r29
    1338:	db 01       	movw	r26, r22
    133a:	12 96       	adiw	r26, 0x02	; 2
    133c:	ed 91       	ld	r30, X+
    133e:	fc 91       	ld	r31, X
    1340:	41 15       	cp	r20, r1
    1342:	51 05       	cpc	r21, r1
    1344:	a1 f0       	breq	.+40     	; 0x136e <osEE_sn_priority_insert+0x3a>
    1346:	23 85       	ldd	r18, Z+11	; 0x0b
    1348:	dc 01       	movw	r26, r24
    134a:	ed 91       	ld	r30, X+
    134c:	fc 91       	ld	r31, X
    134e:	b0 e0       	ldi	r27, 0x00	; 0
    1350:	a0 e0       	ldi	r26, 0x00	; 0
    1352:	30 97       	sbiw	r30, 0x00	; 0
    1354:	89 f4       	brne	.+34     	; 0x1378 <osEE_sn_priority_insert+0x44>
    1356:	10 97       	sbiw	r26, 0x00	; 0
    1358:	09 f1       	breq	.+66     	; 0x139c <osEE_sn_priority_insert+0x68>
    135a:	6d 93       	st	X+, r22
    135c:	7c 93       	st	X, r23
    135e:	90 e0       	ldi	r25, 0x00	; 0
    1360:	80 e0       	ldi	r24, 0x00	; 0
    1362:	db 01       	movw	r26, r22
    1364:	ed 93       	st	X+, r30
    1366:	fc 93       	st	X, r31
    1368:	df 91       	pop	r29
    136a:	cf 91       	pop	r28
    136c:	08 95       	ret
    136e:	04 80       	ldd	r0, Z+4	; 0x04
    1370:	f5 81       	ldd	r31, Z+5	; 0x05
    1372:	e0 2d       	mov	r30, r0
    1374:	21 81       	ldd	r18, Z+1	; 0x01
    1376:	e8 cf       	rjmp	.-48     	; 0x1348 <osEE_sn_priority_insert+0x14>
    1378:	c2 81       	ldd	r28, Z+2	; 0x02
    137a:	d3 81       	ldd	r29, Z+3	; 0x03
    137c:	41 15       	cp	r20, r1
    137e:	51 05       	cpc	r21, r1
    1380:	41 f0       	breq	.+16     	; 0x1392 <osEE_sn_priority_insert+0x5e>
    1382:	3b 85       	ldd	r19, Y+11	; 0x0b
    1384:	32 17       	cp	r19, r18
    1386:	38 f3       	brcs	.-50     	; 0x1356 <osEE_sn_priority_insert+0x22>
    1388:	df 01       	movw	r26, r30
    138a:	01 90       	ld	r0, Z+
    138c:	f0 81       	ld	r31, Z
    138e:	e0 2d       	mov	r30, r0
    1390:	e0 cf       	rjmp	.-64     	; 0x1352 <osEE_sn_priority_insert+0x1e>
    1392:	0c 80       	ldd	r0, Y+4	; 0x04
    1394:	dd 81       	ldd	r29, Y+5	; 0x05
    1396:	c0 2d       	mov	r28, r0
    1398:	39 81       	ldd	r19, Y+1	; 0x01
    139a:	f4 cf       	rjmp	.-24     	; 0x1384 <osEE_sn_priority_insert+0x50>
    139c:	dc 01       	movw	r26, r24
    139e:	6d 93       	st	X+, r22
    13a0:	7c 93       	st	X, r23
    13a2:	81 e0       	ldi	r24, 0x01	; 1
    13a4:	90 e0       	ldi	r25, 0x00	; 0
    13a6:	dd cf       	rjmp	.-70     	; 0x1362 <osEE_sn_priority_insert+0x2e>

000013a8 <osEE_scheduler_rq_insert>:
    13a8:	fb 01       	movw	r30, r22
    13aa:	53 83       	std	Z+3, r21	; 0x03
    13ac:	42 83       	std	Z+2, r20	; 0x02
    13ae:	41 e0       	ldi	r20, 0x01	; 1
    13b0:	50 e0       	ldi	r21, 0x00	; 0
    13b2:	0c 94 9a 09 	jmp	0x1334	; 0x1334 <osEE_sn_priority_insert>

000013b6 <osEE_scheduler_core_pop_running>:
    13b6:	ef 92       	push	r14
    13b8:	ff 92       	push	r15
    13ba:	0f 93       	push	r16
    13bc:	1f 93       	push	r17
    13be:	cf 93       	push	r28
    13c0:	df 93       	push	r29
    13c2:	8c 01       	movw	r16, r24
    13c4:	fc 01       	movw	r30, r24
    13c6:	c0 81       	ld	r28, Z
    13c8:	d1 81       	ldd	r29, Z+1	; 0x01
    13ca:	ee 80       	ldd	r14, Y+6	; 0x06
    13cc:	ff 80       	ldd	r15, Y+7	; 0x07
    13ce:	f7 01       	movw	r30, r14
    13d0:	80 81       	ld	r24, Z
    13d2:	91 81       	ldd	r25, Z+1	; 0x01
    13d4:	9f 83       	std	Y+7, r25	; 0x07
    13d6:	8e 83       	std	Y+6, r24	; 0x06
    13d8:	c8 01       	movw	r24, r16
    13da:	0e 94 43 09 	call	0x1286	; 0x1286 <osEE_scheduler_core_rq_preempt_stk>
    13de:	89 2b       	or	r24, r25
    13e0:	41 f4       	brne	.+16     	; 0x13f2 <osEE_scheduler_core_pop_running+0x3c>
    13e2:	ee 81       	ldd	r30, Y+6	; 0x06
    13e4:	ff 81       	ldd	r31, Y+7	; 0x07
    13e6:	30 97       	sbiw	r30, 0x00	; 0
    13e8:	61 f0       	breq	.+24     	; 0x1402 <osEE_scheduler_core_pop_running+0x4c>
    13ea:	82 81       	ldd	r24, Z+2	; 0x02
    13ec:	93 81       	ldd	r25, Z+3	; 0x03
    13ee:	99 83       	std	Y+1, r25	; 0x01
    13f0:	88 83       	st	Y, r24
    13f2:	c7 01       	movw	r24, r14
    13f4:	df 91       	pop	r29
    13f6:	cf 91       	pop	r28
    13f8:	1f 91       	pop	r17
    13fa:	0f 91       	pop	r16
    13fc:	ff 90       	pop	r15
    13fe:	ef 90       	pop	r14
    1400:	08 95       	ret
    1402:	f8 01       	movw	r30, r16
    1404:	f2 cf       	rjmp	.-28     	; 0x13ea <osEE_scheduler_core_pop_running+0x34>

00001406 <osEE_task_activated>:
    1406:	dc 01       	movw	r26, r24
    1408:	14 96       	adiw	r26, 0x04	; 4
    140a:	ed 91       	ld	r30, X+
    140c:	fc 91       	ld	r31, X
    140e:	15 97       	sbiw	r26, 0x05	; 5
    1410:	90 81       	ld	r25, Z
    1412:	1d 96       	adiw	r26, 0x0d	; 13
    1414:	8c 91       	ld	r24, X
    1416:	98 17       	cp	r25, r24
    1418:	28 f4       	brcc	.+10     	; 0x1424 <osEE_task_activated+0x1e>
    141a:	9f 5f       	subi	r25, 0xFF	; 255
    141c:	90 83       	st	Z, r25
    141e:	90 e0       	ldi	r25, 0x00	; 0
    1420:	80 e0       	ldi	r24, 0x00	; 0
    1422:	08 95       	ret
    1424:	84 e0       	ldi	r24, 0x04	; 4
    1426:	90 e0       	ldi	r25, 0x00	; 0
    1428:	08 95       	ret

0000142a <osEE_task_end>:
    142a:	dc 01       	movw	r26, r24
    142c:	14 96       	adiw	r26, 0x04	; 4
    142e:	ed 91       	ld	r30, X+
    1430:	fc 91       	ld	r31, X
    1432:	15 97       	sbiw	r26, 0x05	; 5
    1434:	1b 96       	adiw	r26, 0x0b	; 11
    1436:	8c 91       	ld	r24, X
    1438:	81 83       	std	Z+1, r24	; 0x01
    143a:	80 81       	ld	r24, Z
    143c:	81 50       	subi	r24, 0x01	; 1
    143e:	80 83       	st	Z, r24
    1440:	81 11       	cpse	r24, r1
    1442:	03 c0       	rjmp	.+6      	; 0x144a <osEE_task_end+0x20>
    1444:	13 82       	std	Z+3, r1	; 0x03
    1446:	12 82       	std	Z+2, r1	; 0x02
    1448:	08 95       	ret
    144a:	81 e0       	ldi	r24, 0x01	; 1
    144c:	90 e0       	ldi	r25, 0x00	; 0
    144e:	93 83       	std	Z+3, r25	; 0x03
    1450:	82 83       	std	Z+2, r24	; 0x02
    1452:	08 95       	ret

00001454 <osEE_task_event_set_mask>:
    1454:	dc 01       	movw	r26, r24
    1456:	14 96       	adiw	r26, 0x04	; 4
    1458:	ed 91       	ld	r30, X+
    145a:	fc 91       	ld	r31, X
    145c:	80 85       	ldd	r24, Z+8	; 0x08
    145e:	91 85       	ldd	r25, Z+9	; 0x09
    1460:	86 2b       	or	r24, r22
    1462:	97 2b       	or	r25, r23
    1464:	91 87       	std	Z+9, r25	; 0x09
    1466:	80 87       	std	Z+8, r24	; 0x08
    1468:	da 01       	movw	r26, r20
    146a:	1d 92       	st	X+, r1
    146c:	1c 92       	st	X, r1
    146e:	86 81       	ldd	r24, Z+6	; 0x06
    1470:	97 81       	ldd	r25, Z+7	; 0x07
    1472:	68 23       	and	r22, r24
    1474:	79 23       	and	r23, r25
    1476:	67 2b       	or	r22, r23
    1478:	39 f0       	breq	.+14     	; 0x1488 <osEE_task_event_set_mask+0x34>
    147a:	82 85       	ldd	r24, Z+10	; 0x0a
    147c:	93 85       	ldd	r25, Z+11	; 0x0b
    147e:	00 97       	sbiw	r24, 0x00	; 0
    1480:	29 f0       	breq	.+10     	; 0x148c <osEE_task_event_set_mask+0x38>
    1482:	13 86       	std	Z+11, r1	; 0x0b
    1484:	12 86       	std	Z+10, r1	; 0x0a
    1486:	08 95       	ret
    1488:	90 e0       	ldi	r25, 0x00	; 0
    148a:	80 e0       	ldi	r24, 0x00	; 0
    148c:	08 95       	ret

0000148e <osEE_activate_isr2>:
    148e:	e0 91 ec 01 	lds	r30, 0x01EC	; 0x8001ec <osEE_kdb_var+0x2>
    1492:	f0 91 ed 01 	lds	r31, 0x01ED	; 0x8001ed <osEE_kdb_var+0x3>
    1496:	90 e0       	ldi	r25, 0x00	; 0
    1498:	88 0f       	add	r24, r24
    149a:	99 1f       	adc	r25, r25
    149c:	e8 0f       	add	r30, r24
    149e:	f9 1f       	adc	r31, r25
    14a0:	60 81       	ld	r22, Z
    14a2:	71 81       	ldd	r23, Z+1	; 0x01
    14a4:	db 01       	movw	r26, r22
    14a6:	14 96       	adiw	r26, 0x04	; 4
    14a8:	ed 91       	ld	r30, X+
    14aa:	fc 91       	ld	r31, X
    14ac:	80 81       	ld	r24, Z
    14ae:	8f 5f       	subi	r24, 0xFF	; 255
    14b0:	80 83       	st	Z, r24
    14b2:	50 e0       	ldi	r21, 0x00	; 0
    14b4:	40 e0       	ldi	r20, 0x00	; 0
    14b6:	8a ee       	ldi	r24, 0xEA	; 234
    14b8:	91 e0       	ldi	r25, 0x01	; 1
    14ba:	0c 94 95 0b 	jmp	0x172a	; 0x172a <osEE_scheduler_task_set_running>

000014be <osEE_scheduler_task_activated>:
    14be:	ef 92       	push	r14
    14c0:	ff 92       	push	r15
    14c2:	0f 93       	push	r16
    14c4:	1f 93       	push	r17
    14c6:	cf 93       	push	r28
    14c8:	df 93       	push	r29
    14ca:	db 01       	movw	r26, r22
    14cc:	14 96       	adiw	r26, 0x04	; 4
    14ce:	ed 90       	ld	r14, X+
    14d0:	fc 90       	ld	r15, X
    14d2:	e0 91 fc 01 	lds	r30, 0x01FC	; 0x8001fc <osEE_cdb_var>
    14d6:	f0 91 fd 01 	lds	r31, 0x01FD	; 0x8001fd <osEE_cdb_var+0x1>
    14da:	80 81       	ld	r24, Z
    14dc:	91 81       	ldd	r25, Z+1	; 0x01
    14de:	ec 01       	movw	r28, r24
    14e0:	4c 81       	ldd	r20, Y+4	; 0x04
    14e2:	5d 81       	ldd	r21, Y+5	; 0x05
    14e4:	a4 81       	ldd	r26, Z+4	; 0x04
    14e6:	b5 81       	ldd	r27, Z+5	; 0x05
    14e8:	2d 91       	ld	r18, X+
    14ea:	3c 91       	ld	r19, X
    14ec:	11 97       	sbiw	r26, 0x01	; 1
    14ee:	ea 01       	movw	r28, r20
    14f0:	09 81       	ldd	r16, Y+1	; 0x01
    14f2:	e7 01       	movw	r28, r14
    14f4:	19 81       	ldd	r17, Y+1	; 0x01
    14f6:	01 17       	cp	r16, r17
    14f8:	10 f5       	brcc	.+68     	; 0x153e <osEE_scheduler_task_activated+0x80>
    14fa:	35 83       	std	Z+5, r19	; 0x05
    14fc:	24 83       	std	Z+4, r18	; 0x04
    14fe:	22 e0       	ldi	r18, 0x02	; 2
    1500:	30 e0       	ldi	r19, 0x00	; 0
    1502:	ea 01       	movw	r28, r20
    1504:	3b 83       	std	Y+3, r19	; 0x03
    1506:	2a 83       	std	Y+2, r18	; 0x02
    1508:	13 96       	adiw	r26, 0x03	; 3
    150a:	7c 93       	st	X, r23
    150c:	6e 93       	st	-X, r22
    150e:	12 97       	sbiw	r26, 0x02	; 2
    1510:	26 81       	ldd	r18, Z+6	; 0x06
    1512:	37 81       	ldd	r19, Z+7	; 0x07
    1514:	11 96       	adiw	r26, 0x01	; 1
    1516:	3c 93       	st	X, r19
    1518:	2e 93       	st	-X, r18
    151a:	b7 83       	std	Z+7, r27	; 0x07
    151c:	a6 83       	std	Z+6, r26	; 0x06
    151e:	71 83       	std	Z+1, r23	; 0x01
    1520:	60 83       	st	Z, r22
    1522:	f7 01       	movw	r30, r14
    1524:	11 86       	std	Z+9, r1	; 0x09
    1526:	10 86       	std	Z+8, r1	; 0x08
    1528:	0e 94 40 0d 	call	0x1a80	; 0x1a80 <osEE_change_context_from_running>
    152c:	81 e0       	ldi	r24, 0x01	; 1
    152e:	90 e0       	ldi	r25, 0x00	; 0
    1530:	df 91       	pop	r29
    1532:	cf 91       	pop	r28
    1534:	1f 91       	pop	r17
    1536:	0f 91       	pop	r16
    1538:	ff 90       	pop	r15
    153a:	ef 90       	pop	r14
    153c:	08 95       	ret
    153e:	8a 81       	ldd	r24, Y+2	; 0x02
    1540:	9b 81       	ldd	r25, Y+3	; 0x03
    1542:	89 2b       	or	r24, r25
    1544:	31 f4       	brne	.+12     	; 0x1552 <osEE_scheduler_task_activated+0x94>
    1546:	81 e0       	ldi	r24, 0x01	; 1
    1548:	90 e0       	ldi	r25, 0x00	; 0
    154a:	9b 83       	std	Y+3, r25	; 0x03
    154c:	8a 83       	std	Y+2, r24	; 0x02
    154e:	19 86       	std	Y+9, r1	; 0x09
    1550:	18 86       	std	Y+8, r1	; 0x08
    1552:	35 83       	std	Z+5, r19	; 0x05
    1554:	24 83       	std	Z+4, r18	; 0x04
    1556:	11 96       	adiw	r26, 0x01	; 1
    1558:	1c 92       	st	X, r1
    155a:	1e 92       	st	-X, r1
    155c:	ab 01       	movw	r20, r22
    155e:	bd 01       	movw	r22, r26
    1560:	cf 01       	movw	r24, r30
    1562:	02 96       	adiw	r24, 0x02	; 2
    1564:	0e 94 d4 09 	call	0x13a8	; 0x13a8 <osEE_scheduler_rq_insert>
    1568:	90 e0       	ldi	r25, 0x00	; 0
    156a:	80 e0       	ldi	r24, 0x00	; 0
    156c:	e1 cf       	rjmp	.-62     	; 0x1530 <osEE_scheduler_task_activated+0x72>

0000156e <osEE_scheduler_task_insert>:
    156e:	ab 01       	movw	r20, r22
    1570:	fb 01       	movw	r30, r22
    1572:	a4 81       	ldd	r26, Z+4	; 0x04
    1574:	b5 81       	ldd	r27, Z+5	; 0x05
    1576:	e0 91 fc 01 	lds	r30, 0x01FC	; 0x8001fc <osEE_cdb_var>
    157a:	f0 91 fd 01 	lds	r31, 0x01FD	; 0x8001fd <osEE_cdb_var+0x1>
    157e:	12 96       	adiw	r26, 0x02	; 2
    1580:	8d 91       	ld	r24, X+
    1582:	9c 91       	ld	r25, X
    1584:	13 97       	sbiw	r26, 0x03	; 3
    1586:	89 2b       	or	r24, r25
    1588:	51 f4       	brne	.+20     	; 0x159e <osEE_scheduler_task_insert+0x30>
    158a:	81 e0       	ldi	r24, 0x01	; 1
    158c:	90 e0       	ldi	r25, 0x00	; 0
    158e:	13 96       	adiw	r26, 0x03	; 3
    1590:	9c 93       	st	X, r25
    1592:	8e 93       	st	-X, r24
    1594:	12 97       	sbiw	r26, 0x02	; 2
    1596:	19 96       	adiw	r26, 0x09	; 9
    1598:	1c 92       	st	X, r1
    159a:	1e 92       	st	-X, r1
    159c:	18 97       	sbiw	r26, 0x08	; 8
    159e:	a4 81       	ldd	r26, Z+4	; 0x04
    15a0:	b5 81       	ldd	r27, Z+5	; 0x05
    15a2:	8d 91       	ld	r24, X+
    15a4:	9c 91       	ld	r25, X
    15a6:	11 97       	sbiw	r26, 0x01	; 1
    15a8:	95 83       	std	Z+5, r25	; 0x05
    15aa:	84 83       	std	Z+4, r24	; 0x04
    15ac:	11 96       	adiw	r26, 0x01	; 1
    15ae:	1c 92       	st	X, r1
    15b0:	1e 92       	st	-X, r1
    15b2:	bd 01       	movw	r22, r26
    15b4:	cf 01       	movw	r24, r30
    15b6:	02 96       	adiw	r24, 0x02	; 2
    15b8:	0c 94 d4 09 	jmp	0x13a8	; 0x13a8 <osEE_scheduler_rq_insert>

000015bc <osEE_scheduler_task_unblocked>:
    15bc:	0f 93       	push	r16
    15be:	1f 93       	push	r17
    15c0:	cf 93       	push	r28
    15c2:	df 93       	push	r29
    15c4:	db 01       	movw	r26, r22
    15c6:	12 96       	adiw	r26, 0x02	; 2
    15c8:	4d 91       	ld	r20, X+
    15ca:	5c 91       	ld	r21, X
    15cc:	fa 01       	movw	r30, r20
    15ce:	c4 81       	ldd	r28, Z+4	; 0x04
    15d0:	d5 81       	ldd	r29, Z+5	; 0x05
    15d2:	00 91 fc 01 	lds	r16, 0x01FC	; 0x8001fc <osEE_cdb_var>
    15d6:	10 91 fd 01 	lds	r17, 0x01FD	; 0x8001fd <osEE_cdb_var+0x1>
    15da:	82 e0       	ldi	r24, 0x02	; 2
    15dc:	90 e0       	ldi	r25, 0x00	; 0
    15de:	9b 83       	std	Y+3, r25	; 0x03
    15e0:	8a 83       	std	Y+2, r24	; 0x02
    15e2:	83 85       	ldd	r24, Z+11	; 0x0b
    15e4:	89 83       	std	Y+1, r24	; 0x01
    15e6:	c8 01       	movw	r24, r16
    15e8:	02 96       	adiw	r24, 0x02	; 2
    15ea:	0e 94 d4 09 	call	0x13a8	; 0x13a8 <osEE_scheduler_rq_insert>
    15ee:	01 97       	sbiw	r24, 0x01	; 1
    15f0:	91 f4       	brne	.+36     	; 0x1616 <osEE_scheduler_task_unblocked+0x5a>
    15f2:	d8 01       	movw	r26, r16
    15f4:	ed 91       	ld	r30, X+
    15f6:	fc 91       	ld	r31, X
    15f8:	04 80       	ldd	r0, Z+4	; 0x04
    15fa:	f5 81       	ldd	r31, Z+5	; 0x05
    15fc:	e0 2d       	mov	r30, r0
    15fe:	81 e0       	ldi	r24, 0x01	; 1
    1600:	90 e0       	ldi	r25, 0x00	; 0
    1602:	39 81       	ldd	r19, Y+1	; 0x01
    1604:	21 81       	ldd	r18, Z+1	; 0x01
    1606:	23 17       	cp	r18, r19
    1608:	08 f0       	brcs	.+2      	; 0x160c <osEE_scheduler_task_unblocked+0x50>
    160a:	80 e0       	ldi	r24, 0x00	; 0
    160c:	df 91       	pop	r29
    160e:	cf 91       	pop	r28
    1610:	1f 91       	pop	r17
    1612:	0f 91       	pop	r16
    1614:	08 95       	ret
    1616:	80 e0       	ldi	r24, 0x00	; 0
    1618:	90 e0       	ldi	r25, 0x00	; 0
    161a:	f8 cf       	rjmp	.-16     	; 0x160c <osEE_scheduler_task_unblocked+0x50>

0000161c <osEE_scheduler_task_terminated>:
    161c:	af 92       	push	r10
    161e:	bf 92       	push	r11
    1620:	cf 92       	push	r12
    1622:	df 92       	push	r13
    1624:	ef 92       	push	r14
    1626:	ff 92       	push	r15
    1628:	0f 93       	push	r16
    162a:	1f 93       	push	r17
    162c:	cf 93       	push	r28
    162e:	df 93       	push	r29
    1630:	c0 91 fc 01 	lds	r28, 0x01FC	; 0x8001fc <osEE_cdb_var>
    1634:	d0 91 fd 01 	lds	r29, 0x01FD	; 0x8001fd <osEE_cdb_var+0x1>
    1638:	fe 01       	movw	r30, r28
    163a:	e1 90       	ld	r14, Z+
    163c:	f1 90       	ld	r15, Z+
    163e:	6f 01       	movw	r12, r30
    1640:	f7 01       	movw	r30, r14
    1642:	04 81       	ldd	r16, Z+4	; 0x04
    1644:	15 81       	ldd	r17, Z+5	; 0x05
    1646:	fb 01       	movw	r30, r22
    1648:	f1 82       	std	Z+1, r15	; 0x01
    164a:	e0 82       	st	Z, r14
    164c:	f8 01       	movw	r30, r16
    164e:	82 81       	ldd	r24, Z+2	; 0x02
    1650:	93 81       	ldd	r25, Z+3	; 0x03
    1652:	04 97       	sbiw	r24, 0x04	; 4
    1654:	31 f5       	brne	.+76     	; 0x16a2 <osEE_scheduler_task_terminated+0x86>
    1656:	b6 01       	movw	r22, r12
    1658:	8c ef       	ldi	r24, 0xFC	; 252
    165a:	91 e0       	ldi	r25, 0x01	; 1
    165c:	0e 94 db 09 	call	0x13b6	; 0x13b6 <osEE_scheduler_core_pop_running>
    1660:	5c 01       	movw	r10, r24
    1662:	c8 80       	ld	r12, Y
    1664:	d9 80       	ldd	r13, Y+1	; 0x01
    1666:	ec 14       	cp	r14, r12
    1668:	fd 04       	cpc	r15, r13
    166a:	b1 f0       	breq	.+44     	; 0x1698 <osEE_scheduler_task_terminated+0x7c>
    166c:	c7 01       	movw	r24, r14
    166e:	0e 94 15 0a 	call	0x142a	; 0x142a <osEE_task_end>
    1672:	8c 81       	ldd	r24, Y+4	; 0x04
    1674:	9d 81       	ldd	r25, Y+5	; 0x05
    1676:	f5 01       	movw	r30, r10
    1678:	91 83       	std	Z+1, r25	; 0x01
    167a:	80 83       	st	Z, r24
    167c:	bd 82       	std	Y+5, r11	; 0x05
    167e:	ac 82       	std	Y+4, r10	; 0x04
    1680:	c6 01       	movw	r24, r12
    1682:	df 91       	pop	r29
    1684:	cf 91       	pop	r28
    1686:	1f 91       	pop	r17
    1688:	0f 91       	pop	r16
    168a:	ff 90       	pop	r15
    168c:	ef 90       	pop	r14
    168e:	df 90       	pop	r13
    1690:	cf 90       	pop	r12
    1692:	bf 90       	pop	r11
    1694:	af 90       	pop	r10
    1696:	08 95       	ret
    1698:	f8 01       	movw	r30, r16
    169a:	80 81       	ld	r24, Z
    169c:	81 50       	subi	r24, 0x01	; 1
    169e:	80 83       	st	Z, r24
    16a0:	e8 cf       	rjmp	.-48     	; 0x1672 <osEE_scheduler_task_terminated+0x56>
    16a2:	6e 81       	ldd	r22, Y+6	; 0x06
    16a4:	7f 81       	ldd	r23, Y+7	; 0x07
    16a6:	fb 01       	movw	r30, r22
    16a8:	80 81       	ld	r24, Z
    16aa:	91 81       	ldd	r25, Z+1	; 0x01
    16ac:	9f 83       	std	Y+7, r25	; 0x07
    16ae:	8e 83       	std	Y+6, r24	; 0x06
    16b0:	f7 01       	movw	r30, r14
    16b2:	83 85       	ldd	r24, Z+11	; 0x0b
    16b4:	f8 01       	movw	r30, r16
    16b6:	81 83       	std	Z+1, r24	; 0x01
    16b8:	81 e0       	ldi	r24, 0x01	; 1
    16ba:	90 e0       	ldi	r25, 0x00	; 0
    16bc:	93 83       	std	Z+3, r25	; 0x03
    16be:	82 83       	std	Z+2, r24	; 0x02
    16c0:	80 81       	ld	r24, Z
    16c2:	81 30       	cpi	r24, 0x01	; 1
    16c4:	11 f4       	brne	.+4      	; 0x16ca <osEE_scheduler_task_terminated+0xae>
    16c6:	11 86       	std	Z+9, r1	; 0x09
    16c8:	10 86       	std	Z+8, r1	; 0x08
    16ca:	a7 01       	movw	r20, r14
    16cc:	c6 01       	movw	r24, r12
    16ce:	0e 94 d4 09 	call	0x13a8	; 0x13a8 <osEE_scheduler_rq_insert>
    16d2:	b6 01       	movw	r22, r12
    16d4:	8c ef       	ldi	r24, 0xFC	; 252
    16d6:	91 e0       	ldi	r25, 0x01	; 1
    16d8:	0e 94 43 09 	call	0x1286	; 0x1286 <osEE_scheduler_core_rq_preempt_stk>
    16dc:	89 2b       	or	r24, r25
    16de:	39 f4       	brne	.+14     	; 0x16ee <osEE_scheduler_task_terminated+0xd2>
    16e0:	ee 81       	ldd	r30, Y+6	; 0x06
    16e2:	ff 81       	ldd	r31, Y+7	; 0x07
    16e4:	c2 80       	ldd	r12, Z+2	; 0x02
    16e6:	d3 80       	ldd	r13, Z+3	; 0x03
    16e8:	d9 82       	std	Y+1, r13	; 0x01
    16ea:	c8 82       	st	Y, r12
    16ec:	c9 cf       	rjmp	.-110    	; 0x1680 <osEE_scheduler_task_terminated+0x64>
    16ee:	c8 80       	ld	r12, Y
    16f0:	d9 80       	ldd	r13, Y+1	; 0x01
    16f2:	c6 cf       	rjmp	.-116    	; 0x1680 <osEE_scheduler_task_terminated+0x64>

000016f4 <osEE_scheduler_task_preemption_point>:
    16f4:	cf 93       	push	r28
    16f6:	df 93       	push	r29
    16f8:	c0 91 fc 01 	lds	r28, 0x01FC	; 0x8001fc <osEE_cdb_var>
    16fc:	d0 91 fd 01 	lds	r29, 0x01FD	; 0x8001fd <osEE_cdb_var+0x1>
    1700:	be 01       	movw	r22, r28
    1702:	6e 5f       	subi	r22, 0xFE	; 254
    1704:	7f 4f       	sbci	r23, 0xFF	; 255
    1706:	8c ef       	ldi	r24, 0xFC	; 252
    1708:	91 e0       	ldi	r25, 0x01	; 1
    170a:	0e 94 43 09 	call	0x1286	; 0x1286 <osEE_scheduler_core_rq_preempt_stk>
    170e:	00 97       	sbiw	r24, 0x00	; 0
    1710:	49 f0       	breq	.+18     	; 0x1724 <osEE_scheduler_task_preemption_point+0x30>
    1712:	68 81       	ld	r22, Y
    1714:	79 81       	ldd	r23, Y+1	; 0x01
    1716:	0e 94 40 0d 	call	0x1a80	; 0x1a80 <osEE_change_context_from_running>
    171a:	81 e0       	ldi	r24, 0x01	; 1
    171c:	90 e0       	ldi	r25, 0x00	; 0
    171e:	df 91       	pop	r29
    1720:	cf 91       	pop	r28
    1722:	08 95       	ret
    1724:	90 e0       	ldi	r25, 0x00	; 0
    1726:	80 e0       	ldi	r24, 0x00	; 0
    1728:	fa cf       	rjmp	.-12     	; 0x171e <osEE_scheduler_task_preemption_point+0x2a>

0000172a <osEE_scheduler_task_set_running>:
    172a:	cf 93       	push	r28
    172c:	df 93       	push	r29
    172e:	e0 91 fc 01 	lds	r30, 0x01FC	; 0x8001fc <osEE_cdb_var>
    1732:	f0 91 fd 01 	lds	r31, 0x01FD	; 0x8001fd <osEE_cdb_var+0x1>
    1736:	80 81       	ld	r24, Z
    1738:	91 81       	ldd	r25, Z+1	; 0x01
    173a:	26 81       	ldd	r18, Z+6	; 0x06
    173c:	37 81       	ldd	r19, Z+7	; 0x07
    173e:	ec 01       	movw	r28, r24
    1740:	ac 81       	ldd	r26, Y+4	; 0x04
    1742:	bd 81       	ldd	r27, Y+5	; 0x05
    1744:	12 96       	adiw	r26, 0x02	; 2
    1746:	cd 91       	ld	r28, X+
    1748:	dc 91       	ld	r29, X
    174a:	13 97       	sbiw	r26, 0x03	; 3
    174c:	24 97       	sbiw	r28, 0x04	; 4
    174e:	31 f4       	brne	.+12     	; 0x175c <osEE_scheduler_task_set_running+0x32>
    1750:	c2 e0       	ldi	r28, 0x02	; 2
    1752:	d0 e0       	ldi	r29, 0x00	; 0
    1754:	13 96       	adiw	r26, 0x03	; 3
    1756:	dc 93       	st	X, r29
    1758:	ce 93       	st	-X, r28
    175a:	12 97       	sbiw	r26, 0x02	; 2
    175c:	71 83       	std	Z+1, r23	; 0x01
    175e:	60 83       	st	Z, r22
    1760:	41 15       	cp	r20, r1
    1762:	51 05       	cpc	r21, r1
    1764:	b9 f4       	brne	.+46     	; 0x1794 <osEE_scheduler_task_set_running+0x6a>
    1766:	a4 81       	ldd	r26, Z+4	; 0x04
    1768:	b5 81       	ldd	r27, Z+5	; 0x05
    176a:	4d 91       	ld	r20, X+
    176c:	5c 91       	ld	r21, X
    176e:	11 97       	sbiw	r26, 0x01	; 1
    1770:	55 83       	std	Z+5, r21	; 0x05
    1772:	44 83       	std	Z+4, r20	; 0x04
    1774:	11 96       	adiw	r26, 0x01	; 1
    1776:	1c 92       	st	X, r1
    1778:	1e 92       	st	-X, r1
    177a:	b7 83       	std	Z+7, r27	; 0x07
    177c:	a6 83       	std	Z+6, r26	; 0x06
    177e:	06 80       	ldd	r0, Z+6	; 0x06
    1780:	f7 81       	ldd	r31, Z+7	; 0x07
    1782:	e0 2d       	mov	r30, r0
    1784:	73 83       	std	Z+3, r23	; 0x03
    1786:	62 83       	std	Z+2, r22	; 0x02
    1788:	31 83       	std	Z+1, r19	; 0x01
    178a:	20 83       	st	Z, r18
    178c:	df 91       	pop	r29
    178e:	cf 91       	pop	r28
    1790:	0c 94 40 0d 	jmp	0x1a80	; 0x1a80 <osEE_change_context_from_running>
    1794:	57 83       	std	Z+7, r21	; 0x07
    1796:	46 83       	std	Z+6, r20	; 0x06
    1798:	f2 cf       	rjmp	.-28     	; 0x177e <osEE_scheduler_task_set_running+0x54>

0000179a <osEE_counter_insert_abs_trigger>:
    179a:	af 92       	push	r10
    179c:	bf 92       	push	r11
    179e:	cf 92       	push	r12
    17a0:	df 92       	push	r13
    17a2:	ef 92       	push	r14
    17a4:	ff 92       	push	r15
    17a6:	0f 93       	push	r16
    17a8:	1f 93       	push	r17
    17aa:	cf 93       	push	r28
    17ac:	df 93       	push	r29
    17ae:	dc 01       	movw	r26, r24
    17b0:	ad 90       	ld	r10, X+
    17b2:	bc 90       	ld	r11, X
    17b4:	e5 01       	movw	r28, r10
    17b6:	e8 81       	ld	r30, Y
    17b8:	f9 81       	ldd	r31, Y+1	; 0x01
    17ba:	2a 81       	ldd	r18, Y+2	; 0x02
    17bc:	3b 81       	ldd	r19, Y+3	; 0x03
    17be:	db 01       	movw	r26, r22
    17c0:	cd 90       	ld	r12, X+
    17c2:	dc 90       	ld	r13, X
    17c4:	e6 01       	movw	r28, r12
    17c6:	5b 83       	std	Y+3, r21	; 0x03
    17c8:	4a 83       	std	Y+2, r20	; 0x02
    17ca:	81 e0       	ldi	r24, 0x01	; 1
    17cc:	90 e0       	ldi	r25, 0x00	; 0
    17ce:	b0 e0       	ldi	r27, 0x00	; 0
    17d0:	a0 e0       	ldi	r26, 0x00	; 0
    17d2:	30 97       	sbiw	r30, 0x00	; 0
    17d4:	11 f0       	breq	.+4      	; 0x17da <osEE_counter_insert_abs_trigger+0x40>
    17d6:	00 97       	sbiw	r24, 0x00	; 0
    17d8:	a9 f4       	brne	.+42     	; 0x1804 <osEE_counter_insert_abs_trigger+0x6a>
    17da:	10 97       	sbiw	r26, 0x00	; 0
    17dc:	79 f1       	breq	.+94     	; 0x183c <osEE_counter_insert_abs_trigger+0xa2>
    17de:	0d 90       	ld	r0, X+
    17e0:	bc 91       	ld	r27, X
    17e2:	a0 2d       	mov	r26, r0
    17e4:	6d 93       	st	X+, r22
    17e6:	7c 93       	st	X, r23
    17e8:	e6 01       	movw	r28, r12
    17ea:	f9 83       	std	Y+1, r31	; 0x01
    17ec:	e8 83       	st	Y, r30
    17ee:	df 91       	pop	r29
    17f0:	cf 91       	pop	r28
    17f2:	1f 91       	pop	r17
    17f4:	0f 91       	pop	r16
    17f6:	ff 90       	pop	r15
    17f8:	ef 90       	pop	r14
    17fa:	df 90       	pop	r13
    17fc:	cf 90       	pop	r12
    17fe:	bf 90       	pop	r11
    1800:	af 90       	pop	r10
    1802:	08 95       	ret
    1804:	00 81       	ld	r16, Z
    1806:	11 81       	ldd	r17, Z+1	; 0x01
    1808:	e8 01       	movw	r28, r16
    180a:	ea 80       	ldd	r14, Y+2	; 0x02
    180c:	fb 80       	ldd	r15, Y+3	; 0x03
    180e:	2e 15       	cp	r18, r14
    1810:	3f 05       	cpc	r19, r15
    1812:	58 f4       	brcc	.+22     	; 0x182a <osEE_counter_insert_abs_trigger+0x90>
    1814:	4e 15       	cp	r20, r14
    1816:	5f 05       	cpc	r21, r15
    1818:	18 f4       	brcc	.+6      	; 0x1820 <osEE_counter_insert_abs_trigger+0x86>
    181a:	24 17       	cp	r18, r20
    181c:	35 07       	cpc	r19, r21
    181e:	58 f0       	brcs	.+22     	; 0x1836 <osEE_counter_insert_abs_trigger+0x9c>
    1820:	df 01       	movw	r26, r30
    1822:	e8 01       	movw	r28, r16
    1824:	e8 81       	ld	r30, Y
    1826:	f9 81       	ldd	r31, Y+1	; 0x01
    1828:	d4 cf       	rjmp	.-88     	; 0x17d2 <osEE_counter_insert_abs_trigger+0x38>
    182a:	24 17       	cp	r18, r20
    182c:	35 07       	cpc	r19, r21
    182e:	18 f0       	brcs	.+6      	; 0x1836 <osEE_counter_insert_abs_trigger+0x9c>
    1830:	4e 15       	cp	r20, r14
    1832:	5f 05       	cpc	r21, r15
    1834:	a8 f7       	brcc	.-22     	; 0x1820 <osEE_counter_insert_abs_trigger+0x86>
    1836:	90 e0       	ldi	r25, 0x00	; 0
    1838:	80 e0       	ldi	r24, 0x00	; 0
    183a:	cb cf       	rjmp	.-106    	; 0x17d2 <osEE_counter_insert_abs_trigger+0x38>
    183c:	d5 01       	movw	r26, r10
    183e:	d2 cf       	rjmp	.-92     	; 0x17e4 <osEE_counter_insert_abs_trigger+0x4a>

00001840 <osEE_counter_insert_rel_trigger>:
    1840:	cf 93       	push	r28
    1842:	df 93       	push	r29
    1844:	dc 01       	movw	r26, r24
    1846:	12 96       	adiw	r26, 0x02	; 2
    1848:	ed 91       	ld	r30, X+
    184a:	fc 91       	ld	r31, X
    184c:	13 97       	sbiw	r26, 0x03	; 3
    184e:	0d 90       	ld	r0, X+
    1850:	bc 91       	ld	r27, X
    1852:	a0 2d       	mov	r26, r0
    1854:	12 96       	adiw	r26, 0x02	; 2
    1856:	2d 91       	ld	r18, X+
    1858:	3c 91       	ld	r19, X
    185a:	df 01       	movw	r26, r30
    185c:	a4 1b       	sub	r26, r20
    185e:	b5 0b       	sbc	r27, r21
    1860:	a2 17       	cp	r26, r18
    1862:	b3 07       	cpc	r27, r19
    1864:	30 f0       	brcs	.+12     	; 0x1872 <osEE_counter_insert_rel_trigger+0x32>
    1866:	42 0f       	add	r20, r18
    1868:	53 1f       	adc	r21, r19
    186a:	df 91       	pop	r29
    186c:	cf 91       	pop	r28
    186e:	0c 94 cd 0b 	jmp	0x179a	; 0x179a <osEE_counter_insert_abs_trigger>
    1872:	41 50       	subi	r20, 0x01	; 1
    1874:	51 09       	sbc	r21, r1
    1876:	42 0f       	add	r20, r18
    1878:	53 1f       	adc	r21, r19
    187a:	4e 1b       	sub	r20, r30
    187c:	5f 0b       	sbc	r21, r31
    187e:	f5 cf       	rjmp	.-22     	; 0x186a <osEE_counter_insert_rel_trigger+0x2a>

00001880 <osEE_counter_increment>:
    1880:	8f 92       	push	r8
    1882:	9f 92       	push	r9
    1884:	af 92       	push	r10
    1886:	bf 92       	push	r11
    1888:	cf 92       	push	r12
    188a:	df 92       	push	r13
    188c:	ef 92       	push	r14
    188e:	ff 92       	push	r15
    1890:	0f 93       	push	r16
    1892:	1f 93       	push	r17
    1894:	cf 93       	push	r28
    1896:	df 93       	push	r29
    1898:	00 d0       	rcall	.+0      	; 0x189a <osEE_counter_increment+0x1a>
    189a:	cd b7       	in	r28, 0x3d	; 61
    189c:	de b7       	in	r29, 0x3e	; 62
    189e:	dc 01       	movw	r26, r24
    18a0:	cd 90       	ld	r12, X+
    18a2:	dc 90       	ld	r13, X
    18a4:	11 97       	sbiw	r26, 0x01	; 1
    18a6:	f6 01       	movw	r30, r12
    18a8:	22 81       	ldd	r18, Z+2	; 0x02
    18aa:	33 81       	ldd	r19, Z+3	; 0x03
    18ac:	12 96       	adiw	r26, 0x02	; 2
    18ae:	4d 91       	ld	r20, X+
    18b0:	5c 91       	ld	r21, X
    18b2:	24 17       	cp	r18, r20
    18b4:	35 07       	cpc	r19, r21
    18b6:	08 f4       	brcc	.+2      	; 0x18ba <osEE_counter_increment+0x3a>
    18b8:	71 c0       	rjmp	.+226    	; 0x199c <osEE_counter_increment+0x11c>
    18ba:	13 82       	std	Z+3, r1	; 0x03
    18bc:	12 82       	std	Z+2, r1	; 0x02
    18be:	30 e0       	ldi	r19, 0x00	; 0
    18c0:	20 e0       	ldi	r18, 0x00	; 0
    18c2:	f6 01       	movw	r30, r12
    18c4:	00 81       	ld	r16, Z
    18c6:	11 81       	ldd	r17, Z+1	; 0x01
    18c8:	01 15       	cp	r16, r1
    18ca:	11 05       	cpc	r17, r1
    18cc:	09 f4       	brne	.+2      	; 0x18d0 <osEE_counter_increment+0x50>
    18ce:	57 c0       	rjmp	.+174    	; 0x197e <osEE_counter_increment+0xfe>
    18d0:	d8 01       	movw	r26, r16
    18d2:	ed 91       	ld	r30, X+
    18d4:	fc 91       	ld	r31, X
    18d6:	11 97       	sbiw	r26, 0x01	; 1
    18d8:	42 81       	ldd	r20, Z+2	; 0x02
    18da:	53 81       	ldd	r21, Z+3	; 0x03
    18dc:	42 17       	cp	r20, r18
    18de:	53 07       	cpc	r21, r19
    18e0:	09 f0       	breq	.+2      	; 0x18e4 <osEE_counter_increment+0x64>
    18e2:	4d c0       	rjmp	.+154    	; 0x197e <osEE_counter_increment+0xfe>
    18e4:	23 e0       	ldi	r18, 0x03	; 3
    18e6:	e2 2e       	mov	r14, r18
    18e8:	f1 2c       	mov	r15, r1
    18ea:	2d 91       	ld	r18, X+
    18ec:	3c 91       	ld	r19, X
    18ee:	f9 01       	movw	r30, r18
    18f0:	f5 82       	std	Z+5, r15	; 0x05
    18f2:	e4 82       	std	Z+4, r14	; 0x04
    18f4:	a0 81       	ld	r26, Z
    18f6:	b1 81       	ldd	r27, Z+1	; 0x01
    18f8:	10 97       	sbiw	r26, 0x00	; 0
    18fa:	49 f0       	breq	.+18     	; 0x190e <osEE_counter_increment+0x8e>
    18fc:	6d 91       	ld	r22, X+
    18fe:	7c 91       	ld	r23, X
    1900:	11 97       	sbiw	r26, 0x01	; 1
    1902:	fb 01       	movw	r30, r22
    1904:	62 81       	ldd	r22, Z+2	; 0x02
    1906:	73 81       	ldd	r23, Z+3	; 0x03
    1908:	46 17       	cp	r20, r22
    190a:	57 07       	cpc	r21, r23
    190c:	71 f3       	breq	.-36     	; 0x18ea <osEE_counter_increment+0x6a>
    190e:	7c 01       	movw	r14, r24
    1910:	f9 01       	movw	r30, r18
    1912:	11 82       	std	Z+1, r1	; 0x01
    1914:	10 82       	st	Z, r1
    1916:	f6 01       	movw	r30, r12
    1918:	b1 83       	std	Z+1, r27	; 0x01
    191a:	a0 83       	st	Z, r26
    191c:	82 e0       	ldi	r24, 0x02	; 2
    191e:	c8 2e       	mov	r12, r24
    1920:	d1 2c       	mov	r13, r1
    1922:	d8 01       	movw	r26, r16
    1924:	ed 91       	ld	r30, X+
    1926:	fc 91       	ld	r31, X
    1928:	11 97       	sbiw	r26, 0x01	; 1
    192a:	a0 80       	ld	r10, Z
    192c:	b1 80       	ldd	r11, Z+1	; 0x01
    192e:	1a 82       	std	Y+2, r1	; 0x02
    1930:	19 82       	std	Y+1, r1	; 0x01
    1932:	1c 96       	adiw	r26, 0x0c	; 12
    1934:	8d 91       	ld	r24, X+
    1936:	9c 91       	ld	r25, X
    1938:	1d 97       	sbiw	r26, 0x0d	; 13
    193a:	81 30       	cpi	r24, 0x01	; 1
    193c:	91 05       	cpc	r25, r1
    193e:	09 f4       	brne	.+2      	; 0x1942 <osEE_counter_increment+0xc2>
    1940:	42 c0       	rjmp	.+132    	; 0x19c6 <osEE_counter_increment+0x146>
    1942:	88 f1       	brcs	.+98     	; 0x19a6 <osEE_counter_increment+0x126>
    1944:	82 30       	cpi	r24, 0x02	; 2
    1946:	91 05       	cpc	r25, r1
    1948:	09 f4       	brne	.+2      	; 0x194c <osEE_counter_increment+0xcc>
    194a:	52 c0       	rjmp	.+164    	; 0x19f0 <osEE_counter_increment+0x170>
    194c:	03 97       	sbiw	r24, 0x03	; 3
    194e:	09 f4       	brne	.+2      	; 0x1952 <osEE_counter_increment+0xd2>
    1950:	55 c0       	rjmp	.+170    	; 0x19fc <osEE_counter_increment+0x17c>
    1952:	d8 01       	movw	r26, r16
    1954:	ed 91       	ld	r30, X+
    1956:	fc 91       	ld	r31, X
    1958:	84 81       	ldd	r24, Z+4	; 0x04
    195a:	95 81       	ldd	r25, Z+5	; 0x05
    195c:	03 97       	sbiw	r24, 0x03	; 3
    195e:	61 f4       	brne	.+24     	; 0x1978 <osEE_counter_increment+0xf8>
    1960:	46 81       	ldd	r20, Z+6	; 0x06
    1962:	57 81       	ldd	r21, Z+7	; 0x07
    1964:	41 15       	cp	r20, r1
    1966:	51 05       	cpc	r21, r1
    1968:	09 f4       	brne	.+2      	; 0x196c <osEE_counter_increment+0xec>
    196a:	4d c0       	rjmp	.+154    	; 0x1a06 <osEE_counter_increment+0x186>
    196c:	d5 82       	std	Z+5, r13	; 0x05
    196e:	c4 82       	std	Z+4, r12	; 0x04
    1970:	b8 01       	movw	r22, r16
    1972:	c7 01       	movw	r24, r14
    1974:	0e 94 20 0c 	call	0x1840	; 0x1840 <osEE_counter_insert_rel_trigger>
    1978:	85 01       	movw	r16, r10
    197a:	ab 28       	or	r10, r11
    197c:	91 f6       	brne	.-92     	; 0x1922 <osEE_counter_increment+0xa2>
    197e:	0f 90       	pop	r0
    1980:	0f 90       	pop	r0
    1982:	df 91       	pop	r29
    1984:	cf 91       	pop	r28
    1986:	1f 91       	pop	r17
    1988:	0f 91       	pop	r16
    198a:	ff 90       	pop	r15
    198c:	ef 90       	pop	r14
    198e:	df 90       	pop	r13
    1990:	cf 90       	pop	r12
    1992:	bf 90       	pop	r11
    1994:	af 90       	pop	r10
    1996:	9f 90       	pop	r9
    1998:	8f 90       	pop	r8
    199a:	08 95       	ret
    199c:	2f 5f       	subi	r18, 0xFF	; 255
    199e:	3f 4f       	sbci	r19, 0xFF	; 255
    19a0:	33 83       	std	Z+3, r19	; 0x03
    19a2:	22 83       	std	Z+2, r18	; 0x02
    19a4:	8e cf       	rjmp	.-228    	; 0x18c2 <osEE_counter_increment+0x42>
    19a6:	f8 01       	movw	r30, r16
    19a8:	86 80       	ldd	r8, Z+6	; 0x06
    19aa:	97 80       	ldd	r9, Z+7	; 0x07
    19ac:	c4 01       	movw	r24, r8
    19ae:	0e 94 03 0a 	call	0x1406	; 0x1406 <osEE_task_activated>
    19b2:	9a 83       	std	Y+2, r25	; 0x02
    19b4:	89 83       	std	Y+1, r24	; 0x01
    19b6:	89 2b       	or	r24, r25
    19b8:	61 f6       	brne	.-104    	; 0x1952 <osEE_counter_increment+0xd2>
    19ba:	b4 01       	movw	r22, r8
    19bc:	8a ee       	ldi	r24, 0xEA	; 234
    19be:	91 e0       	ldi	r25, 0x01	; 1
    19c0:	0e 94 b7 0a 	call	0x156e	; 0x156e <osEE_scheduler_task_insert>
    19c4:	c6 cf       	rjmp	.-116    	; 0x1952 <osEE_counter_increment+0xd2>
    19c6:	1a 96       	adiw	r26, 0x0a	; 10
    19c8:	6d 91       	ld	r22, X+
    19ca:	7c 91       	ld	r23, X
    19cc:	1b 97       	sbiw	r26, 0x0b	; 11
    19ce:	ae 01       	movw	r20, r28
    19d0:	4f 5f       	subi	r20, 0xFF	; 255
    19d2:	5f 4f       	sbci	r21, 0xFF	; 255
    19d4:	16 96       	adiw	r26, 0x06	; 6
    19d6:	8d 91       	ld	r24, X+
    19d8:	9c 91       	ld	r25, X
    19da:	0e 94 2a 0a 	call	0x1454	; 0x1454 <osEE_task_event_set_mask>
    19de:	00 97       	sbiw	r24, 0x00	; 0
    19e0:	09 f4       	brne	.+2      	; 0x19e4 <osEE_counter_increment+0x164>
    19e2:	b7 cf       	rjmp	.-146    	; 0x1952 <osEE_counter_increment+0xd2>
    19e4:	bc 01       	movw	r22, r24
    19e6:	8a ee       	ldi	r24, 0xEA	; 234
    19e8:	91 e0       	ldi	r25, 0x01	; 1
    19ea:	0e 94 de 0a 	call	0x15bc	; 0x15bc <osEE_scheduler_task_unblocked>
    19ee:	b1 cf       	rjmp	.-158    	; 0x1952 <osEE_counter_increment+0xd2>
    19f0:	f8 01       	movw	r30, r16
    19f2:	80 85       	ldd	r24, Z+8	; 0x08
    19f4:	91 85       	ldd	r25, Z+9	; 0x09
    19f6:	0e 94 40 0c 	call	0x1880	; 0x1880 <osEE_counter_increment>
    19fa:	ab cf       	rjmp	.-170    	; 0x1952 <osEE_counter_increment+0xd2>
    19fc:	14 96       	adiw	r26, 0x04	; 4
    19fe:	ed 91       	ld	r30, X+
    1a00:	fc 91       	ld	r31, X
    1a02:	09 95       	icall
    1a04:	a6 cf       	rjmp	.-180    	; 0x1952 <osEE_counter_increment+0xd2>
    1a06:	15 82       	std	Z+5, r1	; 0x05
    1a08:	14 82       	std	Z+4, r1	; 0x04
    1a0a:	b6 cf       	rjmp	.-148    	; 0x1978 <osEE_counter_increment+0xf8>

00001a0c <osEE_alarm_set_rel>:
    1a0c:	cf 93       	push	r28
    1a0e:	df 93       	push	r29
    1a10:	db 01       	movw	r26, r22
    1a12:	ed 91       	ld	r30, X+
    1a14:	fc 91       	ld	r31, X
    1a16:	a4 81       	ldd	r26, Z+4	; 0x04
    1a18:	b5 81       	ldd	r27, Z+5	; 0x05
    1a1a:	a2 30       	cpi	r26, 0x02	; 2
    1a1c:	b1 05       	cpc	r27, r1
    1a1e:	68 f5       	brcc	.+90     	; 0x1a7a <osEE_alarm_set_rel+0x6e>
    1a20:	37 83       	std	Z+7, r19	; 0x07
    1a22:	26 83       	std	Z+6, r18	; 0x06
    1a24:	11 97       	sbiw	r26, 0x01	; 1
    1a26:	11 f5       	brne	.+68     	; 0x1a6c <osEE_alarm_set_rel+0x60>
    1a28:	ec 01       	movw	r28, r24
    1a2a:	2a 81       	ldd	r18, Y+2	; 0x02
    1a2c:	3b 81       	ldd	r19, Y+3	; 0x03
    1a2e:	a8 81       	ld	r26, Y
    1a30:	b9 81       	ldd	r27, Y+1	; 0x01
    1a32:	12 96       	adiw	r26, 0x02	; 2
    1a34:	8d 91       	ld	r24, X+
    1a36:	9c 91       	ld	r25, X
    1a38:	b9 01       	movw	r22, r18
    1a3a:	64 1b       	sub	r22, r20
    1a3c:	75 0b       	sbc	r23, r21
    1a3e:	68 17       	cp	r22, r24
    1a40:	79 07       	cpc	r23, r25
    1a42:	68 f0       	brcs	.+26     	; 0x1a5e <osEE_alarm_set_rel+0x52>
    1a44:	48 0f       	add	r20, r24
    1a46:	59 1f       	adc	r21, r25
    1a48:	53 83       	std	Z+3, r21	; 0x03
    1a4a:	42 83       	std	Z+2, r20	; 0x02
    1a4c:	84 e0       	ldi	r24, 0x04	; 4
    1a4e:	90 e0       	ldi	r25, 0x00	; 0
    1a50:	95 83       	std	Z+5, r25	; 0x05
    1a52:	84 83       	std	Z+4, r24	; 0x04
    1a54:	90 e0       	ldi	r25, 0x00	; 0
    1a56:	80 e0       	ldi	r24, 0x00	; 0
    1a58:	df 91       	pop	r29
    1a5a:	cf 91       	pop	r28
    1a5c:	08 95       	ret
    1a5e:	41 50       	subi	r20, 0x01	; 1
    1a60:	51 09       	sbc	r21, r1
    1a62:	48 0f       	add	r20, r24
    1a64:	59 1f       	adc	r21, r25
    1a66:	42 1b       	sub	r20, r18
    1a68:	53 0b       	sbc	r21, r19
    1a6a:	ee cf       	rjmp	.-36     	; 0x1a48 <osEE_alarm_set_rel+0x3c>
    1a6c:	22 e0       	ldi	r18, 0x02	; 2
    1a6e:	30 e0       	ldi	r19, 0x00	; 0
    1a70:	35 83       	std	Z+5, r19	; 0x05
    1a72:	24 83       	std	Z+4, r18	; 0x04
    1a74:	0e 94 20 0c 	call	0x1840	; 0x1840 <osEE_counter_insert_rel_trigger>
    1a78:	ed cf       	rjmp	.-38     	; 0x1a54 <osEE_alarm_set_rel+0x48>
    1a7a:	87 e0       	ldi	r24, 0x07	; 7
    1a7c:	90 e0       	ldi	r25, 0x00	; 0
    1a7e:	ec cf       	rjmp	.-40     	; 0x1a58 <osEE_alarm_set_rel+0x4c>

00001a80 <osEE_change_context_from_running>:
    1a80:	fb 01       	movw	r30, r22
    1a82:	dc 01       	movw	r26, r24
    1a84:	12 96       	adiw	r26, 0x02	; 2
    1a86:	4d 91       	ld	r20, X+
    1a88:	5c 91       	ld	r21, X
    1a8a:	62 81       	ldd	r22, Z+2	; 0x02
    1a8c:	73 81       	ldd	r23, Z+3	; 0x03
    1a8e:	a4 81       	ldd	r26, Z+4	; 0x04
    1a90:	b5 81       	ldd	r27, Z+5	; 0x05
    1a92:	12 96       	adiw	r26, 0x02	; 2
    1a94:	8d 91       	ld	r24, X+
    1a96:	9c 91       	ld	r25, X
    1a98:	02 97       	sbiw	r24, 0x02	; 2
    1a9a:	19 f4       	brne	.+6      	; 0x1aa2 <osEE_change_context_from_running+0x22>
    1a9c:	cf 01       	movw	r24, r30
    1a9e:	0c 94 88 00 	jmp	0x110	; 0x110 <osEE_hal_save_ctx_and_restore_ctx>
    1aa2:	cf 01       	movw	r24, r30
    1aa4:	0c 94 d0 00 	jmp	0x1a0	; 0x1a0 <osEE_hal_save_ctx_and_ready2stacked>

00001aa8 <osEE_change_context_from_task_end>:
    1aa8:	cb 01       	movw	r24, r22
    1aaa:	db 01       	movw	r26, r22
    1aac:	12 96       	adiw	r26, 0x02	; 2
    1aae:	6d 91       	ld	r22, X+
    1ab0:	7c 91       	ld	r23, X
    1ab2:	13 97       	sbiw	r26, 0x03	; 3
    1ab4:	14 96       	adiw	r26, 0x04	; 4
    1ab6:	ed 91       	ld	r30, X+
    1ab8:	fc 91       	ld	r31, X
    1aba:	22 81       	ldd	r18, Z+2	; 0x02
    1abc:	33 81       	ldd	r19, Z+3	; 0x03
    1abe:	22 30       	cpi	r18, 0x02	; 2
    1ac0:	31 05       	cpc	r19, r1
    1ac2:	11 f4       	brne	.+4      	; 0x1ac8 <osEE_change_context_from_task_end+0x20>
    1ac4:	0c 94 a8 00 	jmp	0x150	; 0x150 <osEE_hal_restore_ctx>
    1ac8:	0c 94 c8 00 	jmp	0x190	; 0x190 <osEE_hal_ready2stacked>

00001acc <osEE_idle_task_terminate>:
    1acc:	dc 01       	movw	r26, r24
    1ace:	12 96       	adiw	r26, 0x02	; 2
    1ad0:	6d 91       	ld	r22, X+
    1ad2:	7c 91       	ld	r23, X
    1ad4:	13 97       	sbiw	r26, 0x03	; 3
    1ad6:	ed 91       	ld	r30, X+
    1ad8:	fc 91       	ld	r31, X
    1ada:	40 81       	ld	r20, Z
    1adc:	51 81       	ldd	r21, Z+1	; 0x01
    1ade:	db 01       	movw	r26, r22
    1ae0:	ed 91       	ld	r30, X+
    1ae2:	fc 91       	ld	r31, X
    1ae4:	22 89       	ldd	r18, Z+18	; 0x12
    1ae6:	33 89       	ldd	r19, Z+19	; 0x13
    1ae8:	21 15       	cp	r18, r1
    1aea:	31 05       	cpc	r19, r1
    1aec:	19 f0       	breq	.+6      	; 0x1af4 <osEE_idle_task_terminate+0x28>
    1aee:	42 17       	cp	r20, r18
    1af0:	53 07       	cpc	r21, r19
    1af2:	29 f4       	brne	.+10     	; 0x1afe <osEE_idle_task_terminate+0x32>
    1af4:	db 01       	movw	r26, r22
    1af6:	ed 93       	st	X+, r30
    1af8:	fc 93       	st	X, r31
    1afa:	0c 94 a8 00 	jmp	0x150	; 0x150 <osEE_hal_restore_ctx>
    1afe:	f9 01       	movw	r30, r18
    1b00:	f1 cf       	rjmp	.-30     	; 0x1ae4 <osEE_idle_task_terminate+0x18>

00001b02 <osEE_scheduler_task_end>:
    1b02:	cf 93       	push	r28
    1b04:	df 93       	push	r29
    1b06:	00 d0       	rcall	.+0      	; 0x1b08 <osEE_scheduler_task_end+0x6>
    1b08:	cd b7       	in	r28, 0x3d	; 61
    1b0a:	de b7       	in	r29, 0x3e	; 62
    1b0c:	be 01       	movw	r22, r28
    1b0e:	6f 5f       	subi	r22, 0xFF	; 255
    1b10:	7f 4f       	sbci	r23, 0xFF	; 255
    1b12:	8a ee       	ldi	r24, 0xEA	; 234
    1b14:	91 e0       	ldi	r25, 0x01	; 1
    1b16:	0e 94 0e 0b 	call	0x161c	; 0x161c <osEE_scheduler_task_terminated>
    1b1a:	bc 01       	movw	r22, r24
    1b1c:	89 81       	ldd	r24, Y+1	; 0x01
    1b1e:	9a 81       	ldd	r25, Y+2	; 0x02
    1b20:	0e 94 54 0d 	call	0x1aa8	; 0x1aa8 <osEE_change_context_from_task_end>
    1b24:	0f 90       	pop	r0
    1b26:	0f 90       	pop	r0
    1b28:	df 91       	pop	r29
    1b2a:	cf 91       	pop	r28
    1b2c:	08 95       	ret

00001b2e <__vector_default>:
    1b2e:	f8 94       	cli
    1b30:	ff cf       	rjmp	.-2      	; 0x1b30 <__vector_default+0x2>

00001b32 <osEE_atmega_intvect>:
    1b32:	ee e2       	ldi	r30, 0x2E	; 46
    1b34:	08 95       	ret

00001b36 <__vector_4>:
    1b36:	8f 93       	push	r24
    1b38:	9f 93       	push	r25
    1b3a:	81 e0       	ldi	r24, 0x01	; 1
    1b3c:	0e 94 ab 0d 	call	0x1b56	; 0x1b56 <osEE_avr8_isr2_stub>
    1b40:	9f 91       	pop	r25
    1b42:	8f 91       	pop	r24
    1b44:	18 95       	reti

00001b46 <__vector_11>:
    1b46:	8f 93       	push	r24
    1b48:	9f 93       	push	r25
    1b4a:	80 e0       	ldi	r24, 0x00	; 0
    1b4c:	0e 94 ab 0d 	call	0x1b56	; 0x1b56 <osEE_avr8_isr2_stub>
    1b50:	9f 91       	pop	r25
    1b52:	8f 91       	pop	r24
    1b54:	18 95       	reti

00001b56 <osEE_avr8_isr2_stub>:
    1b56:	1f 92       	push	r1
    1b58:	0f 92       	push	r0
    1b5a:	0f b6       	in	r0, 0x3f	; 63
    1b5c:	0f 92       	push	r0
    1b5e:	11 24       	eor	r1, r1
    1b60:	2f 93       	push	r18
    1b62:	3f 93       	push	r19
    1b64:	4f 93       	push	r20
    1b66:	5f 93       	push	r21
    1b68:	6f 93       	push	r22
    1b6a:	7f 93       	push	r23
    1b6c:	af 93       	push	r26
    1b6e:	bf 93       	push	r27
    1b70:	ef 93       	push	r30
    1b72:	ff 93       	push	r31
    1b74:	0e 94 47 0a 	call	0x148e	; 0x148e <osEE_activate_isr2>
    1b78:	ff 91       	pop	r31
    1b7a:	ef 91       	pop	r30
    1b7c:	bf 91       	pop	r27
    1b7e:	af 91       	pop	r26
    1b80:	7f 91       	pop	r23
    1b82:	6f 91       	pop	r22
    1b84:	5f 91       	pop	r21
    1b86:	4f 91       	pop	r20
    1b88:	3f 91       	pop	r19
    1b8a:	2f 91       	pop	r18
    1b8c:	0f 90       	pop	r0
    1b8e:	0f be       	out	0x3f, r0	; 63
    1b90:	0f 90       	pop	r0
    1b92:	1f 90       	pop	r1
    1b94:	08 95       	ret

00001b96 <__udivmodsi4>:
    1b96:	a1 e2       	ldi	r26, 0x21	; 33
    1b98:	1a 2e       	mov	r1, r26
    1b9a:	aa 1b       	sub	r26, r26
    1b9c:	bb 1b       	sub	r27, r27
    1b9e:	fd 01       	movw	r30, r26
    1ba0:	0d c0       	rjmp	.+26     	; 0x1bbc <__udivmodsi4_ep>

00001ba2 <__udivmodsi4_loop>:
    1ba2:	aa 1f       	adc	r26, r26
    1ba4:	bb 1f       	adc	r27, r27
    1ba6:	ee 1f       	adc	r30, r30
    1ba8:	ff 1f       	adc	r31, r31
    1baa:	a2 17       	cp	r26, r18
    1bac:	b3 07       	cpc	r27, r19
    1bae:	e4 07       	cpc	r30, r20
    1bb0:	f5 07       	cpc	r31, r21
    1bb2:	20 f0       	brcs	.+8      	; 0x1bbc <__udivmodsi4_ep>
    1bb4:	a2 1b       	sub	r26, r18
    1bb6:	b3 0b       	sbc	r27, r19
    1bb8:	e4 0b       	sbc	r30, r20
    1bba:	f5 0b       	sbc	r31, r21

00001bbc <__udivmodsi4_ep>:
    1bbc:	66 1f       	adc	r22, r22
    1bbe:	77 1f       	adc	r23, r23
    1bc0:	88 1f       	adc	r24, r24
    1bc2:	99 1f       	adc	r25, r25
    1bc4:	1a 94       	dec	r1
    1bc6:	69 f7       	brne	.-38     	; 0x1ba2 <__udivmodsi4_loop>
    1bc8:	60 95       	com	r22
    1bca:	70 95       	com	r23
    1bcc:	80 95       	com	r24
    1bce:	90 95       	com	r25
    1bd0:	9b 01       	movw	r18, r22
    1bd2:	ac 01       	movw	r20, r24
    1bd4:	bd 01       	movw	r22, r26
    1bd6:	cf 01       	movw	r24, r30
    1bd8:	08 95       	ret

00001bda <__tablejump2__>:
    1bda:	ee 0f       	add	r30, r30
    1bdc:	ff 1f       	adc	r31, r31
    1bde:	05 90       	lpm	r0, Z+
    1be0:	f4 91       	lpm	r31, Z
    1be2:	e0 2d       	mov	r30, r0
    1be4:	09 94       	ijmp

00001be6 <vsnprintf>:
    1be6:	ae e0       	ldi	r26, 0x0E	; 14
    1be8:	b0 e0       	ldi	r27, 0x00	; 0
    1bea:	e9 ef       	ldi	r30, 0xF9	; 249
    1bec:	fd e0       	ldi	r31, 0x0D	; 13
    1bee:	0c 94 ab 10 	jmp	0x2156	; 0x2156 <__prologue_saves__+0x1c>
    1bf2:	8c 01       	movw	r16, r24
    1bf4:	fa 01       	movw	r30, r20
    1bf6:	86 e0       	ldi	r24, 0x06	; 6
    1bf8:	8c 83       	std	Y+4, r24	; 0x04
    1bfa:	1a 83       	std	Y+2, r17	; 0x02
    1bfc:	09 83       	std	Y+1, r16	; 0x01
    1bfe:	77 ff       	sbrs	r23, 7
    1c00:	02 c0       	rjmp	.+4      	; 0x1c06 <vsnprintf+0x20>
    1c02:	60 e0       	ldi	r22, 0x00	; 0
    1c04:	70 e8       	ldi	r23, 0x80	; 128
    1c06:	61 50       	subi	r22, 0x01	; 1
    1c08:	71 09       	sbc	r23, r1
    1c0a:	7e 83       	std	Y+6, r23	; 0x06
    1c0c:	6d 83       	std	Y+5, r22	; 0x05
    1c0e:	a9 01       	movw	r20, r18
    1c10:	bf 01       	movw	r22, r30
    1c12:	ce 01       	movw	r24, r28
    1c14:	01 96       	adiw	r24, 0x01	; 1
    1c16:	0e 94 1f 0e 	call	0x1c3e	; 0x1c3e <vfprintf>
    1c1a:	4d 81       	ldd	r20, Y+5	; 0x05
    1c1c:	5e 81       	ldd	r21, Y+6	; 0x06
    1c1e:	57 fd       	sbrc	r21, 7
    1c20:	0a c0       	rjmp	.+20     	; 0x1c36 <vsnprintf+0x50>
    1c22:	2f 81       	ldd	r18, Y+7	; 0x07
    1c24:	38 85       	ldd	r19, Y+8	; 0x08
    1c26:	42 17       	cp	r20, r18
    1c28:	53 07       	cpc	r21, r19
    1c2a:	0c f4       	brge	.+2      	; 0x1c2e <vsnprintf+0x48>
    1c2c:	9a 01       	movw	r18, r20
    1c2e:	02 0f       	add	r16, r18
    1c30:	13 1f       	adc	r17, r19
    1c32:	f8 01       	movw	r30, r16
    1c34:	10 82       	st	Z, r1
    1c36:	2e 96       	adiw	r28, 0x0e	; 14
    1c38:	e4 e0       	ldi	r30, 0x04	; 4
    1c3a:	0c 94 c7 10 	jmp	0x218e	; 0x218e <__epilogue_restores__+0x1c>

00001c3e <vfprintf>:
    1c3e:	ab e0       	ldi	r26, 0x0B	; 11
    1c40:	b0 e0       	ldi	r27, 0x00	; 0
    1c42:	e5 e2       	ldi	r30, 0x25	; 37
    1c44:	fe e0       	ldi	r31, 0x0E	; 14
    1c46:	0c 94 9d 10 	jmp	0x213a	; 0x213a <__prologue_saves__>
    1c4a:	7c 01       	movw	r14, r24
    1c4c:	3b 01       	movw	r6, r22
    1c4e:	8a 01       	movw	r16, r20
    1c50:	fc 01       	movw	r30, r24
    1c52:	17 82       	std	Z+7, r1	; 0x07
    1c54:	16 82       	std	Z+6, r1	; 0x06
    1c56:	83 81       	ldd	r24, Z+3	; 0x03
    1c58:	81 ff       	sbrs	r24, 1
    1c5a:	c8 c1       	rjmp	.+912    	; 0x1fec <vfprintf+0x3ae>
    1c5c:	ce 01       	movw	r24, r28
    1c5e:	01 96       	adiw	r24, 0x01	; 1
    1c60:	5c 01       	movw	r10, r24
    1c62:	f7 01       	movw	r30, r14
    1c64:	93 81       	ldd	r25, Z+3	; 0x03
    1c66:	f3 01       	movw	r30, r6
    1c68:	93 fd       	sbrc	r25, 3
    1c6a:	85 91       	lpm	r24, Z+
    1c6c:	93 ff       	sbrs	r25, 3
    1c6e:	81 91       	ld	r24, Z+
    1c70:	3f 01       	movw	r6, r30
    1c72:	88 23       	and	r24, r24
    1c74:	09 f4       	brne	.+2      	; 0x1c78 <vfprintf+0x3a>
    1c76:	53 c1       	rjmp	.+678    	; 0x1f1e <vfprintf+0x2e0>
    1c78:	85 32       	cpi	r24, 0x25	; 37
    1c7a:	39 f4       	brne	.+14     	; 0x1c8a <vfprintf+0x4c>
    1c7c:	93 fd       	sbrc	r25, 3
    1c7e:	85 91       	lpm	r24, Z+
    1c80:	93 ff       	sbrs	r25, 3
    1c82:	81 91       	ld	r24, Z+
    1c84:	3f 01       	movw	r6, r30
    1c86:	85 32       	cpi	r24, 0x25	; 37
    1c88:	29 f4       	brne	.+10     	; 0x1c94 <vfprintf+0x56>
    1c8a:	b7 01       	movw	r22, r14
    1c8c:	90 e0       	ldi	r25, 0x00	; 0
    1c8e:	0e 94 0f 10 	call	0x201e	; 0x201e <fputc>
    1c92:	e7 cf       	rjmp	.-50     	; 0x1c62 <vfprintf+0x24>
    1c94:	91 2c       	mov	r9, r1
    1c96:	21 2c       	mov	r2, r1
    1c98:	31 2c       	mov	r3, r1
    1c9a:	ff e1       	ldi	r31, 0x1F	; 31
    1c9c:	f3 15       	cp	r31, r3
    1c9e:	38 f0       	brcs	.+14     	; 0x1cae <vfprintf+0x70>
    1ca0:	8b 32       	cpi	r24, 0x2B	; 43
    1ca2:	11 f1       	breq	.+68     	; 0x1ce8 <vfprintf+0xaa>
    1ca4:	90 f4       	brcc	.+36     	; 0x1cca <vfprintf+0x8c>
    1ca6:	80 32       	cpi	r24, 0x20	; 32
    1ca8:	09 f1       	breq	.+66     	; 0x1cec <vfprintf+0xae>
    1caa:	83 32       	cpi	r24, 0x23	; 35
    1cac:	29 f1       	breq	.+74     	; 0x1cf8 <vfprintf+0xba>
    1cae:	37 fc       	sbrc	r3, 7
    1cb0:	3c c0       	rjmp	.+120    	; 0x1d2a <vfprintf+0xec>
    1cb2:	20 ed       	ldi	r18, 0xD0	; 208
    1cb4:	28 0f       	add	r18, r24
    1cb6:	2a 30       	cpi	r18, 0x0A	; 10
    1cb8:	50 f5       	brcc	.+84     	; 0x1d0e <vfprintf+0xd0>
    1cba:	36 fe       	sbrs	r3, 6
    1cbc:	20 c0       	rjmp	.+64     	; 0x1cfe <vfprintf+0xc0>
    1cbe:	8a e0       	ldi	r24, 0x0A	; 10
    1cc0:	98 9e       	mul	r9, r24
    1cc2:	20 0d       	add	r18, r0
    1cc4:	11 24       	eor	r1, r1
    1cc6:	92 2e       	mov	r9, r18
    1cc8:	06 c0       	rjmp	.+12     	; 0x1cd6 <vfprintf+0x98>
    1cca:	8d 32       	cpi	r24, 0x2D	; 45
    1ccc:	91 f0       	breq	.+36     	; 0x1cf2 <vfprintf+0xb4>
    1cce:	80 33       	cpi	r24, 0x30	; 48
    1cd0:	71 f7       	brne	.-36     	; 0x1cae <vfprintf+0x70>
    1cd2:	68 94       	set
    1cd4:	30 f8       	bld	r3, 0
    1cd6:	f3 01       	movw	r30, r6
    1cd8:	93 fd       	sbrc	r25, 3
    1cda:	85 91       	lpm	r24, Z+
    1cdc:	93 ff       	sbrs	r25, 3
    1cde:	81 91       	ld	r24, Z+
    1ce0:	3f 01       	movw	r6, r30
    1ce2:	81 11       	cpse	r24, r1
    1ce4:	da cf       	rjmp	.-76     	; 0x1c9a <vfprintf+0x5c>
    1ce6:	21 c0       	rjmp	.+66     	; 0x1d2a <vfprintf+0xec>
    1ce8:	68 94       	set
    1cea:	31 f8       	bld	r3, 1
    1cec:	68 94       	set
    1cee:	32 f8       	bld	r3, 2
    1cf0:	f2 cf       	rjmp	.-28     	; 0x1cd6 <vfprintf+0x98>
    1cf2:	68 94       	set
    1cf4:	33 f8       	bld	r3, 3
    1cf6:	ef cf       	rjmp	.-34     	; 0x1cd6 <vfprintf+0x98>
    1cf8:	68 94       	set
    1cfa:	34 f8       	bld	r3, 4
    1cfc:	ec cf       	rjmp	.-40     	; 0x1cd6 <vfprintf+0x98>
    1cfe:	ea e0       	ldi	r30, 0x0A	; 10
    1d00:	2e 9e       	mul	r2, r30
    1d02:	20 0d       	add	r18, r0
    1d04:	11 24       	eor	r1, r1
    1d06:	22 2e       	mov	r2, r18
    1d08:	68 94       	set
    1d0a:	35 f8       	bld	r3, 5
    1d0c:	e4 cf       	rjmp	.-56     	; 0x1cd6 <vfprintf+0x98>
    1d0e:	8e 32       	cpi	r24, 0x2E	; 46
    1d10:	29 f4       	brne	.+10     	; 0x1d1c <vfprintf+0xde>
    1d12:	36 fc       	sbrc	r3, 6
    1d14:	04 c1       	rjmp	.+520    	; 0x1f1e <vfprintf+0x2e0>
    1d16:	68 94       	set
    1d18:	36 f8       	bld	r3, 6
    1d1a:	dd cf       	rjmp	.-70     	; 0x1cd6 <vfprintf+0x98>
    1d1c:	8c 36       	cpi	r24, 0x6C	; 108
    1d1e:	19 f4       	brne	.+6      	; 0x1d26 <vfprintf+0xe8>
    1d20:	68 94       	set
    1d22:	37 f8       	bld	r3, 7
    1d24:	d8 cf       	rjmp	.-80     	; 0x1cd6 <vfprintf+0x98>
    1d26:	88 36       	cpi	r24, 0x68	; 104
    1d28:	b1 f2       	breq	.-84     	; 0x1cd6 <vfprintf+0x98>
    1d2a:	98 2f       	mov	r25, r24
    1d2c:	9f 7d       	andi	r25, 0xDF	; 223
    1d2e:	95 54       	subi	r25, 0x45	; 69
    1d30:	93 30       	cpi	r25, 0x03	; 3
    1d32:	e0 f0       	brcs	.+56     	; 0x1d6c <vfprintf+0x12e>
    1d34:	83 36       	cpi	r24, 0x63	; 99
    1d36:	a1 f1       	breq	.+104    	; 0x1da0 <vfprintf+0x162>
    1d38:	83 37       	cpi	r24, 0x73	; 115
    1d3a:	c1 f1       	breq	.+112    	; 0x1dac <vfprintf+0x16e>
    1d3c:	83 35       	cpi	r24, 0x53	; 83
    1d3e:	09 f0       	breq	.+2      	; 0x1d42 <vfprintf+0x104>
    1d40:	63 c0       	rjmp	.+198    	; 0x1e08 <vfprintf+0x1ca>
    1d42:	28 01       	movw	r4, r16
    1d44:	f2 e0       	ldi	r31, 0x02	; 2
    1d46:	4f 0e       	add	r4, r31
    1d48:	51 1c       	adc	r5, r1
    1d4a:	f8 01       	movw	r30, r16
    1d4c:	c0 80       	ld	r12, Z
    1d4e:	d1 80       	ldd	r13, Z+1	; 0x01
    1d50:	69 2d       	mov	r22, r9
    1d52:	70 e0       	ldi	r23, 0x00	; 0
    1d54:	36 fc       	sbrc	r3, 6
    1d56:	02 c0       	rjmp	.+4      	; 0x1d5c <vfprintf+0x11e>
    1d58:	6f ef       	ldi	r22, 0xFF	; 255
    1d5a:	7f ef       	ldi	r23, 0xFF	; 255
    1d5c:	c6 01       	movw	r24, r12
    1d5e:	0e 94 f9 0f 	call	0x1ff2	; 0x1ff2 <strnlen_P>
    1d62:	4c 01       	movw	r8, r24
    1d64:	68 94       	set
    1d66:	37 f8       	bld	r3, 7
    1d68:	82 01       	movw	r16, r4
    1d6a:	0a c0       	rjmp	.+20     	; 0x1d80 <vfprintf+0x142>
    1d6c:	0c 5f       	subi	r16, 0xFC	; 252
    1d6e:	1f 4f       	sbci	r17, 0xFF	; 255
    1d70:	ff e3       	ldi	r31, 0x3F	; 63
    1d72:	f9 83       	std	Y+1, r31	; 0x01
    1d74:	88 24       	eor	r8, r8
    1d76:	83 94       	inc	r8
    1d78:	91 2c       	mov	r9, r1
    1d7a:	65 01       	movw	r12, r10
    1d7c:	e8 94       	clt
    1d7e:	37 f8       	bld	r3, 7
    1d80:	33 fe       	sbrs	r3, 3
    1d82:	2d c0       	rjmp	.+90     	; 0x1dde <vfprintf+0x1a0>
    1d84:	52 2c       	mov	r5, r2
    1d86:	81 14       	cp	r8, r1
    1d88:	91 04       	cpc	r9, r1
    1d8a:	71 f5       	brne	.+92     	; 0x1de8 <vfprintf+0x1aa>
    1d8c:	55 20       	and	r5, r5
    1d8e:	09 f4       	brne	.+2      	; 0x1d92 <vfprintf+0x154>
    1d90:	68 cf       	rjmp	.-304    	; 0x1c62 <vfprintf+0x24>
    1d92:	b7 01       	movw	r22, r14
    1d94:	80 e2       	ldi	r24, 0x20	; 32
    1d96:	90 e0       	ldi	r25, 0x00	; 0
    1d98:	0e 94 0f 10 	call	0x201e	; 0x201e <fputc>
    1d9c:	5a 94       	dec	r5
    1d9e:	f6 cf       	rjmp	.-20     	; 0x1d8c <vfprintf+0x14e>
    1da0:	f8 01       	movw	r30, r16
    1da2:	80 81       	ld	r24, Z
    1da4:	89 83       	std	Y+1, r24	; 0x01
    1da6:	0e 5f       	subi	r16, 0xFE	; 254
    1da8:	1f 4f       	sbci	r17, 0xFF	; 255
    1daa:	e4 cf       	rjmp	.-56     	; 0x1d74 <vfprintf+0x136>
    1dac:	28 01       	movw	r4, r16
    1dae:	f2 e0       	ldi	r31, 0x02	; 2
    1db0:	4f 0e       	add	r4, r31
    1db2:	51 1c       	adc	r5, r1
    1db4:	f8 01       	movw	r30, r16
    1db6:	c0 80       	ld	r12, Z
    1db8:	d1 80       	ldd	r13, Z+1	; 0x01
    1dba:	69 2d       	mov	r22, r9
    1dbc:	70 e0       	ldi	r23, 0x00	; 0
    1dbe:	36 fc       	sbrc	r3, 6
    1dc0:	02 c0       	rjmp	.+4      	; 0x1dc6 <vfprintf+0x188>
    1dc2:	6f ef       	ldi	r22, 0xFF	; 255
    1dc4:	7f ef       	ldi	r23, 0xFF	; 255
    1dc6:	c6 01       	movw	r24, r12
    1dc8:	0e 94 04 10 	call	0x2008	; 0x2008 <strnlen>
    1dcc:	4c 01       	movw	r8, r24
    1dce:	82 01       	movw	r16, r4
    1dd0:	d5 cf       	rjmp	.-86     	; 0x1d7c <vfprintf+0x13e>
    1dd2:	b7 01       	movw	r22, r14
    1dd4:	80 e2       	ldi	r24, 0x20	; 32
    1dd6:	90 e0       	ldi	r25, 0x00	; 0
    1dd8:	0e 94 0f 10 	call	0x201e	; 0x201e <fputc>
    1ddc:	2a 94       	dec	r2
    1dde:	28 14       	cp	r2, r8
    1de0:	19 04       	cpc	r1, r9
    1de2:	09 f0       	breq	.+2      	; 0x1de6 <vfprintf+0x1a8>
    1de4:	b0 f7       	brcc	.-20     	; 0x1dd2 <vfprintf+0x194>
    1de6:	ce cf       	rjmp	.-100    	; 0x1d84 <vfprintf+0x146>
    1de8:	f6 01       	movw	r30, r12
    1dea:	37 fc       	sbrc	r3, 7
    1dec:	85 91       	lpm	r24, Z+
    1dee:	37 fe       	sbrs	r3, 7
    1df0:	81 91       	ld	r24, Z+
    1df2:	6f 01       	movw	r12, r30
    1df4:	b7 01       	movw	r22, r14
    1df6:	90 e0       	ldi	r25, 0x00	; 0
    1df8:	0e 94 0f 10 	call	0x201e	; 0x201e <fputc>
    1dfc:	51 10       	cpse	r5, r1
    1dfe:	5a 94       	dec	r5
    1e00:	f1 e0       	ldi	r31, 0x01	; 1
    1e02:	8f 1a       	sub	r8, r31
    1e04:	91 08       	sbc	r9, r1
    1e06:	bf cf       	rjmp	.-130    	; 0x1d86 <vfprintf+0x148>
    1e08:	84 36       	cpi	r24, 0x64	; 100
    1e0a:	19 f0       	breq	.+6      	; 0x1e12 <vfprintf+0x1d4>
    1e0c:	89 36       	cpi	r24, 0x69	; 105
    1e0e:	09 f0       	breq	.+2      	; 0x1e12 <vfprintf+0x1d4>
    1e10:	77 c0       	rjmp	.+238    	; 0x1f00 <vfprintf+0x2c2>
    1e12:	f8 01       	movw	r30, r16
    1e14:	37 fe       	sbrs	r3, 7
    1e16:	6b c0       	rjmp	.+214    	; 0x1eee <vfprintf+0x2b0>
    1e18:	60 81       	ld	r22, Z
    1e1a:	71 81       	ldd	r23, Z+1	; 0x01
    1e1c:	82 81       	ldd	r24, Z+2	; 0x02
    1e1e:	93 81       	ldd	r25, Z+3	; 0x03
    1e20:	0c 5f       	subi	r16, 0xFC	; 252
    1e22:	1f 4f       	sbci	r17, 0xFF	; 255
    1e24:	f3 2d       	mov	r31, r3
    1e26:	ff 76       	andi	r31, 0x6F	; 111
    1e28:	3f 2e       	mov	r3, r31
    1e2a:	97 ff       	sbrs	r25, 7
    1e2c:	09 c0       	rjmp	.+18     	; 0x1e40 <vfprintf+0x202>
    1e2e:	90 95       	com	r25
    1e30:	80 95       	com	r24
    1e32:	70 95       	com	r23
    1e34:	61 95       	neg	r22
    1e36:	7f 4f       	sbci	r23, 0xFF	; 255
    1e38:	8f 4f       	sbci	r24, 0xFF	; 255
    1e3a:	9f 4f       	sbci	r25, 0xFF	; 255
    1e3c:	68 94       	set
    1e3e:	37 f8       	bld	r3, 7
    1e40:	2a e0       	ldi	r18, 0x0A	; 10
    1e42:	30 e0       	ldi	r19, 0x00	; 0
    1e44:	a5 01       	movw	r20, r10
    1e46:	0e 94 3f 10 	call	0x207e	; 0x207e <__ultoa_invert>
    1e4a:	c8 2e       	mov	r12, r24
    1e4c:	ca 18       	sub	r12, r10
    1e4e:	8c 2c       	mov	r8, r12
    1e50:	43 2c       	mov	r4, r3
    1e52:	36 fe       	sbrs	r3, 6
    1e54:	0c c0       	rjmp	.+24     	; 0x1e6e <vfprintf+0x230>
    1e56:	e8 94       	clt
    1e58:	40 f8       	bld	r4, 0
    1e5a:	c9 14       	cp	r12, r9
    1e5c:	40 f4       	brcc	.+16     	; 0x1e6e <vfprintf+0x230>
    1e5e:	34 fe       	sbrs	r3, 4
    1e60:	05 c0       	rjmp	.+10     	; 0x1e6c <vfprintf+0x22e>
    1e62:	32 fc       	sbrc	r3, 2
    1e64:	03 c0       	rjmp	.+6      	; 0x1e6c <vfprintf+0x22e>
    1e66:	f3 2d       	mov	r31, r3
    1e68:	fe 7e       	andi	r31, 0xEE	; 238
    1e6a:	4f 2e       	mov	r4, r31
    1e6c:	89 2c       	mov	r8, r9
    1e6e:	44 fe       	sbrs	r4, 4
    1e70:	95 c0       	rjmp	.+298    	; 0x1f9c <vfprintf+0x35e>
    1e72:	fe 01       	movw	r30, r28
    1e74:	ec 0d       	add	r30, r12
    1e76:	f1 1d       	adc	r31, r1
    1e78:	80 81       	ld	r24, Z
    1e7a:	80 33       	cpi	r24, 0x30	; 48
    1e7c:	09 f0       	breq	.+2      	; 0x1e80 <vfprintf+0x242>
    1e7e:	87 c0       	rjmp	.+270    	; 0x1f8e <vfprintf+0x350>
    1e80:	24 2d       	mov	r18, r4
    1e82:	29 7e       	andi	r18, 0xE9	; 233
    1e84:	42 2e       	mov	r4, r18
    1e86:	84 2d       	mov	r24, r4
    1e88:	88 70       	andi	r24, 0x08	; 8
    1e8a:	58 2e       	mov	r5, r24
    1e8c:	43 fc       	sbrc	r4, 3
    1e8e:	95 c0       	rjmp	.+298    	; 0x1fba <vfprintf+0x37c>
    1e90:	40 fe       	sbrs	r4, 0
    1e92:	8f c0       	rjmp	.+286    	; 0x1fb2 <vfprintf+0x374>
    1e94:	9c 2c       	mov	r9, r12
    1e96:	82 14       	cp	r8, r2
    1e98:	18 f4       	brcc	.+6      	; 0x1ea0 <vfprintf+0x262>
    1e9a:	2c 0c       	add	r2, r12
    1e9c:	92 2c       	mov	r9, r2
    1e9e:	98 18       	sub	r9, r8
    1ea0:	44 fe       	sbrs	r4, 4
    1ea2:	91 c0       	rjmp	.+290    	; 0x1fc6 <vfprintf+0x388>
    1ea4:	b7 01       	movw	r22, r14
    1ea6:	80 e3       	ldi	r24, 0x30	; 48
    1ea8:	90 e0       	ldi	r25, 0x00	; 0
    1eaa:	0e 94 0f 10 	call	0x201e	; 0x201e <fputc>
    1eae:	42 fe       	sbrs	r4, 2
    1eb0:	09 c0       	rjmp	.+18     	; 0x1ec4 <vfprintf+0x286>
    1eb2:	88 e7       	ldi	r24, 0x78	; 120
    1eb4:	90 e0       	ldi	r25, 0x00	; 0
    1eb6:	41 fe       	sbrs	r4, 1
    1eb8:	02 c0       	rjmp	.+4      	; 0x1ebe <vfprintf+0x280>
    1eba:	88 e5       	ldi	r24, 0x58	; 88
    1ebc:	90 e0       	ldi	r25, 0x00	; 0
    1ebe:	b7 01       	movw	r22, r14
    1ec0:	0e 94 0f 10 	call	0x201e	; 0x201e <fputc>
    1ec4:	c9 14       	cp	r12, r9
    1ec6:	08 f4       	brcc	.+2      	; 0x1eca <vfprintf+0x28c>
    1ec8:	8a c0       	rjmp	.+276    	; 0x1fde <vfprintf+0x3a0>
    1eca:	ca 94       	dec	r12
    1ecc:	d1 2c       	mov	r13, r1
    1ece:	9f ef       	ldi	r25, 0xFF	; 255
    1ed0:	c9 1a       	sub	r12, r25
    1ed2:	d9 0a       	sbc	r13, r25
    1ed4:	ca 0c       	add	r12, r10
    1ed6:	db 1c       	adc	r13, r11
    1ed8:	f6 01       	movw	r30, r12
    1eda:	82 91       	ld	r24, -Z
    1edc:	6f 01       	movw	r12, r30
    1ede:	b7 01       	movw	r22, r14
    1ee0:	90 e0       	ldi	r25, 0x00	; 0
    1ee2:	0e 94 0f 10 	call	0x201e	; 0x201e <fputc>
    1ee6:	ac 14       	cp	r10, r12
    1ee8:	bd 04       	cpc	r11, r13
    1eea:	b1 f7       	brne	.-20     	; 0x1ed8 <vfprintf+0x29a>
    1eec:	4f cf       	rjmp	.-354    	; 0x1d8c <vfprintf+0x14e>
    1eee:	60 81       	ld	r22, Z
    1ef0:	71 81       	ldd	r23, Z+1	; 0x01
    1ef2:	07 2e       	mov	r0, r23
    1ef4:	00 0c       	add	r0, r0
    1ef6:	88 0b       	sbc	r24, r24
    1ef8:	99 0b       	sbc	r25, r25
    1efa:	0e 5f       	subi	r16, 0xFE	; 254
    1efc:	1f 4f       	sbci	r17, 0xFF	; 255
    1efe:	92 cf       	rjmp	.-220    	; 0x1e24 <vfprintf+0x1e6>
    1f00:	d3 2c       	mov	r13, r3
    1f02:	e8 94       	clt
    1f04:	d4 f8       	bld	r13, 4
    1f06:	2a e0       	ldi	r18, 0x0A	; 10
    1f08:	30 e0       	ldi	r19, 0x00	; 0
    1f0a:	85 37       	cpi	r24, 0x75	; 117
    1f0c:	39 f1       	breq	.+78     	; 0x1f5c <vfprintf+0x31e>
    1f0e:	23 2d       	mov	r18, r3
    1f10:	29 7f       	andi	r18, 0xF9	; 249
    1f12:	d2 2e       	mov	r13, r18
    1f14:	8f 36       	cpi	r24, 0x6F	; 111
    1f16:	01 f1       	breq	.+64     	; 0x1f58 <vfprintf+0x31a>
    1f18:	48 f4       	brcc	.+18     	; 0x1f2c <vfprintf+0x2ee>
    1f1a:	88 35       	cpi	r24, 0x58	; 88
    1f1c:	a9 f0       	breq	.+42     	; 0x1f48 <vfprintf+0x30a>
    1f1e:	f7 01       	movw	r30, r14
    1f20:	86 81       	ldd	r24, Z+6	; 0x06
    1f22:	97 81       	ldd	r25, Z+7	; 0x07
    1f24:	2b 96       	adiw	r28, 0x0b	; 11
    1f26:	e2 e1       	ldi	r30, 0x12	; 18
    1f28:	0c 94 b9 10 	jmp	0x2172	; 0x2172 <__epilogue_restores__>
    1f2c:	80 37       	cpi	r24, 0x70	; 112
    1f2e:	49 f0       	breq	.+18     	; 0x1f42 <vfprintf+0x304>
    1f30:	88 37       	cpi	r24, 0x78	; 120
    1f32:	a9 f7       	brne	.-22     	; 0x1f1e <vfprintf+0x2e0>
    1f34:	d4 fe       	sbrs	r13, 4
    1f36:	02 c0       	rjmp	.+4      	; 0x1f3c <vfprintf+0x2fe>
    1f38:	68 94       	set
    1f3a:	d2 f8       	bld	r13, 2
    1f3c:	20 e1       	ldi	r18, 0x10	; 16
    1f3e:	30 e0       	ldi	r19, 0x00	; 0
    1f40:	0d c0       	rjmp	.+26     	; 0x1f5c <vfprintf+0x31e>
    1f42:	68 94       	set
    1f44:	d4 f8       	bld	r13, 4
    1f46:	f6 cf       	rjmp	.-20     	; 0x1f34 <vfprintf+0x2f6>
    1f48:	34 fe       	sbrs	r3, 4
    1f4a:	03 c0       	rjmp	.+6      	; 0x1f52 <vfprintf+0x314>
    1f4c:	82 2f       	mov	r24, r18
    1f4e:	86 60       	ori	r24, 0x06	; 6
    1f50:	d8 2e       	mov	r13, r24
    1f52:	20 e1       	ldi	r18, 0x10	; 16
    1f54:	32 e0       	ldi	r19, 0x02	; 2
    1f56:	02 c0       	rjmp	.+4      	; 0x1f5c <vfprintf+0x31e>
    1f58:	28 e0       	ldi	r18, 0x08	; 8
    1f5a:	30 e0       	ldi	r19, 0x00	; 0
    1f5c:	f8 01       	movw	r30, r16
    1f5e:	d7 fe       	sbrs	r13, 7
    1f60:	0f c0       	rjmp	.+30     	; 0x1f80 <vfprintf+0x342>
    1f62:	60 81       	ld	r22, Z
    1f64:	71 81       	ldd	r23, Z+1	; 0x01
    1f66:	82 81       	ldd	r24, Z+2	; 0x02
    1f68:	93 81       	ldd	r25, Z+3	; 0x03
    1f6a:	0c 5f       	subi	r16, 0xFC	; 252
    1f6c:	1f 4f       	sbci	r17, 0xFF	; 255
    1f6e:	a5 01       	movw	r20, r10
    1f70:	0e 94 3f 10 	call	0x207e	; 0x207e <__ultoa_invert>
    1f74:	c8 2e       	mov	r12, r24
    1f76:	ca 18       	sub	r12, r10
    1f78:	3d 2c       	mov	r3, r13
    1f7a:	e8 94       	clt
    1f7c:	37 f8       	bld	r3, 7
    1f7e:	67 cf       	rjmp	.-306    	; 0x1e4e <vfprintf+0x210>
    1f80:	60 81       	ld	r22, Z
    1f82:	71 81       	ldd	r23, Z+1	; 0x01
    1f84:	90 e0       	ldi	r25, 0x00	; 0
    1f86:	80 e0       	ldi	r24, 0x00	; 0
    1f88:	0e 5f       	subi	r16, 0xFE	; 254
    1f8a:	1f 4f       	sbci	r17, 0xFF	; 255
    1f8c:	f0 cf       	rjmp	.-32     	; 0x1f6e <vfprintf+0x330>
    1f8e:	42 fc       	sbrc	r4, 2
    1f90:	02 c0       	rjmp	.+4      	; 0x1f96 <vfprintf+0x358>
    1f92:	83 94       	inc	r8
    1f94:	78 cf       	rjmp	.-272    	; 0x1e86 <vfprintf+0x248>
    1f96:	83 94       	inc	r8
    1f98:	83 94       	inc	r8
    1f9a:	75 cf       	rjmp	.-278    	; 0x1e86 <vfprintf+0x248>
    1f9c:	84 2d       	mov	r24, r4
    1f9e:	86 78       	andi	r24, 0x86	; 134
    1fa0:	09 f4       	brne	.+2      	; 0x1fa4 <vfprintf+0x366>
    1fa2:	71 cf       	rjmp	.-286    	; 0x1e86 <vfprintf+0x248>
    1fa4:	f6 cf       	rjmp	.-20     	; 0x1f92 <vfprintf+0x354>
    1fa6:	b7 01       	movw	r22, r14
    1fa8:	80 e2       	ldi	r24, 0x20	; 32
    1faa:	90 e0       	ldi	r25, 0x00	; 0
    1fac:	0e 94 0f 10 	call	0x201e	; 0x201e <fputc>
    1fb0:	83 94       	inc	r8
    1fb2:	82 14       	cp	r8, r2
    1fb4:	c0 f3       	brcs	.-16     	; 0x1fa6 <vfprintf+0x368>
    1fb6:	51 2c       	mov	r5, r1
    1fb8:	73 cf       	rjmp	.-282    	; 0x1ea0 <vfprintf+0x262>
    1fba:	52 2c       	mov	r5, r2
    1fbc:	58 18       	sub	r5, r8
    1fbe:	82 14       	cp	r8, r2
    1fc0:	08 f4       	brcc	.+2      	; 0x1fc4 <vfprintf+0x386>
    1fc2:	6e cf       	rjmp	.-292    	; 0x1ea0 <vfprintf+0x262>
    1fc4:	f8 cf       	rjmp	.-16     	; 0x1fb6 <vfprintf+0x378>
    1fc6:	84 2d       	mov	r24, r4
    1fc8:	86 78       	andi	r24, 0x86	; 134
    1fca:	09 f4       	brne	.+2      	; 0x1fce <vfprintf+0x390>
    1fcc:	7b cf       	rjmp	.-266    	; 0x1ec4 <vfprintf+0x286>
    1fce:	8b e2       	ldi	r24, 0x2B	; 43
    1fd0:	41 fe       	sbrs	r4, 1
    1fd2:	80 e2       	ldi	r24, 0x20	; 32
    1fd4:	47 fc       	sbrc	r4, 7
    1fd6:	8d e2       	ldi	r24, 0x2D	; 45
    1fd8:	b7 01       	movw	r22, r14
    1fda:	90 e0       	ldi	r25, 0x00	; 0
    1fdc:	71 cf       	rjmp	.-286    	; 0x1ec0 <vfprintf+0x282>
    1fde:	b7 01       	movw	r22, r14
    1fe0:	80 e3       	ldi	r24, 0x30	; 48
    1fe2:	90 e0       	ldi	r25, 0x00	; 0
    1fe4:	0e 94 0f 10 	call	0x201e	; 0x201e <fputc>
    1fe8:	9a 94       	dec	r9
    1fea:	6c cf       	rjmp	.-296    	; 0x1ec4 <vfprintf+0x286>
    1fec:	8f ef       	ldi	r24, 0xFF	; 255
    1fee:	9f ef       	ldi	r25, 0xFF	; 255
    1ff0:	99 cf       	rjmp	.-206    	; 0x1f24 <vfprintf+0x2e6>

00001ff2 <strnlen_P>:
    1ff2:	fc 01       	movw	r30, r24
    1ff4:	05 90       	lpm	r0, Z+
    1ff6:	61 50       	subi	r22, 0x01	; 1
    1ff8:	70 40       	sbci	r23, 0x00	; 0
    1ffa:	01 10       	cpse	r0, r1
    1ffc:	d8 f7       	brcc	.-10     	; 0x1ff4 <strnlen_P+0x2>
    1ffe:	80 95       	com	r24
    2000:	90 95       	com	r25
    2002:	8e 0f       	add	r24, r30
    2004:	9f 1f       	adc	r25, r31
    2006:	08 95       	ret

00002008 <strnlen>:
    2008:	fc 01       	movw	r30, r24
    200a:	61 50       	subi	r22, 0x01	; 1
    200c:	70 40       	sbci	r23, 0x00	; 0
    200e:	01 90       	ld	r0, Z+
    2010:	01 10       	cpse	r0, r1
    2012:	d8 f7       	brcc	.-10     	; 0x200a <strnlen+0x2>
    2014:	80 95       	com	r24
    2016:	90 95       	com	r25
    2018:	8e 0f       	add	r24, r30
    201a:	9f 1f       	adc	r25, r31
    201c:	08 95       	ret

0000201e <fputc>:
    201e:	0f 93       	push	r16
    2020:	1f 93       	push	r17
    2022:	cf 93       	push	r28
    2024:	df 93       	push	r29
    2026:	18 2f       	mov	r17, r24
    2028:	09 2f       	mov	r16, r25
    202a:	eb 01       	movw	r28, r22
    202c:	8b 81       	ldd	r24, Y+3	; 0x03
    202e:	81 fd       	sbrc	r24, 1
    2030:	09 c0       	rjmp	.+18     	; 0x2044 <fputc+0x26>
    2032:	1f ef       	ldi	r17, 0xFF	; 255
    2034:	0f ef       	ldi	r16, 0xFF	; 255
    2036:	81 2f       	mov	r24, r17
    2038:	90 2f       	mov	r25, r16
    203a:	df 91       	pop	r29
    203c:	cf 91       	pop	r28
    203e:	1f 91       	pop	r17
    2040:	0f 91       	pop	r16
    2042:	08 95       	ret
    2044:	82 ff       	sbrs	r24, 2
    2046:	14 c0       	rjmp	.+40     	; 0x2070 <fputc+0x52>
    2048:	2e 81       	ldd	r18, Y+6	; 0x06
    204a:	3f 81       	ldd	r19, Y+7	; 0x07
    204c:	8c 81       	ldd	r24, Y+4	; 0x04
    204e:	9d 81       	ldd	r25, Y+5	; 0x05
    2050:	28 17       	cp	r18, r24
    2052:	39 07       	cpc	r19, r25
    2054:	3c f4       	brge	.+14     	; 0x2064 <fputc+0x46>
    2056:	e8 81       	ld	r30, Y
    2058:	f9 81       	ldd	r31, Y+1	; 0x01
    205a:	cf 01       	movw	r24, r30
    205c:	01 96       	adiw	r24, 0x01	; 1
    205e:	99 83       	std	Y+1, r25	; 0x01
    2060:	88 83       	st	Y, r24
    2062:	10 83       	st	Z, r17
    2064:	8e 81       	ldd	r24, Y+6	; 0x06
    2066:	9f 81       	ldd	r25, Y+7	; 0x07
    2068:	01 96       	adiw	r24, 0x01	; 1
    206a:	9f 83       	std	Y+7, r25	; 0x07
    206c:	8e 83       	std	Y+6, r24	; 0x06
    206e:	e3 cf       	rjmp	.-58     	; 0x2036 <fputc+0x18>
    2070:	e8 85       	ldd	r30, Y+8	; 0x08
    2072:	f9 85       	ldd	r31, Y+9	; 0x09
    2074:	81 2f       	mov	r24, r17
    2076:	09 95       	icall
    2078:	89 2b       	or	r24, r25
    207a:	a1 f3       	breq	.-24     	; 0x2064 <fputc+0x46>
    207c:	da cf       	rjmp	.-76     	; 0x2032 <fputc+0x14>

0000207e <__ultoa_invert>:
    207e:	fa 01       	movw	r30, r20
    2080:	aa 27       	eor	r26, r26
    2082:	28 30       	cpi	r18, 0x08	; 8
    2084:	51 f1       	breq	.+84     	; 0x20da <__ultoa_invert+0x5c>
    2086:	20 31       	cpi	r18, 0x10	; 16
    2088:	81 f1       	breq	.+96     	; 0x20ea <__ultoa_invert+0x6c>
    208a:	e8 94       	clt
    208c:	6f 93       	push	r22
    208e:	6e 7f       	andi	r22, 0xFE	; 254
    2090:	6e 5f       	subi	r22, 0xFE	; 254
    2092:	7f 4f       	sbci	r23, 0xFF	; 255
    2094:	8f 4f       	sbci	r24, 0xFF	; 255
    2096:	9f 4f       	sbci	r25, 0xFF	; 255
    2098:	af 4f       	sbci	r26, 0xFF	; 255
    209a:	b1 e0       	ldi	r27, 0x01	; 1
    209c:	3e d0       	rcall	.+124    	; 0x211a <__ultoa_invert+0x9c>
    209e:	b4 e0       	ldi	r27, 0x04	; 4
    20a0:	3c d0       	rcall	.+120    	; 0x211a <__ultoa_invert+0x9c>
    20a2:	67 0f       	add	r22, r23
    20a4:	78 1f       	adc	r23, r24
    20a6:	89 1f       	adc	r24, r25
    20a8:	9a 1f       	adc	r25, r26
    20aa:	a1 1d       	adc	r26, r1
    20ac:	68 0f       	add	r22, r24
    20ae:	79 1f       	adc	r23, r25
    20b0:	8a 1f       	adc	r24, r26
    20b2:	91 1d       	adc	r25, r1
    20b4:	a1 1d       	adc	r26, r1
    20b6:	6a 0f       	add	r22, r26
    20b8:	71 1d       	adc	r23, r1
    20ba:	81 1d       	adc	r24, r1
    20bc:	91 1d       	adc	r25, r1
    20be:	a1 1d       	adc	r26, r1
    20c0:	20 d0       	rcall	.+64     	; 0x2102 <__ultoa_invert+0x84>
    20c2:	09 f4       	brne	.+2      	; 0x20c6 <__ultoa_invert+0x48>
    20c4:	68 94       	set
    20c6:	3f 91       	pop	r19
    20c8:	2a e0       	ldi	r18, 0x0A	; 10
    20ca:	26 9f       	mul	r18, r22
    20cc:	11 24       	eor	r1, r1
    20ce:	30 19       	sub	r19, r0
    20d0:	30 5d       	subi	r19, 0xD0	; 208
    20d2:	31 93       	st	Z+, r19
    20d4:	de f6       	brtc	.-74     	; 0x208c <__ultoa_invert+0xe>
    20d6:	cf 01       	movw	r24, r30
    20d8:	08 95       	ret
    20da:	46 2f       	mov	r20, r22
    20dc:	47 70       	andi	r20, 0x07	; 7
    20de:	40 5d       	subi	r20, 0xD0	; 208
    20e0:	41 93       	st	Z+, r20
    20e2:	b3 e0       	ldi	r27, 0x03	; 3
    20e4:	0f d0       	rcall	.+30     	; 0x2104 <__ultoa_invert+0x86>
    20e6:	c9 f7       	brne	.-14     	; 0x20da <__ultoa_invert+0x5c>
    20e8:	f6 cf       	rjmp	.-20     	; 0x20d6 <__ultoa_invert+0x58>
    20ea:	46 2f       	mov	r20, r22
    20ec:	4f 70       	andi	r20, 0x0F	; 15
    20ee:	40 5d       	subi	r20, 0xD0	; 208
    20f0:	4a 33       	cpi	r20, 0x3A	; 58
    20f2:	18 f0       	brcs	.+6      	; 0x20fa <__ultoa_invert+0x7c>
    20f4:	49 5d       	subi	r20, 0xD9	; 217
    20f6:	31 fd       	sbrc	r19, 1
    20f8:	40 52       	subi	r20, 0x20	; 32
    20fa:	41 93       	st	Z+, r20
    20fc:	02 d0       	rcall	.+4      	; 0x2102 <__ultoa_invert+0x84>
    20fe:	a9 f7       	brne	.-22     	; 0x20ea <__ultoa_invert+0x6c>
    2100:	ea cf       	rjmp	.-44     	; 0x20d6 <__ultoa_invert+0x58>
    2102:	b4 e0       	ldi	r27, 0x04	; 4
    2104:	a6 95       	lsr	r26
    2106:	97 95       	ror	r25
    2108:	87 95       	ror	r24
    210a:	77 95       	ror	r23
    210c:	67 95       	ror	r22
    210e:	ba 95       	dec	r27
    2110:	c9 f7       	brne	.-14     	; 0x2104 <__ultoa_invert+0x86>
    2112:	00 97       	sbiw	r24, 0x00	; 0
    2114:	61 05       	cpc	r22, r1
    2116:	71 05       	cpc	r23, r1
    2118:	08 95       	ret
    211a:	9b 01       	movw	r18, r22
    211c:	ac 01       	movw	r20, r24
    211e:	0a 2e       	mov	r0, r26
    2120:	06 94       	lsr	r0
    2122:	57 95       	ror	r21
    2124:	47 95       	ror	r20
    2126:	37 95       	ror	r19
    2128:	27 95       	ror	r18
    212a:	ba 95       	dec	r27
    212c:	c9 f7       	brne	.-14     	; 0x2120 <__ultoa_invert+0xa2>
    212e:	62 0f       	add	r22, r18
    2130:	73 1f       	adc	r23, r19
    2132:	84 1f       	adc	r24, r20
    2134:	95 1f       	adc	r25, r21
    2136:	a0 1d       	adc	r26, r0
    2138:	08 95       	ret

0000213a <__prologue_saves__>:
    213a:	2f 92       	push	r2
    213c:	3f 92       	push	r3
    213e:	4f 92       	push	r4
    2140:	5f 92       	push	r5
    2142:	6f 92       	push	r6
    2144:	7f 92       	push	r7
    2146:	8f 92       	push	r8
    2148:	9f 92       	push	r9
    214a:	af 92       	push	r10
    214c:	bf 92       	push	r11
    214e:	cf 92       	push	r12
    2150:	df 92       	push	r13
    2152:	ef 92       	push	r14
    2154:	ff 92       	push	r15
    2156:	0f 93       	push	r16
    2158:	1f 93       	push	r17
    215a:	cf 93       	push	r28
    215c:	df 93       	push	r29
    215e:	cd b7       	in	r28, 0x3d	; 61
    2160:	de b7       	in	r29, 0x3e	; 62
    2162:	ca 1b       	sub	r28, r26
    2164:	db 0b       	sbc	r29, r27
    2166:	0f b6       	in	r0, 0x3f	; 63
    2168:	f8 94       	cli
    216a:	de bf       	out	0x3e, r29	; 62
    216c:	0f be       	out	0x3f, r0	; 63
    216e:	cd bf       	out	0x3d, r28	; 61
    2170:	09 94       	ijmp

00002172 <__epilogue_restores__>:
    2172:	2a 88       	ldd	r2, Y+18	; 0x12
    2174:	39 88       	ldd	r3, Y+17	; 0x11
    2176:	48 88       	ldd	r4, Y+16	; 0x10
    2178:	5f 84       	ldd	r5, Y+15	; 0x0f
    217a:	6e 84       	ldd	r6, Y+14	; 0x0e
    217c:	7d 84       	ldd	r7, Y+13	; 0x0d
    217e:	8c 84       	ldd	r8, Y+12	; 0x0c
    2180:	9b 84       	ldd	r9, Y+11	; 0x0b
    2182:	aa 84       	ldd	r10, Y+10	; 0x0a
    2184:	b9 84       	ldd	r11, Y+9	; 0x09
    2186:	c8 84       	ldd	r12, Y+8	; 0x08
    2188:	df 80       	ldd	r13, Y+7	; 0x07
    218a:	ee 80       	ldd	r14, Y+6	; 0x06
    218c:	fd 80       	ldd	r15, Y+5	; 0x05
    218e:	0c 81       	ldd	r16, Y+4	; 0x04
    2190:	1b 81       	ldd	r17, Y+3	; 0x03
    2192:	aa 81       	ldd	r26, Y+2	; 0x02
    2194:	b9 81       	ldd	r27, Y+1	; 0x01
    2196:	ce 0f       	add	r28, r30
    2198:	d1 1d       	adc	r29, r1
    219a:	0f b6       	in	r0, 0x3f	; 63
    219c:	f8 94       	cli
    219e:	de bf       	out	0x3e, r29	; 62
    21a0:	0f be       	out	0x3f, r0	; 63
    21a2:	cd bf       	out	0x3d, r28	; 61
    21a4:	ed 01       	movw	r28, r26
    21a6:	08 95       	ret

000021a8 <_exit>:
    21a8:	f8 94       	cli

000021aa <__stop_program>:
    21aa:	ff cf       	rjmp	.-2      	; 0x21aa <__stop_program>
