
arduino.elf:     file format elf32-avr

Sections:
Idx Name          Size      VMA       LMA       File off  Algn
  0 .data         000000e0  00800100  000015a2  00001636  2**0
                  CONTENTS, ALLOC, LOAD, DATA
  1 .text         000015a2  00000000  00000000  00000094  2**2
                  CONTENTS, ALLOC, LOAD, READONLY, CODE
  2 .bss          000000ae  008001e0  008001e0  00001716  2**0
                  ALLOC
  3 .comment      00000011  00000000  00000000  00001716  2**0
                  CONTENTS, READONLY
  4 .note.gnu.avr.deviceinfo 00000040  00000000  00000000  00001728  2**2
                  CONTENTS, READONLY
  5 .debug_aranges 00000100  00000000  00000000  00001768  2**3
                  CONTENTS, READONLY, DEBUGGING
  6 .debug_info   00000bcc  00000000  00000000  00001868  2**0
                  CONTENTS, READONLY, DEBUGGING
  7 .debug_abbrev 00000642  00000000  00000000  00002434  2**0
                  CONTENTS, READONLY, DEBUGGING
  8 .debug_line   000005be  00000000  00000000  00002a76  2**0
                  CONTENTS, READONLY, DEBUGGING
  9 .debug_str    00000208  00000000  00000000  00003034  2**0
                  CONTENTS, READONLY, DEBUGGING

Disassembly of section .text:

00000000 <__vectors>:
       0:	0c 94 35 00 	jmp	0x6a	; 0x6a <__ctors_end>
       4:	0c 94 5d 00 	jmp	0xba	; 0xba <__bad_interrupt>
       8:	0c 94 5d 00 	jmp	0xba	; 0xba <__bad_interrupt>
       c:	0c 94 5d 00 	jmp	0xba	; 0xba <__bad_interrupt>
      10:	0c 94 5d 00 	jmp	0xba	; 0xba <__bad_interrupt>
      14:	0c 94 5d 00 	jmp	0xba	; 0xba <__bad_interrupt>
      18:	0c 94 5d 00 	jmp	0xba	; 0xba <__bad_interrupt>
      1c:	0c 94 5d 00 	jmp	0xba	; 0xba <__bad_interrupt>
      20:	0c 94 5d 00 	jmp	0xba	; 0xba <__bad_interrupt>
      24:	0c 94 5d 00 	jmp	0xba	; 0xba <__bad_interrupt>
      28:	0c 94 5d 00 	jmp	0xba	; 0xba <__bad_interrupt>
      2c:	0c 94 9e 07 	jmp	0xf3c	; 0xf3c <__vector_11>
      30:	0c 94 5d 00 	jmp	0xba	; 0xba <__bad_interrupt>
      34:	0c 94 5d 00 	jmp	0xba	; 0xba <__bad_interrupt>
      38:	0c 94 5d 00 	jmp	0xba	; 0xba <__bad_interrupt>
      3c:	0c 94 5d 00 	jmp	0xba	; 0xba <__bad_interrupt>
      40:	0c 94 8d 01 	jmp	0x31a	; 0x31a <__vector_16>
      44:	0c 94 5d 00 	jmp	0xba	; 0xba <__bad_interrupt>
      48:	0c 94 4c 03 	jmp	0x698	; 0x698 <__vector_18>
      4c:	0c 94 7e 03 	jmp	0x6fc	; 0x6fc <__vector_19>
      50:	0c 94 5d 00 	jmp	0xba	; 0xba <__bad_interrupt>
      54:	0c 94 5d 00 	jmp	0xba	; 0xba <__bad_interrupt>
      58:	0c 94 5d 00 	jmp	0xba	; 0xba <__bad_interrupt>
      5c:	0c 94 5d 00 	jmp	0xba	; 0xba <__bad_interrupt>
      60:	0c 94 5d 00 	jmp	0xba	; 0xba <__bad_interrupt>
      64:	0c 94 5d 00 	jmp	0xba	; 0xba <__bad_interrupt>

00000068 <__ctors_start>:
      68:	a4 03       	fmuls	r18, r20

0000006a <__ctors_end>:
      6a:	11 24       	eor	r1, r1
      6c:	1f be       	out	0x3f, r1	; 63
      6e:	cf ef       	ldi	r28, 0xFF	; 255
      70:	d8 e0       	ldi	r29, 0x08	; 8
      72:	de bf       	out	0x3e, r29	; 62
      74:	cd bf       	out	0x3d, r28	; 61

00000076 <__do_copy_data>:
      76:	11 e0       	ldi	r17, 0x01	; 1
      78:	a0 e0       	ldi	r26, 0x00	; 0
      7a:	b1 e0       	ldi	r27, 0x01	; 1
      7c:	e2 ea       	ldi	r30, 0xA2	; 162
      7e:	f5 e1       	ldi	r31, 0x15	; 21
      80:	02 c0       	rjmp	.+4      	; 0x86 <__do_copy_data+0x10>
      82:	05 90       	lpm	r0, Z+
      84:	0d 92       	st	X+, r0
      86:	a0 3e       	cpi	r26, 0xE0	; 224
      88:	b1 07       	cpc	r27, r17
      8a:	d9 f7       	brne	.-10     	; 0x82 <__do_copy_data+0xc>

0000008c <__do_clear_bss>:
      8c:	22 e0       	ldi	r18, 0x02	; 2
      8e:	a0 ee       	ldi	r26, 0xE0	; 224
      90:	b1 e0       	ldi	r27, 0x01	; 1
      92:	01 c0       	rjmp	.+2      	; 0x96 <.do_clear_bss_start>

00000094 <.do_clear_bss_loop>:
      94:	1d 92       	st	X+, r1

00000096 <.do_clear_bss_start>:
      96:	ae 38       	cpi	r26, 0x8E	; 142
      98:	b2 07       	cpc	r27, r18
      9a:	e1 f7       	brne	.-8      	; 0x94 <.do_clear_bss_loop>

0000009c <__do_global_ctors>:
      9c:	10 e0       	ldi	r17, 0x00	; 0
      9e:	c5 e3       	ldi	r28, 0x35	; 53
      a0:	d0 e0       	ldi	r29, 0x00	; 0
      a2:	04 c0       	rjmp	.+8      	; 0xac <__do_global_ctors+0x10>
      a4:	21 97       	sbiw	r28, 0x01	; 1
      a6:	fe 01       	movw	r30, r28
      a8:	0e 94 e8 07 	call	0xfd0	; 0xfd0 <__tablejump2__>
      ac:	c4 33       	cpi	r28, 0x34	; 52
      ae:	d1 07       	cpc	r29, r17
      b0:	c9 f7       	brne	.-14     	; 0xa4 <__do_global_ctors+0x8>
      b2:	0e 94 6b 01 	call	0x2d6	; 0x2d6 <main>
      b6:	0c 94 cf 0a 	jmp	0x159e	; 0x159e <_exit>

000000ba <__bad_interrupt>:
      ba:	0c 94 9a 07 	jmp	0xf34	; 0xf34 <__vector_default>
	...

000000c0 <osEE_hal_save_ctx_and_restore_ctx>:
      c0:	2f 92       	push	r2
      c2:	3f 92       	push	r3
      c4:	4f 92       	push	r4
      c6:	5f 92       	push	r5
      c8:	6f 92       	push	r6
      ca:	7f 92       	push	r7
      cc:	8f 92       	push	r8
      ce:	9f 92       	push	r9
      d0:	af 92       	push	r10
      d2:	bf 92       	push	r11
      d4:	cf 92       	push	r12
      d6:	df 92       	push	r13
      d8:	ef 92       	push	r14
      da:	ff 92       	push	r15
      dc:	0f 93       	push	r16
      de:	1f 93       	push	r17
      e0:	cf 93       	push	r28
      e2:	df 93       	push	r29
      e4:	e4 2f       	mov	r30, r20
      e6:	f5 2f       	mov	r31, r21
      e8:	41 90       	ld	r4, Z+
      ea:	50 80       	ld	r5, Z
      ec:	4f 92       	push	r4
      ee:	5f 92       	push	r5
      f0:	e4 2f       	mov	r30, r20
      f2:	f5 2f       	mov	r31, r21
      f4:	4d b6       	in	r4, 0x3d	; 61
      f6:	5e b6       	in	r5, 0x3e	; 62
      f8:	41 92       	st	Z+, r4
      fa:	50 82       	st	Z, r5
      fc:	0c 94 80 00 	jmp	0x100	; 0x100 <osEE_hal_restore_ctx>

00000100 <osEE_hal_restore_ctx>:
     100:	e6 2f       	mov	r30, r22
     102:	f7 2f       	mov	r31, r23
     104:	41 90       	ld	r4, Z+
     106:	50 80       	ld	r5, Z
     108:	4d be       	out	0x3d, r4	; 61
     10a:	5e be       	out	0x3e, r5	; 62
     10c:	5f 90       	pop	r5
     10e:	4f 90       	pop	r4
     110:	e6 2f       	mov	r30, r22
     112:	f7 2f       	mov	r31, r23
     114:	41 92       	st	Z+, r4
     116:	50 82       	st	Z, r5
     118:	df 91       	pop	r29
     11a:	cf 91       	pop	r28
     11c:	1f 91       	pop	r17
     11e:	0f 91       	pop	r16
     120:	ff 90       	pop	r15
     122:	ef 90       	pop	r14
     124:	df 90       	pop	r13
     126:	cf 90       	pop	r12
     128:	bf 90       	pop	r11
     12a:	af 90       	pop	r10
     12c:	9f 90       	pop	r9
     12e:	8f 90       	pop	r8
     130:	7f 90       	pop	r7
     132:	6f 90       	pop	r6
     134:	5f 90       	pop	r5
     136:	4f 90       	pop	r4
     138:	3f 90       	pop	r3
     13a:	2f 90       	pop	r2
     13c:	0c 94 2b 05 	jmp	0xa56	; 0xa56 <osEE_scheduler_task_wrapper_restore>

00000140 <osEE_hal_ready2stacked>:
     140:	e6 2f       	mov	r30, r22
     142:	f7 2f       	mov	r31, r23
     144:	41 91       	ld	r20, Z+
     146:	50 81       	ld	r21, Z
     148:	4d bf       	out	0x3d, r20	; 61
     14a:	5e bf       	out	0x3e, r21	; 62
     14c:	0c 94 34 05 	jmp	0xa68	; 0xa68 <osEE_scheduler_task_wrapper_run>

00000150 <osEE_hal_save_ctx_and_ready2stacked>:
     150:	2f 92       	push	r2
     152:	3f 92       	push	r3
     154:	4f 92       	push	r4
     156:	5f 92       	push	r5
     158:	6f 92       	push	r6
     15a:	7f 92       	push	r7
     15c:	8f 92       	push	r8
     15e:	9f 92       	push	r9
     160:	af 92       	push	r10
     162:	bf 92       	push	r11
     164:	cf 92       	push	r12
     166:	df 92       	push	r13
     168:	ef 92       	push	r14
     16a:	ff 92       	push	r15
     16c:	0f 93       	push	r16
     16e:	1f 93       	push	r17
     170:	cf 93       	push	r28
     172:	df 93       	push	r29
     174:	e4 2f       	mov	r30, r20
     176:	f5 2f       	mov	r31, r21
     178:	41 90       	ld	r4, Z+
     17a:	50 80       	ld	r5, Z
     17c:	4f 92       	push	r4
     17e:	5f 92       	push	r5
     180:	e4 2f       	mov	r30, r20
     182:	f5 2f       	mov	r31, r21
     184:	4d b6       	in	r4, 0x3d	; 61
     186:	5e b6       	in	r5, 0x3e	; 62
     188:	41 92       	st	Z+, r4
     18a:	50 82       	st	Z, r5
     18c:	0c 94 a0 00 	jmp	0x140	; 0x140 <osEE_hal_ready2stacked>

00000190 <osEE_hal_terminate_ctx>:
     190:	e8 2f       	mov	r30, r24
     192:	f9 2f       	mov	r31, r25
     194:	41 91       	ld	r20, Z+
     196:	50 81       	ld	r21, Z
     198:	4d bf       	out	0x3d, r20	; 61
     19a:	5e bf       	out	0x3e, r21	; 62
     19c:	e6 2f       	mov	r30, r22
     19e:	f7 2f       	mov	r31, r23
     1a0:	09 94       	ijmp
	...

000001a4 <FuncTask1>:
     1a4:	8e e3       	ldi	r24, 0x3E	; 62
     1a6:	91 e0       	ldi	r25, 0x01	; 1
     1a8:	9f 93       	push	r25
     1aa:	8f 93       	push	r24
     1ac:	0e 94 33 01 	call	0x266	; 0x266 <printfSerial>
     1b0:	68 eb       	ldi	r22, 0xB8	; 184
     1b2:	7b e0       	ldi	r23, 0x0B	; 11
     1b4:	80 e0       	ldi	r24, 0x00	; 0
     1b6:	90 e0       	ldi	r25, 0x00	; 0
     1b8:	0e 94 eb 00 	call	0x1d6	; 0x1d6 <mdelay>
     1bc:	8b e4       	ldi	r24, 0x4B	; 75
     1be:	91 e0       	ldi	r25, 0x01	; 1
     1c0:	9f 93       	push	r25
     1c2:	8f 93       	push	r24
     1c4:	0e 94 33 01 	call	0x266	; 0x266 <printfSerial>
     1c8:	0f 90       	pop	r0
     1ca:	0f 90       	pop	r0
     1cc:	0f 90       	pop	r0
     1ce:	0f 90       	pop	r0
     1d0:	0c 94 11 05 	jmp	0xa22	; 0xa22 <TerminateTask>

000001d4 <TimerISR>:
     1d4:	08 95       	ret

000001d6 <mdelay>:
     1d6:	4f 92       	push	r4
     1d8:	5f 92       	push	r5
     1da:	6f 92       	push	r6
     1dc:	7f 92       	push	r7
     1de:	8f 92       	push	r8
     1e0:	9f 92       	push	r9
     1e2:	af 92       	push	r10
     1e4:	bf 92       	push	r11
     1e6:	cf 92       	push	r12
     1e8:	df 92       	push	r13
     1ea:	ef 92       	push	r14
     1ec:	ff 92       	push	r15
     1ee:	6b 01       	movw	r12, r22
     1f0:	7c 01       	movw	r14, r24
     1f2:	0e 94 d7 01 	call	0x3ae	; 0x3ae <millis>
     1f6:	4b 01       	movw	r8, r22
     1f8:	5c 01       	movw	r10, r24
     1fa:	0e 94 d7 01 	call	0x3ae	; 0x3ae <millis>
     1fe:	c7 01       	movw	r24, r14
     200:	b6 01       	movw	r22, r12
     202:	24 e1       	ldi	r18, 0x14	; 20
     204:	30 e0       	ldi	r19, 0x00	; 0
     206:	40 e0       	ldi	r20, 0x00	; 0
     208:	50 e0       	ldi	r21, 0x00	; 0
     20a:	0e 94 c6 07 	call	0xf8c	; 0xf8c <__udivmodsi4>
     20e:	29 01       	movw	r4, r18
     210:	3a 01       	movw	r6, r20
     212:	c1 2c       	mov	r12, r1
     214:	d1 2c       	mov	r13, r1
     216:	76 01       	movw	r14, r12
     218:	4c 14       	cp	r4, r12
     21a:	5d 04       	cpc	r5, r13
     21c:	6e 04       	cpc	r6, r14
     21e:	7f 04       	cpc	r7, r15
     220:	a9 f0       	breq	.+42     	; 0x24c <mdelay+0x76>
     222:	0e 94 d7 01 	call	0x3ae	; 0x3ae <millis>
     226:	68 19       	sub	r22, r8
     228:	79 09       	sbc	r23, r9
     22a:	8a 09       	sbc	r24, r10
     22c:	9b 09       	sbc	r25, r11
     22e:	64 31       	cpi	r22, 0x14	; 20
     230:	71 05       	cpc	r23, r1
     232:	81 05       	cpc	r24, r1
     234:	91 05       	cpc	r25, r1
     236:	80 f3       	brcs	.-32     	; 0x218 <mdelay+0x42>
     238:	8f ef       	ldi	r24, 0xFF	; 255
     23a:	c8 1a       	sub	r12, r24
     23c:	d8 0a       	sbc	r13, r24
     23e:	e8 0a       	sbc	r14, r24
     240:	f8 0a       	sbc	r15, r24
     242:	0e 94 d7 01 	call	0x3ae	; 0x3ae <millis>
     246:	4b 01       	movw	r8, r22
     248:	5c 01       	movw	r10, r24
     24a:	e6 cf       	rjmp	.-52     	; 0x218 <mdelay+0x42>
     24c:	ff 90       	pop	r15
     24e:	ef 90       	pop	r14
     250:	df 90       	pop	r13
     252:	cf 90       	pop	r12
     254:	bf 90       	pop	r11
     256:	af 90       	pop	r10
     258:	9f 90       	pop	r9
     25a:	8f 90       	pop	r8
     25c:	7f 90       	pop	r7
     25e:	6f 90       	pop	r6
     260:	5f 90       	pop	r5
     262:	4f 90       	pop	r4
     264:	08 95       	ret

00000266 <printfSerial>:
     266:	cf 93       	push	r28
     268:	df 93       	push	r29
     26a:	cd b7       	in	r28, 0x3d	; 61
     26c:	de b7       	in	r29, 0x3e	; 62
     26e:	c0 58       	subi	r28, 0x80	; 128
     270:	d1 09       	sbc	r29, r1
     272:	0f b6       	in	r0, 0x3f	; 63
     274:	f8 94       	cli
     276:	de bf       	out	0x3e, r29	; 62
     278:	0f be       	out	0x3f, r0	; 63
     27a:	cd bf       	out	0x3d, r28	; 61
     27c:	9e 01       	movw	r18, r28
     27e:	2b 57       	subi	r18, 0x7B	; 123
     280:	3f 4f       	sbci	r19, 0xFF	; 255
     282:	f9 01       	movw	r30, r18
     284:	41 91       	ld	r20, Z+
     286:	51 91       	ld	r21, Z+
     288:	9f 01       	movw	r18, r30
     28a:	60 e8       	ldi	r22, 0x80	; 128
     28c:	70 e0       	ldi	r23, 0x00	; 0
     28e:	ce 01       	movw	r24, r28
     290:	01 96       	adiw	r24, 0x01	; 1
     292:	0e 94 ee 07 	call	0xfdc	; 0xfdc <vsnprintf>
     296:	be 01       	movw	r22, r28
     298:	6f 5f       	subi	r22, 0xFF	; 255
     29a:	7f 4f       	sbci	r23, 0xFF	; 255
     29c:	80 ef       	ldi	r24, 0xF0	; 240
     29e:	91 e0       	ldi	r25, 0x01	; 1
     2a0:	0e 94 0d 04 	call	0x81a	; 0x81a <_ZN5Print5printEPKc>
     2a4:	c0 58       	subi	r28, 0x80	; 128
     2a6:	df 4f       	sbci	r29, 0xFF	; 255
     2a8:	0f b6       	in	r0, 0x3f	; 63
     2aa:	f8 94       	cli
     2ac:	de bf       	out	0x3e, r29	; 62
     2ae:	0f be       	out	0x3f, r0	; 63
     2b0:	cd bf       	out	0x3d, r28	; 61
     2b2:	df 91       	pop	r29
     2b4:	cf 91       	pop	r28
     2b6:	08 95       	ret

000002b8 <setup>:
     2b8:	26 e0       	ldi	r18, 0x06	; 6
     2ba:	40 e8       	ldi	r20, 0x80	; 128
     2bc:	55 e2       	ldi	r21, 0x25	; 37
     2be:	60 e0       	ldi	r22, 0x00	; 0
     2c0:	70 e0       	ldi	r23, 0x00	; 0
     2c2:	80 ef       	ldi	r24, 0xF0	; 240
     2c4:	91 e0       	ldi	r25, 0x01	; 1
     2c6:	0e 94 ea 02 	call	0x5d4	; 0x5d4 <_ZN14HardwareSerial5beginEmh>
     2ca:	60 e4       	ldi	r22, 0x40	; 64
     2cc:	72 e4       	ldi	r23, 0x42	; 66
     2ce:	8f e0       	ldi	r24, 0x0F	; 15
     2d0:	90 e0       	ldi	r25, 0x00	; 0
     2d2:	0c 94 15 04 	jmp	0x82a	; 0x82a <OsEE_atmega_startTimer1>

000002d6 <main>:
     2d6:	0e 94 e3 01 	call	0x3c6	; 0x3c6 <init>
     2da:	0e 94 5c 01 	call	0x2b8	; 0x2b8 <setup>
     2de:	8a e5       	ldi	r24, 0x5A	; 90
     2e0:	91 e0       	ldi	r25, 0x01	; 1
     2e2:	9f 93       	push	r25
     2e4:	8f 93       	push	r24
     2e6:	0e 94 33 01 	call	0x266	; 0x266 <printfSerial>
     2ea:	8c e6       	ldi	r24, 0x6C	; 108
     2ec:	91 e0       	ldi	r25, 0x01	; 1
     2ee:	9f 93       	push	r25
     2f0:	8f 93       	push	r24
     2f2:	0e 94 33 01 	call	0x266	; 0x266 <printfSerial>
     2f6:	8b e5       	ldi	r24, 0x5B	; 91
     2f8:	91 e0       	ldi	r25, 0x01	; 1
     2fa:	9f 93       	push	r25
     2fc:	8f 93       	push	r24
     2fe:	0e 94 33 01 	call	0x266	; 0x266 <printfSerial>
     302:	80 e0       	ldi	r24, 0x00	; 0
     304:	0e 94 73 04 	call	0x8e6	; 0x8e6 <StartOS>
     308:	0f 90       	pop	r0
     30a:	0f 90       	pop	r0
     30c:	0f 90       	pop	r0
     30e:	0f 90       	pop	r0
     310:	0f 90       	pop	r0
     312:	0f 90       	pop	r0
     314:	90 e0       	ldi	r25, 0x00	; 0
     316:	80 e0       	ldi	r24, 0x00	; 0
     318:	08 95       	ret

0000031a <__vector_16>:
     31a:	1f 92       	push	r1
     31c:	0f 92       	push	r0
     31e:	0f b6       	in	r0, 0x3f	; 63
     320:	0f 92       	push	r0
     322:	11 24       	eor	r1, r1
     324:	2f 93       	push	r18
     326:	3f 93       	push	r19
     328:	8f 93       	push	r24
     32a:	9f 93       	push	r25
     32c:	af 93       	push	r26
     32e:	bf 93       	push	r27
     330:	80 91 e8 01 	lds	r24, 0x01E8	; 0x8001e8 <timer0_millis>
     334:	90 91 e9 01 	lds	r25, 0x01E9	; 0x8001e9 <timer0_millis+0x1>
     338:	a0 91 ea 01 	lds	r26, 0x01EA	; 0x8001ea <timer0_millis+0x2>
     33c:	b0 91 eb 01 	lds	r27, 0x01EB	; 0x8001eb <timer0_millis+0x3>
     340:	30 91 e7 01 	lds	r19, 0x01E7	; 0x8001e7 <timer0_fract>
     344:	23 e0       	ldi	r18, 0x03	; 3
     346:	23 0f       	add	r18, r19
     348:	2d 37       	cpi	r18, 0x7D	; 125
     34a:	58 f5       	brcc	.+86     	; 0x3a2 <__vector_16+0x88>
     34c:	01 96       	adiw	r24, 0x01	; 1
     34e:	a1 1d       	adc	r26, r1
     350:	b1 1d       	adc	r27, r1
     352:	20 93 e7 01 	sts	0x01E7, r18	; 0x8001e7 <timer0_fract>
     356:	80 93 e8 01 	sts	0x01E8, r24	; 0x8001e8 <timer0_millis>
     35a:	90 93 e9 01 	sts	0x01E9, r25	; 0x8001e9 <timer0_millis+0x1>
     35e:	a0 93 ea 01 	sts	0x01EA, r26	; 0x8001ea <timer0_millis+0x2>
     362:	b0 93 eb 01 	sts	0x01EB, r27	; 0x8001eb <timer0_millis+0x3>
     366:	80 91 ec 01 	lds	r24, 0x01EC	; 0x8001ec <timer0_overflow_count>
     36a:	90 91 ed 01 	lds	r25, 0x01ED	; 0x8001ed <timer0_overflow_count+0x1>
     36e:	a0 91 ee 01 	lds	r26, 0x01EE	; 0x8001ee <timer0_overflow_count+0x2>
     372:	b0 91 ef 01 	lds	r27, 0x01EF	; 0x8001ef <timer0_overflow_count+0x3>
     376:	01 96       	adiw	r24, 0x01	; 1
     378:	a1 1d       	adc	r26, r1
     37a:	b1 1d       	adc	r27, r1
     37c:	80 93 ec 01 	sts	0x01EC, r24	; 0x8001ec <timer0_overflow_count>
     380:	90 93 ed 01 	sts	0x01ED, r25	; 0x8001ed <timer0_overflow_count+0x1>
     384:	a0 93 ee 01 	sts	0x01EE, r26	; 0x8001ee <timer0_overflow_count+0x2>
     388:	b0 93 ef 01 	sts	0x01EF, r27	; 0x8001ef <timer0_overflow_count+0x3>
     38c:	bf 91       	pop	r27
     38e:	af 91       	pop	r26
     390:	9f 91       	pop	r25
     392:	8f 91       	pop	r24
     394:	3f 91       	pop	r19
     396:	2f 91       	pop	r18
     398:	0f 90       	pop	r0
     39a:	0f be       	out	0x3f, r0	; 63
     39c:	0f 90       	pop	r0
     39e:	1f 90       	pop	r1
     3a0:	18 95       	reti
     3a2:	26 e8       	ldi	r18, 0x86	; 134
     3a4:	23 0f       	add	r18, r19
     3a6:	02 96       	adiw	r24, 0x02	; 2
     3a8:	a1 1d       	adc	r26, r1
     3aa:	b1 1d       	adc	r27, r1
     3ac:	d2 cf       	rjmp	.-92     	; 0x352 <__vector_16+0x38>

000003ae <millis>:
     3ae:	2f b7       	in	r18, 0x3f	; 63
     3b0:	f8 94       	cli
     3b2:	60 91 e8 01 	lds	r22, 0x01E8	; 0x8001e8 <timer0_millis>
     3b6:	70 91 e9 01 	lds	r23, 0x01E9	; 0x8001e9 <timer0_millis+0x1>
     3ba:	80 91 ea 01 	lds	r24, 0x01EA	; 0x8001ea <timer0_millis+0x2>
     3be:	90 91 eb 01 	lds	r25, 0x01EB	; 0x8001eb <timer0_millis+0x3>
     3c2:	2f bf       	out	0x3f, r18	; 63
     3c4:	08 95       	ret

000003c6 <init>:
     3c6:	78 94       	sei
     3c8:	84 b5       	in	r24, 0x24	; 36
     3ca:	82 60       	ori	r24, 0x02	; 2
     3cc:	84 bd       	out	0x24, r24	; 36
     3ce:	84 b5       	in	r24, 0x24	; 36
     3d0:	81 60       	ori	r24, 0x01	; 1
     3d2:	84 bd       	out	0x24, r24	; 36
     3d4:	85 b5       	in	r24, 0x25	; 37
     3d6:	82 60       	ori	r24, 0x02	; 2
     3d8:	85 bd       	out	0x25, r24	; 37
     3da:	85 b5       	in	r24, 0x25	; 37
     3dc:	81 60       	ori	r24, 0x01	; 1
     3de:	85 bd       	out	0x25, r24	; 37
     3e0:	ee e6       	ldi	r30, 0x6E	; 110
     3e2:	f0 e0       	ldi	r31, 0x00	; 0
     3e4:	80 81       	ld	r24, Z
     3e6:	81 60       	ori	r24, 0x01	; 1
     3e8:	80 83       	st	Z, r24
     3ea:	e1 e8       	ldi	r30, 0x81	; 129
     3ec:	f0 e0       	ldi	r31, 0x00	; 0
     3ee:	10 82       	st	Z, r1
     3f0:	80 81       	ld	r24, Z
     3f2:	82 60       	ori	r24, 0x02	; 2
     3f4:	80 83       	st	Z, r24
     3f6:	80 81       	ld	r24, Z
     3f8:	81 60       	ori	r24, 0x01	; 1
     3fa:	80 83       	st	Z, r24
     3fc:	e0 e8       	ldi	r30, 0x80	; 128
     3fe:	f0 e0       	ldi	r31, 0x00	; 0
     400:	80 81       	ld	r24, Z
     402:	81 60       	ori	r24, 0x01	; 1
     404:	80 83       	st	Z, r24
     406:	e1 eb       	ldi	r30, 0xB1	; 177
     408:	f0 e0       	ldi	r31, 0x00	; 0
     40a:	80 81       	ld	r24, Z
     40c:	84 60       	ori	r24, 0x04	; 4
     40e:	80 83       	st	Z, r24
     410:	e0 eb       	ldi	r30, 0xB0	; 176
     412:	f0 e0       	ldi	r31, 0x00	; 0
     414:	80 81       	ld	r24, Z
     416:	81 60       	ori	r24, 0x01	; 1
     418:	80 83       	st	Z, r24
     41a:	ea e7       	ldi	r30, 0x7A	; 122
     41c:	f0 e0       	ldi	r31, 0x00	; 0
     41e:	80 81       	ld	r24, Z
     420:	84 60       	ori	r24, 0x04	; 4
     422:	80 83       	st	Z, r24
     424:	80 81       	ld	r24, Z
     426:	82 60       	ori	r24, 0x02	; 2
     428:	80 83       	st	Z, r24
     42a:	80 81       	ld	r24, Z
     42c:	81 60       	ori	r24, 0x01	; 1
     42e:	80 83       	st	Z, r24
     430:	80 81       	ld	r24, Z
     432:	80 68       	ori	r24, 0x80	; 128
     434:	80 83       	st	Z, r24
     436:	10 92 c1 00 	sts	0x00C1, r1	; 0x8000c1 <__DATA_REGION_ORIGIN__+0x61>
     43a:	08 95       	ret

0000043c <_ZN14HardwareSerial9availableEv>:
     43c:	fc 01       	movw	r30, r24
     43e:	91 8d       	ldd	r25, Z+25	; 0x19
     440:	22 8d       	ldd	r18, Z+26	; 0x1a
     442:	89 2f       	mov	r24, r25
     444:	90 e0       	ldi	r25, 0x00	; 0
     446:	80 5c       	subi	r24, 0xC0	; 192
     448:	9f 4f       	sbci	r25, 0xFF	; 255
     44a:	82 1b       	sub	r24, r18
     44c:	91 09       	sbc	r25, r1
     44e:	8f 73       	andi	r24, 0x3F	; 63
     450:	99 27       	eor	r25, r25
     452:	08 95       	ret

00000454 <_ZN14HardwareSerial4peekEv>:
     454:	fc 01       	movw	r30, r24
     456:	91 8d       	ldd	r25, Z+25	; 0x19
     458:	82 8d       	ldd	r24, Z+26	; 0x1a
     45a:	98 17       	cp	r25, r24
     45c:	31 f0       	breq	.+12     	; 0x46a <_ZN14HardwareSerial4peekEv+0x16>
     45e:	82 8d       	ldd	r24, Z+26	; 0x1a
     460:	e8 0f       	add	r30, r24
     462:	f1 1d       	adc	r31, r1
     464:	85 8d       	ldd	r24, Z+29	; 0x1d
     466:	90 e0       	ldi	r25, 0x00	; 0
     468:	08 95       	ret
     46a:	8f ef       	ldi	r24, 0xFF	; 255
     46c:	9f ef       	ldi	r25, 0xFF	; 255
     46e:	08 95       	ret

00000470 <_ZN14HardwareSerial4readEv>:
     470:	fc 01       	movw	r30, r24
     472:	91 8d       	ldd	r25, Z+25	; 0x19
     474:	82 8d       	ldd	r24, Z+26	; 0x1a
     476:	98 17       	cp	r25, r24
     478:	61 f0       	breq	.+24     	; 0x492 <_ZN14HardwareSerial4readEv+0x22>
     47a:	a2 8d       	ldd	r26, Z+26	; 0x1a
     47c:	ae 0f       	add	r26, r30
     47e:	bf 2f       	mov	r27, r31
     480:	b1 1d       	adc	r27, r1
     482:	5d 96       	adiw	r26, 0x1d	; 29
     484:	8c 91       	ld	r24, X
     486:	92 8d       	ldd	r25, Z+26	; 0x1a
     488:	9f 5f       	subi	r25, 0xFF	; 255
     48a:	9f 73       	andi	r25, 0x3F	; 63
     48c:	92 8f       	std	Z+26, r25	; 0x1a
     48e:	90 e0       	ldi	r25, 0x00	; 0
     490:	08 95       	ret
     492:	8f ef       	ldi	r24, 0xFF	; 255
     494:	9f ef       	ldi	r25, 0xFF	; 255
     496:	08 95       	ret

00000498 <_ZN14HardwareSerial17availableForWriteEv>:
     498:	fc 01       	movw	r30, r24
     49a:	53 8d       	ldd	r21, Z+27	; 0x1b
     49c:	44 8d       	ldd	r20, Z+28	; 0x1c
     49e:	25 2f       	mov	r18, r21
     4a0:	30 e0       	ldi	r19, 0x00	; 0
     4a2:	84 2f       	mov	r24, r20
     4a4:	90 e0       	ldi	r25, 0x00	; 0
     4a6:	82 1b       	sub	r24, r18
     4a8:	93 0b       	sbc	r25, r19
     4aa:	54 17       	cp	r21, r20
     4ac:	10 f0       	brcs	.+4      	; 0x4b2 <_ZN14HardwareSerial17availableForWriteEv+0x1a>
     4ae:	cf 96       	adiw	r24, 0x3f	; 63
     4b0:	08 95       	ret
     4b2:	01 97       	sbiw	r24, 0x01	; 1
     4b4:	08 95       	ret

000004b6 <_ZN14HardwareSerial17_tx_udr_empty_irqEv>:
     4b6:	fc 01       	movw	r30, r24
     4b8:	a4 8d       	ldd	r26, Z+28	; 0x1c
     4ba:	a8 0f       	add	r26, r24
     4bc:	b9 2f       	mov	r27, r25
     4be:	b1 1d       	adc	r27, r1
     4c0:	a3 5a       	subi	r26, 0xA3	; 163
     4c2:	bf 4f       	sbci	r27, 0xFF	; 255
     4c4:	2c 91       	ld	r18, X
     4c6:	84 8d       	ldd	r24, Z+28	; 0x1c
     4c8:	90 e0       	ldi	r25, 0x00	; 0
     4ca:	01 96       	adiw	r24, 0x01	; 1
     4cc:	8f 73       	andi	r24, 0x3F	; 63
     4ce:	99 27       	eor	r25, r25
     4d0:	84 8f       	std	Z+28, r24	; 0x1c
     4d2:	a6 89       	ldd	r26, Z+22	; 0x16
     4d4:	b7 89       	ldd	r27, Z+23	; 0x17
     4d6:	2c 93       	st	X, r18
     4d8:	a0 89       	ldd	r26, Z+16	; 0x10
     4da:	b1 89       	ldd	r27, Z+17	; 0x11
     4dc:	8c 91       	ld	r24, X
     4de:	83 70       	andi	r24, 0x03	; 3
     4e0:	80 64       	ori	r24, 0x40	; 64
     4e2:	8c 93       	st	X, r24
     4e4:	93 8d       	ldd	r25, Z+27	; 0x1b
     4e6:	84 8d       	ldd	r24, Z+28	; 0x1c
     4e8:	98 13       	cpse	r25, r24
     4ea:	06 c0       	rjmp	.+12     	; 0x4f8 <_ZN14HardwareSerial17_tx_udr_empty_irqEv+0x42>
     4ec:	02 88       	ldd	r0, Z+18	; 0x12
     4ee:	f3 89       	ldd	r31, Z+19	; 0x13
     4f0:	e0 2d       	mov	r30, r0
     4f2:	80 81       	ld	r24, Z
     4f4:	8f 7d       	andi	r24, 0xDF	; 223
     4f6:	80 83       	st	Z, r24
     4f8:	08 95       	ret

000004fa <_ZN14HardwareSerial5flushEv>:
     4fa:	cf 93       	push	r28
     4fc:	df 93       	push	r29
     4fe:	ec 01       	movw	r28, r24
     500:	88 8d       	ldd	r24, Y+24	; 0x18
     502:	88 23       	and	r24, r24
     504:	b9 f0       	breq	.+46     	; 0x534 <_ZN14HardwareSerial5flushEv+0x3a>
     506:	aa 89       	ldd	r26, Y+18	; 0x12
     508:	bb 89       	ldd	r27, Y+19	; 0x13
     50a:	e8 89       	ldd	r30, Y+16	; 0x10
     50c:	f9 89       	ldd	r31, Y+17	; 0x11
     50e:	8c 91       	ld	r24, X
     510:	85 fd       	sbrc	r24, 5
     512:	03 c0       	rjmp	.+6      	; 0x51a <_ZN14HardwareSerial5flushEv+0x20>
     514:	80 81       	ld	r24, Z
     516:	86 fd       	sbrc	r24, 6
     518:	0d c0       	rjmp	.+26     	; 0x534 <_ZN14HardwareSerial5flushEv+0x3a>
     51a:	0f b6       	in	r0, 0x3f	; 63
     51c:	07 fc       	sbrc	r0, 7
     51e:	f7 cf       	rjmp	.-18     	; 0x50e <_ZN14HardwareSerial5flushEv+0x14>
     520:	8c 91       	ld	r24, X
     522:	85 ff       	sbrs	r24, 5
     524:	f2 cf       	rjmp	.-28     	; 0x50a <_ZN14HardwareSerial5flushEv+0x10>
     526:	80 81       	ld	r24, Z
     528:	85 ff       	sbrs	r24, 5
     52a:	ed cf       	rjmp	.-38     	; 0x506 <_ZN14HardwareSerial5flushEv+0xc>
     52c:	ce 01       	movw	r24, r28
     52e:	0e 94 5b 02 	call	0x4b6	; 0x4b6 <_ZN14HardwareSerial17_tx_udr_empty_irqEv>
     532:	e9 cf       	rjmp	.-46     	; 0x506 <_ZN14HardwareSerial5flushEv+0xc>
     534:	df 91       	pop	r29
     536:	cf 91       	pop	r28
     538:	08 95       	ret

0000053a <_ZN14HardwareSerial5writeEh>:
     53a:	ef 92       	push	r14
     53c:	ff 92       	push	r15
     53e:	0f 93       	push	r16
     540:	1f 93       	push	r17
     542:	cf 93       	push	r28
     544:	df 93       	push	r29
     546:	ec 01       	movw	r28, r24
     548:	81 e0       	ldi	r24, 0x01	; 1
     54a:	88 8f       	std	Y+24, r24	; 0x18
     54c:	9b 8d       	ldd	r25, Y+27	; 0x1b
     54e:	8c 8d       	ldd	r24, Y+28	; 0x1c
     550:	98 13       	cpse	r25, r24
     552:	1a c0       	rjmp	.+52     	; 0x588 <_ZN14HardwareSerial5writeEh+0x4e>
     554:	e8 89       	ldd	r30, Y+16	; 0x10
     556:	f9 89       	ldd	r31, Y+17	; 0x11
     558:	80 81       	ld	r24, Z
     55a:	85 ff       	sbrs	r24, 5
     55c:	15 c0       	rjmp	.+42     	; 0x588 <_ZN14HardwareSerial5writeEh+0x4e>
     55e:	9f b7       	in	r25, 0x3f	; 63
     560:	f8 94       	cli
     562:	ee 89       	ldd	r30, Y+22	; 0x16
     564:	ff 89       	ldd	r31, Y+23	; 0x17
     566:	60 83       	st	Z, r22
     568:	e8 89       	ldd	r30, Y+16	; 0x10
     56a:	f9 89       	ldd	r31, Y+17	; 0x11
     56c:	80 81       	ld	r24, Z
     56e:	83 70       	andi	r24, 0x03	; 3
     570:	80 64       	ori	r24, 0x40	; 64
     572:	80 83       	st	Z, r24
     574:	9f bf       	out	0x3f, r25	; 63
     576:	81 e0       	ldi	r24, 0x01	; 1
     578:	90 e0       	ldi	r25, 0x00	; 0
     57a:	df 91       	pop	r29
     57c:	cf 91       	pop	r28
     57e:	1f 91       	pop	r17
     580:	0f 91       	pop	r16
     582:	ff 90       	pop	r15
     584:	ef 90       	pop	r14
     586:	08 95       	ret
     588:	f6 2e       	mov	r15, r22
     58a:	0b 8d       	ldd	r16, Y+27	; 0x1b
     58c:	10 e0       	ldi	r17, 0x00	; 0
     58e:	0f 5f       	subi	r16, 0xFF	; 255
     590:	1f 4f       	sbci	r17, 0xFF	; 255
     592:	0f 73       	andi	r16, 0x3F	; 63
     594:	11 27       	eor	r17, r17
     596:	e0 2e       	mov	r14, r16
     598:	8c 8d       	ldd	r24, Y+28	; 0x1c
     59a:	8e 11       	cpse	r24, r14
     59c:	0c c0       	rjmp	.+24     	; 0x5b6 <_ZN14HardwareSerial5writeEh+0x7c>
     59e:	0f b6       	in	r0, 0x3f	; 63
     5a0:	07 fc       	sbrc	r0, 7
     5a2:	fa cf       	rjmp	.-12     	; 0x598 <_ZN14HardwareSerial5writeEh+0x5e>
     5a4:	e8 89       	ldd	r30, Y+16	; 0x10
     5a6:	f9 89       	ldd	r31, Y+17	; 0x11
     5a8:	80 81       	ld	r24, Z
     5aa:	85 ff       	sbrs	r24, 5
     5ac:	f5 cf       	rjmp	.-22     	; 0x598 <_ZN14HardwareSerial5writeEh+0x5e>
     5ae:	ce 01       	movw	r24, r28
     5b0:	0e 94 5b 02 	call	0x4b6	; 0x4b6 <_ZN14HardwareSerial17_tx_udr_empty_irqEv>
     5b4:	f1 cf       	rjmp	.-30     	; 0x598 <_ZN14HardwareSerial5writeEh+0x5e>
     5b6:	eb 8d       	ldd	r30, Y+27	; 0x1b
     5b8:	ec 0f       	add	r30, r28
     5ba:	fd 2f       	mov	r31, r29
     5bc:	f1 1d       	adc	r31, r1
     5be:	e3 5a       	subi	r30, 0xA3	; 163
     5c0:	ff 4f       	sbci	r31, 0xFF	; 255
     5c2:	f0 82       	st	Z, r15
     5c4:	9f b7       	in	r25, 0x3f	; 63
     5c6:	f8 94       	cli
     5c8:	0b 8f       	std	Y+27, r16	; 0x1b
     5ca:	ea 89       	ldd	r30, Y+18	; 0x12
     5cc:	fb 89       	ldd	r31, Y+19	; 0x13
     5ce:	80 81       	ld	r24, Z
     5d0:	80 62       	ori	r24, 0x20	; 32
     5d2:	cf cf       	rjmp	.-98     	; 0x572 <_ZN14HardwareSerial5writeEh+0x38>

000005d4 <_ZN14HardwareSerial5beginEmh>:
     5d4:	cf 92       	push	r12
     5d6:	df 92       	push	r13
     5d8:	ef 92       	push	r14
     5da:	ff 92       	push	r15
     5dc:	1f 93       	push	r17
     5de:	cf 93       	push	r28
     5e0:	df 93       	push	r29
     5e2:	ec 01       	movw	r28, r24
     5e4:	6a 01       	movw	r12, r20
     5e6:	7b 01       	movw	r14, r22
     5e8:	12 2f       	mov	r17, r18
     5ea:	e8 89       	ldd	r30, Y+16	; 0x10
     5ec:	f9 89       	ldd	r31, Y+17	; 0x11
     5ee:	82 e0       	ldi	r24, 0x02	; 2
     5f0:	80 83       	st	Z, r24
     5f2:	c1 14       	cp	r12, r1
     5f4:	81 ee       	ldi	r24, 0xE1	; 225
     5f6:	d8 06       	cpc	r13, r24
     5f8:	e1 04       	cpc	r14, r1
     5fa:	f1 04       	cpc	r15, r1
     5fc:	a1 f0       	breq	.+40     	; 0x626 <_ZN14HardwareSerial5beginEmh+0x52>
     5fe:	60 e0       	ldi	r22, 0x00	; 0
     600:	79 e0       	ldi	r23, 0x09	; 9
     602:	8d e3       	ldi	r24, 0x3D	; 61
     604:	90 e0       	ldi	r25, 0x00	; 0
     606:	a7 01       	movw	r20, r14
     608:	96 01       	movw	r18, r12
     60a:	0e 94 c6 07 	call	0xf8c	; 0xf8c <__udivmodsi4>
     60e:	21 50       	subi	r18, 0x01	; 1
     610:	31 09       	sbc	r19, r1
     612:	41 09       	sbc	r20, r1
     614:	51 09       	sbc	r21, r1
     616:	56 95       	lsr	r21
     618:	47 95       	ror	r20
     61a:	37 95       	ror	r19
     61c:	27 95       	ror	r18
     61e:	21 15       	cp	r18, r1
     620:	80 e1       	ldi	r24, 0x10	; 16
     622:	38 07       	cpc	r19, r24
     624:	98 f0       	brcs	.+38     	; 0x64c <_ZN14HardwareSerial5beginEmh+0x78>
     626:	e8 89       	ldd	r30, Y+16	; 0x10
     628:	f9 89       	ldd	r31, Y+17	; 0x11
     62a:	10 82       	st	Z, r1
     62c:	60 e8       	ldi	r22, 0x80	; 128
     62e:	74 e8       	ldi	r23, 0x84	; 132
     630:	8e e1       	ldi	r24, 0x1E	; 30
     632:	90 e0       	ldi	r25, 0x00	; 0
     634:	a7 01       	movw	r20, r14
     636:	96 01       	movw	r18, r12
     638:	0e 94 c6 07 	call	0xf8c	; 0xf8c <__udivmodsi4>
     63c:	21 50       	subi	r18, 0x01	; 1
     63e:	31 09       	sbc	r19, r1
     640:	41 09       	sbc	r20, r1
     642:	51 09       	sbc	r21, r1
     644:	56 95       	lsr	r21
     646:	47 95       	ror	r20
     648:	37 95       	ror	r19
     64a:	27 95       	ror	r18
     64c:	ec 85       	ldd	r30, Y+12	; 0x0c
     64e:	fd 85       	ldd	r31, Y+13	; 0x0d
     650:	30 83       	st	Z, r19
     652:	ee 85       	ldd	r30, Y+14	; 0x0e
     654:	ff 85       	ldd	r31, Y+15	; 0x0f
     656:	20 83       	st	Z, r18
     658:	18 8e       	std	Y+24, r1	; 0x18
     65a:	ec 89       	ldd	r30, Y+20	; 0x14
     65c:	fd 89       	ldd	r31, Y+21	; 0x15
     65e:	10 83       	st	Z, r17
     660:	ea 89       	ldd	r30, Y+18	; 0x12
     662:	fb 89       	ldd	r31, Y+19	; 0x13
     664:	80 81       	ld	r24, Z
     666:	80 61       	ori	r24, 0x10	; 16
     668:	80 83       	st	Z, r24
     66a:	ea 89       	ldd	r30, Y+18	; 0x12
     66c:	fb 89       	ldd	r31, Y+19	; 0x13
     66e:	80 81       	ld	r24, Z
     670:	88 60       	ori	r24, 0x08	; 8
     672:	80 83       	st	Z, r24
     674:	ea 89       	ldd	r30, Y+18	; 0x12
     676:	fb 89       	ldd	r31, Y+19	; 0x13
     678:	80 81       	ld	r24, Z
     67a:	80 68       	ori	r24, 0x80	; 128
     67c:	80 83       	st	Z, r24
     67e:	ea 89       	ldd	r30, Y+18	; 0x12
     680:	fb 89       	ldd	r31, Y+19	; 0x13
     682:	80 81       	ld	r24, Z
     684:	8f 7d       	andi	r24, 0xDF	; 223
     686:	80 83       	st	Z, r24
     688:	df 91       	pop	r29
     68a:	cf 91       	pop	r28
     68c:	1f 91       	pop	r17
     68e:	ff 90       	pop	r15
     690:	ef 90       	pop	r14
     692:	df 90       	pop	r13
     694:	cf 90       	pop	r12
     696:	08 95       	ret

00000698 <__vector_18>:
     698:	1f 92       	push	r1
     69a:	0f 92       	push	r0
     69c:	0f b6       	in	r0, 0x3f	; 63
     69e:	0f 92       	push	r0
     6a0:	11 24       	eor	r1, r1
     6a2:	2f 93       	push	r18
     6a4:	8f 93       	push	r24
     6a6:	9f 93       	push	r25
     6a8:	ef 93       	push	r30
     6aa:	ff 93       	push	r31
     6ac:	e0 91 00 02 	lds	r30, 0x0200	; 0x800200 <Serial+0x10>
     6b0:	f0 91 01 02 	lds	r31, 0x0201	; 0x800201 <Serial+0x11>
     6b4:	80 81       	ld	r24, Z
     6b6:	e0 91 06 02 	lds	r30, 0x0206	; 0x800206 <Serial+0x16>
     6ba:	f0 91 07 02 	lds	r31, 0x0207	; 0x800207 <Serial+0x17>
     6be:	82 fd       	sbrc	r24, 2
     6c0:	1b c0       	rjmp	.+54     	; 0x6f8 <__vector_18+0x60>
     6c2:	90 81       	ld	r25, Z
     6c4:	80 91 09 02 	lds	r24, 0x0209	; 0x800209 <Serial+0x19>
     6c8:	8f 5f       	subi	r24, 0xFF	; 255
     6ca:	8f 73       	andi	r24, 0x3F	; 63
     6cc:	20 91 0a 02 	lds	r18, 0x020A	; 0x80020a <Serial+0x1a>
     6d0:	82 17       	cp	r24, r18
     6d2:	41 f0       	breq	.+16     	; 0x6e4 <__vector_18+0x4c>
     6d4:	e0 91 09 02 	lds	r30, 0x0209	; 0x800209 <Serial+0x19>
     6d8:	f0 e0       	ldi	r31, 0x00	; 0
     6da:	e0 51       	subi	r30, 0x10	; 16
     6dc:	fe 4f       	sbci	r31, 0xFE	; 254
     6de:	95 8f       	std	Z+29, r25	; 0x1d
     6e0:	80 93 09 02 	sts	0x0209, r24	; 0x800209 <Serial+0x19>
     6e4:	ff 91       	pop	r31
     6e6:	ef 91       	pop	r30
     6e8:	9f 91       	pop	r25
     6ea:	8f 91       	pop	r24
     6ec:	2f 91       	pop	r18
     6ee:	0f 90       	pop	r0
     6f0:	0f be       	out	0x3f, r0	; 63
     6f2:	0f 90       	pop	r0
     6f4:	1f 90       	pop	r1
     6f6:	18 95       	reti
     6f8:	80 81       	ld	r24, Z
     6fa:	f4 cf       	rjmp	.-24     	; 0x6e4 <__vector_18+0x4c>

000006fc <__vector_19>:
     6fc:	1f 92       	push	r1
     6fe:	0f 92       	push	r0
     700:	0f b6       	in	r0, 0x3f	; 63
     702:	0f 92       	push	r0
     704:	11 24       	eor	r1, r1
     706:	2f 93       	push	r18
     708:	3f 93       	push	r19
     70a:	4f 93       	push	r20
     70c:	5f 93       	push	r21
     70e:	6f 93       	push	r22
     710:	7f 93       	push	r23
     712:	8f 93       	push	r24
     714:	9f 93       	push	r25
     716:	af 93       	push	r26
     718:	bf 93       	push	r27
     71a:	ef 93       	push	r30
     71c:	ff 93       	push	r31
     71e:	80 ef       	ldi	r24, 0xF0	; 240
     720:	91 e0       	ldi	r25, 0x01	; 1
     722:	0e 94 5b 02 	call	0x4b6	; 0x4b6 <_ZN14HardwareSerial17_tx_udr_empty_irqEv>
     726:	ff 91       	pop	r31
     728:	ef 91       	pop	r30
     72a:	bf 91       	pop	r27
     72c:	af 91       	pop	r26
     72e:	9f 91       	pop	r25
     730:	8f 91       	pop	r24
     732:	7f 91       	pop	r23
     734:	6f 91       	pop	r22
     736:	5f 91       	pop	r21
     738:	4f 91       	pop	r20
     73a:	3f 91       	pop	r19
     73c:	2f 91       	pop	r18
     73e:	0f 90       	pop	r0
     740:	0f be       	out	0x3f, r0	; 63
     742:	0f 90       	pop	r0
     744:	1f 90       	pop	r1
     746:	18 95       	reti

00000748 <_GLOBAL__sub_I___vector_18>:
     748:	e0 ef       	ldi	r30, 0xF0	; 240
     74a:	f1 e0       	ldi	r31, 0x01	; 1
     74c:	13 82       	std	Z+3, r1	; 0x03
     74e:	12 82       	std	Z+2, r1	; 0x02
     750:	88 ee       	ldi	r24, 0xE8	; 232
     752:	93 e0       	ldi	r25, 0x03	; 3
     754:	a0 e0       	ldi	r26, 0x00	; 0
     756:	b0 e0       	ldi	r27, 0x00	; 0
     758:	84 83       	std	Z+4, r24	; 0x04
     75a:	95 83       	std	Z+5, r25	; 0x05
     75c:	a6 83       	std	Z+6, r26	; 0x06
     75e:	b7 83       	std	Z+7, r27	; 0x07
     760:	82 ed       	ldi	r24, 0xD2	; 210
     762:	91 e0       	ldi	r25, 0x01	; 1
     764:	91 83       	std	Z+1, r25	; 0x01
     766:	80 83       	st	Z, r24
     768:	85 ec       	ldi	r24, 0xC5	; 197
     76a:	90 e0       	ldi	r25, 0x00	; 0
     76c:	95 87       	std	Z+13, r25	; 0x0d
     76e:	84 87       	std	Z+12, r24	; 0x0c
     770:	84 ec       	ldi	r24, 0xC4	; 196
     772:	90 e0       	ldi	r25, 0x00	; 0
     774:	97 87       	std	Z+15, r25	; 0x0f
     776:	86 87       	std	Z+14, r24	; 0x0e
     778:	80 ec       	ldi	r24, 0xC0	; 192
     77a:	90 e0       	ldi	r25, 0x00	; 0
     77c:	91 8b       	std	Z+17, r25	; 0x11
     77e:	80 8b       	std	Z+16, r24	; 0x10
     780:	81 ec       	ldi	r24, 0xC1	; 193
     782:	90 e0       	ldi	r25, 0x00	; 0
     784:	93 8b       	std	Z+19, r25	; 0x13
     786:	82 8b       	std	Z+18, r24	; 0x12
     788:	82 ec       	ldi	r24, 0xC2	; 194
     78a:	90 e0       	ldi	r25, 0x00	; 0
     78c:	95 8b       	std	Z+21, r25	; 0x15
     78e:	84 8b       	std	Z+20, r24	; 0x14
     790:	86 ec       	ldi	r24, 0xC6	; 198
     792:	90 e0       	ldi	r25, 0x00	; 0
     794:	97 8b       	std	Z+23, r25	; 0x17
     796:	86 8b       	std	Z+22, r24	; 0x16
     798:	11 8e       	std	Z+25, r1	; 0x19
     79a:	12 8e       	std	Z+26, r1	; 0x1a
     79c:	13 8e       	std	Z+27, r1	; 0x1b
     79e:	14 8e       	std	Z+28, r1	; 0x1c
     7a0:	08 95       	ret

000007a2 <_ZN5Print5writeEPKhj>:
     7a2:	af 92       	push	r10
     7a4:	bf 92       	push	r11
     7a6:	cf 92       	push	r12
     7a8:	df 92       	push	r13
     7aa:	ef 92       	push	r14
     7ac:	ff 92       	push	r15
     7ae:	0f 93       	push	r16
     7b0:	1f 93       	push	r17
     7b2:	cf 93       	push	r28
     7b4:	df 93       	push	r29
     7b6:	6c 01       	movw	r12, r24
     7b8:	7b 01       	movw	r14, r22
     7ba:	8b 01       	movw	r16, r22
     7bc:	04 0f       	add	r16, r20
     7be:	15 1f       	adc	r17, r21
     7c0:	eb 01       	movw	r28, r22
     7c2:	5e 01       	movw	r10, r28
     7c4:	ae 18       	sub	r10, r14
     7c6:	bf 08       	sbc	r11, r15
     7c8:	c0 17       	cp	r28, r16
     7ca:	d1 07       	cpc	r29, r17
     7cc:	59 f0       	breq	.+22     	; 0x7e4 <_ZN5Print5writeEPKhj+0x42>
     7ce:	69 91       	ld	r22, Y+
     7d0:	d6 01       	movw	r26, r12
     7d2:	ed 91       	ld	r30, X+
     7d4:	fc 91       	ld	r31, X
     7d6:	01 90       	ld	r0, Z+
     7d8:	f0 81       	ld	r31, Z
     7da:	e0 2d       	mov	r30, r0
     7dc:	c6 01       	movw	r24, r12
     7de:	09 95       	icall
     7e0:	89 2b       	or	r24, r25
     7e2:	79 f7       	brne	.-34     	; 0x7c2 <_ZN5Print5writeEPKhj+0x20>
     7e4:	c5 01       	movw	r24, r10
     7e6:	df 91       	pop	r29
     7e8:	cf 91       	pop	r28
     7ea:	1f 91       	pop	r17
     7ec:	0f 91       	pop	r16
     7ee:	ff 90       	pop	r15
     7f0:	ef 90       	pop	r14
     7f2:	df 90       	pop	r13
     7f4:	cf 90       	pop	r12
     7f6:	bf 90       	pop	r11
     7f8:	af 90       	pop	r10
     7fa:	08 95       	ret

000007fc <_ZN5Print5writeEPKc.part.2>:
     7fc:	fb 01       	movw	r30, r22
     7fe:	01 90       	ld	r0, Z+
     800:	00 20       	and	r0, r0
     802:	e9 f7       	brne	.-6      	; 0x7fe <_ZN5Print5writeEPKc.part.2+0x2>
     804:	31 97       	sbiw	r30, 0x01	; 1
     806:	af 01       	movw	r20, r30
     808:	46 1b       	sub	r20, r22
     80a:	57 0b       	sbc	r21, r23
     80c:	dc 01       	movw	r26, r24
     80e:	ed 91       	ld	r30, X+
     810:	fc 91       	ld	r31, X
     812:	02 80       	ldd	r0, Z+2	; 0x02
     814:	f3 81       	ldd	r31, Z+3	; 0x03
     816:	e0 2d       	mov	r30, r0
     818:	09 94       	ijmp

0000081a <_ZN5Print5printEPKc>:
     81a:	61 15       	cp	r22, r1
     81c:	71 05       	cpc	r23, r1
     81e:	11 f0       	breq	.+4      	; 0x824 <_ZN5Print5printEPKc+0xa>
     820:	0c 94 fe 03 	jmp	0x7fc	; 0x7fc <_ZN5Print5writeEPKc.part.2>
     824:	90 e0       	ldi	r25, 0x00	; 0
     826:	80 e0       	ldi	r24, 0x00	; 0
     828:	08 95       	ret

0000082a <OsEE_atmega_startTimer1>:
     82a:	10 92 81 00 	sts	0x0081, r1	; 0x800081 <__DATA_REGION_ORIGIN__+0x21>
     82e:	10 92 80 00 	sts	0x0080, r1	; 0x800080 <__DATA_REGION_ORIGIN__+0x20>
     832:	10 92 82 00 	sts	0x0082, r1	; 0x800082 <__DATA_REGION_ORIGIN__+0x22>
     836:	10 92 85 00 	sts	0x0085, r1	; 0x800085 <__DATA_REGION_ORIGIN__+0x25>
     83a:	10 92 84 00 	sts	0x0084, r1	; 0x800084 <__DATA_REGION_ORIGIN__+0x24>
     83e:	61 15       	cp	r22, r1
     840:	20 e1       	ldi	r18, 0x10	; 16
     842:	72 07       	cpc	r23, r18
     844:	81 05       	cpc	r24, r1
     846:	91 05       	cpc	r25, r1
     848:	a0 f4       	brcc	.+40     	; 0x872 <OsEE_atmega_startTimer1+0x48>
     84a:	e4 e0       	ldi	r30, 0x04	; 4
     84c:	66 0f       	add	r22, r22
     84e:	77 1f       	adc	r23, r23
     850:	ea 95       	dec	r30
     852:	e1 f7       	brne	.-8      	; 0x84c <OsEE_atmega_startTimer1+0x22>
     854:	61 50       	subi	r22, 0x01	; 1
     856:	71 09       	sbc	r23, r1
     858:	81 e0       	ldi	r24, 0x01	; 1
     85a:	92 e0       	ldi	r25, 0x02	; 2
     85c:	96 bb       	out	0x16, r25	; 22
     85e:	90 93 6f 00 	sts	0x006F, r25	; 0x80006f <__DATA_REGION_ORIGIN__+0xf>
     862:	70 93 89 00 	sts	0x0089, r23	; 0x800089 <__DATA_REGION_ORIGIN__+0x29>
     866:	60 93 88 00 	sts	0x0088, r22	; 0x800088 <__DATA_REGION_ORIGIN__+0x28>
     86a:	88 60       	ori	r24, 0x08	; 8
     86c:	80 93 81 00 	sts	0x0081, r24	; 0x800081 <__DATA_REGION_ORIGIN__+0x21>
     870:	08 95       	ret
     872:	61 15       	cp	r22, r1
     874:	20 e8       	ldi	r18, 0x80	; 128
     876:	72 07       	cpc	r23, r18
     878:	81 05       	cpc	r24, r1
     87a:	91 05       	cpc	r25, r1
     87c:	30 f4       	brcc	.+12     	; 0x88a <OsEE_atmega_startTimer1+0x60>
     87e:	66 0f       	add	r22, r22
     880:	77 1f       	adc	r23, r23
     882:	61 50       	subi	r22, 0x01	; 1
     884:	71 09       	sbc	r23, r1
     886:	82 e0       	ldi	r24, 0x02	; 2
     888:	e8 cf       	rjmp	.-48     	; 0x85a <OsEE_atmega_startTimer1+0x30>
     88a:	6c 3f       	cpi	r22, 0xFC	; 252
     88c:	2f ef       	ldi	r18, 0xFF	; 255
     88e:	72 07       	cpc	r23, r18
     890:	23 e0       	ldi	r18, 0x03	; 3
     892:	82 07       	cpc	r24, r18
     894:	91 05       	cpc	r25, r1
     896:	58 f4       	brcc	.+22     	; 0x8ae <OsEE_atmega_startTimer1+0x84>
     898:	42 e0       	ldi	r20, 0x02	; 2
     89a:	96 95       	lsr	r25
     89c:	87 95       	ror	r24
     89e:	77 95       	ror	r23
     8a0:	67 95       	ror	r22
     8a2:	4a 95       	dec	r20
     8a4:	d1 f7       	brne	.-12     	; 0x89a <OsEE_atmega_startTimer1+0x70>
     8a6:	61 50       	subi	r22, 0x01	; 1
     8a8:	71 09       	sbc	r23, r1
     8aa:	83 e0       	ldi	r24, 0x03	; 3
     8ac:	d6 cf       	rjmp	.-84     	; 0x85a <OsEE_atmega_startTimer1+0x30>
     8ae:	61 15       	cp	r22, r1
     8b0:	71 05       	cpc	r23, r1
     8b2:	20 e1       	ldi	r18, 0x10	; 16
     8b4:	82 07       	cpc	r24, r18
     8b6:	91 05       	cpc	r25, r1
     8b8:	58 f4       	brcc	.+22     	; 0x8d0 <OsEE_atmega_startTimer1+0xa6>
     8ba:	34 e0       	ldi	r19, 0x04	; 4
     8bc:	96 95       	lsr	r25
     8be:	87 95       	ror	r24
     8c0:	77 95       	ror	r23
     8c2:	67 95       	ror	r22
     8c4:	3a 95       	dec	r19
     8c6:	d1 f7       	brne	.-12     	; 0x8bc <OsEE_atmega_startTimer1+0x92>
     8c8:	61 50       	subi	r22, 0x01	; 1
     8ca:	71 09       	sbc	r23, r1
     8cc:	84 e0       	ldi	r24, 0x04	; 4
     8ce:	c5 cf       	rjmp	.-118    	; 0x85a <OsEE_atmega_startTimer1+0x30>
     8d0:	26 e0       	ldi	r18, 0x06	; 6
     8d2:	96 95       	lsr	r25
     8d4:	87 95       	ror	r24
     8d6:	77 95       	ror	r23
     8d8:	67 95       	ror	r22
     8da:	2a 95       	dec	r18
     8dc:	d1 f7       	brne	.-12     	; 0x8d2 <OsEE_atmega_startTimer1+0xa8>
     8de:	61 50       	subi	r22, 0x01	; 1
     8e0:	71 09       	sbc	r23, r1
     8e2:	85 e0       	ldi	r24, 0x05	; 5
     8e4:	ba cf       	rjmp	.-140    	; 0x85a <OsEE_atmega_startTimer1+0x30>

000008e6 <StartOS>:
     8e6:	4f 92       	push	r4
     8e8:	5f 92       	push	r5
     8ea:	6f 92       	push	r6
     8ec:	7f 92       	push	r7
     8ee:	8f 92       	push	r8
     8f0:	9f 92       	push	r9
     8f2:	af 92       	push	r10
     8f4:	bf 92       	push	r11
     8f6:	cf 92       	push	r12
     8f8:	df 92       	push	r13
     8fa:	ef 92       	push	r14
     8fc:	ff 92       	push	r15
     8fe:	0f 93       	push	r16
     900:	1f 93       	push	r17
     902:	cf 93       	push	r28
     904:	df 93       	push	r29
     906:	00 d0       	rcall	.+0      	; 0x908 <__stack+0x9>
     908:	cd b7       	in	r28, 0x3d	; 61
     90a:	de b7       	in	r29, 0x3e	; 62
     90c:	00 91 87 01 	lds	r16, 0x0187	; 0x800187 <osEE_cdb_var>
     910:	10 91 88 01 	lds	r17, 0x0188	; 0x800188 <osEE_cdb_var+0x1>
     914:	9f b7       	in	r25, 0x3f	; 63
     916:	f8 94       	cli
     918:	d8 01       	movw	r26, r16
     91a:	18 96       	adiw	r26, 0x08	; 8
     91c:	2d 91       	ld	r18, X+
     91e:	3c 91       	ld	r19, X
     920:	23 2b       	or	r18, r19
     922:	b1 f0       	breq	.+44     	; 0x950 <__stack+0x51>
     924:	9f bf       	out	0x3f, r25	; 63
     926:	81 e0       	ldi	r24, 0x01	; 1
     928:	90 e0       	ldi	r25, 0x00	; 0
     92a:	0f 90       	pop	r0
     92c:	0f 90       	pop	r0
     92e:	df 91       	pop	r29
     930:	cf 91       	pop	r28
     932:	1f 91       	pop	r17
     934:	0f 91       	pop	r16
     936:	ff 90       	pop	r15
     938:	ef 90       	pop	r14
     93a:	df 90       	pop	r13
     93c:	cf 90       	pop	r12
     93e:	bf 90       	pop	r11
     940:	af 90       	pop	r10
     942:	9f 90       	pop	r9
     944:	8f 90       	pop	r8
     946:	7f 90       	pop	r7
     948:	6f 90       	pop	r6
     94a:	5f 90       	pop	r5
     94c:	4f 90       	pop	r4
     94e:	08 95       	ret
     950:	2c e9       	ldi	r18, 0x9C	; 156
     952:	37 e0       	ldi	r19, 0x07	; 7
     954:	3a 83       	std	Y+2, r19	; 0x02
     956:	29 83       	std	Y+1, r18	; 0x01
     958:	c0 90 89 01 	lds	r12, 0x0189	; 0x800189 <osEE_cdb_var+0x2>
     95c:	d0 90 8a 01 	lds	r13, 0x018A	; 0x80018a <osEE_cdb_var+0x3>
     960:	21 e0       	ldi	r18, 0x01	; 1
     962:	30 e0       	ldi	r19, 0x00	; 0
     964:	f8 01       	movw	r30, r16
     966:	31 87       	std	Z+9, r19	; 0x09
     968:	20 87       	std	Z+8, r18	; 0x08
     96a:	82 87       	std	Z+10, r24	; 0x0a
     96c:	40 90 8b 01 	lds	r4, 0x018B	; 0x80018b <osEE_cdb_var+0x4>
     970:	50 90 8c 01 	lds	r5, 0x018C	; 0x80018c <osEE_cdb_var+0x5>
     974:	58 01       	movw	r10, r16
     976:	f2 e0       	ldi	r31, 0x02	; 2
     978:	af 0e       	add	r10, r31
     97a:	b1 1c       	adc	r11, r1
     97c:	24 e0       	ldi	r18, 0x04	; 4
     97e:	82 9f       	mul	r24, r18
     980:	c0 01       	movw	r24, r0
     982:	11 24       	eor	r1, r1
     984:	48 0e       	add	r4, r24
     986:	59 1e       	adc	r5, r25
     988:	d2 01       	movw	r26, r4
     98a:	12 96       	adiw	r26, 0x02	; 2
     98c:	6d 90       	ld	r6, X+
     98e:	7c 90       	ld	r7, X
     990:	f1 2c       	mov	r15, r1
     992:	e1 2c       	mov	r14, r1
     994:	88 24       	eor	r8, r8
     996:	83 94       	inc	r8
     998:	91 2c       	mov	r9, r1
     99a:	e6 14       	cp	r14, r6
     99c:	f7 04       	cpc	r15, r7
     99e:	e1 f4       	brne	.+56     	; 0x9d8 <__stack+0xd9>
     9a0:	f8 01       	movw	r30, r16
     9a2:	80 85       	ldd	r24, Z+8	; 0x08
     9a4:	91 85       	ldd	r25, Z+9	; 0x09
     9a6:	01 97       	sbiw	r24, 0x01	; 1
     9a8:	21 f4       	brne	.+8      	; 0x9b2 <__stack+0xb3>
     9aa:	82 e0       	ldi	r24, 0x02	; 2
     9ac:	90 e0       	ldi	r25, 0x00	; 0
     9ae:	91 87       	std	Z+9, r25	; 0x09
     9b0:	80 87       	std	Z+8, r24	; 0x08
     9b2:	d8 01       	movw	r26, r16
     9b4:	18 96       	adiw	r26, 0x08	; 8
     9b6:	8d 91       	ld	r24, X+
     9b8:	9c 91       	ld	r25, X
     9ba:	02 97       	sbiw	r24, 0x02	; 2
     9bc:	51 f4       	brne	.+20     	; 0x9d2 <__stack+0xd3>
     9be:	f6 01       	movw	r30, r12
     9c0:	62 81       	ldd	r22, Z+2	; 0x02
     9c2:	73 81       	ldd	r23, Z+3	; 0x03
     9c4:	ab 01       	movw	r20, r22
     9c6:	c6 01       	movw	r24, r12
     9c8:	0e 94 a8 00 	call	0x150	; 0x150 <osEE_hal_save_ctx_and_ready2stacked>
     9cc:	c6 01       	movw	r24, r12
     9ce:	0e 94 57 06 	call	0xcae	; 0xcae <osEE_task_end>
     9d2:	90 e0       	ldi	r25, 0x00	; 0
     9d4:	80 e0       	ldi	r24, 0x00	; 0
     9d6:	a9 cf       	rjmp	.-174    	; 0x92a <__stack+0x2b>
     9d8:	d2 01       	movw	r26, r4
     9da:	ed 91       	ld	r30, X+
     9dc:	fc 91       	ld	r31, X
     9de:	c7 01       	movw	r24, r14
     9e0:	88 0f       	add	r24, r24
     9e2:	99 1f       	adc	r25, r25
     9e4:	e8 0f       	add	r30, r24
     9e6:	f9 1f       	adc	r31, r25
     9e8:	40 81       	ld	r20, Z
     9ea:	51 81       	ldd	r21, Z+1	; 0x01
     9ec:	da 01       	movw	r26, r20
     9ee:	14 96       	adiw	r26, 0x04	; 4
     9f0:	ed 91       	ld	r30, X+
     9f2:	fc 91       	ld	r31, X
     9f4:	80 81       	ld	r24, Z
     9f6:	8f 5f       	subi	r24, 0xFF	; 255
     9f8:	80 83       	st	Z, r24
     9fa:	93 82       	std	Z+3, r9	; 0x03
     9fc:	82 82       	std	Z+2, r8	; 0x02
     9fe:	f8 01       	movw	r30, r16
     a00:	64 81       	ldd	r22, Z+4	; 0x04
     a02:	75 81       	ldd	r23, Z+5	; 0x05
     a04:	db 01       	movw	r26, r22
     a06:	8d 91       	ld	r24, X+
     a08:	9c 91       	ld	r25, X
     a0a:	11 97       	sbiw	r26, 0x01	; 1
     a0c:	95 83       	std	Z+5, r25	; 0x05
     a0e:	84 83       	std	Z+4, r24	; 0x04
     a10:	1d 92       	st	X+, r1
     a12:	1c 92       	st	X, r1
     a14:	c5 01       	movw	r24, r10
     a16:	0e 94 28 06 	call	0xc50	; 0xc50 <osEE_scheduler_rq_insert>
     a1a:	bf ef       	ldi	r27, 0xFF	; 255
     a1c:	eb 1a       	sub	r14, r27
     a1e:	fb 0a       	sbc	r15, r27
     a20:	bc cf       	rjmp	.-136    	; 0x99a <__stack+0x9b>

00000a22 <TerminateTask>:
     a22:	e0 91 87 01 	lds	r30, 0x0187	; 0x800187 <osEE_cdb_var>
     a26:	f0 91 88 01 	lds	r31, 0x0188	; 0x800188 <osEE_cdb_var+0x1>
     a2a:	a0 81       	ld	r26, Z
     a2c:	b1 81       	ldd	r27, Z+1	; 0x01
     a2e:	87 85       	ldd	r24, Z+15	; 0x0f
     a30:	88 23       	and	r24, r24
     a32:	19 f0       	breq	.+6      	; 0xa3a <TerminateTask+0x18>
     a34:	17 86       	std	Z+15, r1	; 0x0f
     a36:	85 85       	ldd	r24, Z+13	; 0x0d
     a38:	8f bf       	out	0x3f, r24	; 63
     a3a:	81 89       	ldd	r24, Z+17	; 0x11
     a3c:	88 23       	and	r24, r24
     a3e:	11 f0       	breq	.+4      	; 0xa44 <TerminateTask+0x22>
     a40:	11 8a       	std	Z+17, r1	; 0x11
     a42:	78 94       	sei
     a44:	8f b7       	in	r24, 0x3f	; 63
     a46:	f8 94       	cli
     a48:	64 e8       	ldi	r22, 0x84	; 132
     a4a:	77 e0       	ldi	r23, 0x07	; 7
     a4c:	12 96       	adiw	r26, 0x02	; 2
     a4e:	8d 91       	ld	r24, X+
     a50:	9c 91       	ld	r25, X
     a52:	0e 94 c8 00 	call	0x190	; 0x190 <osEE_hal_terminate_ctx>

00000a56 <osEE_scheduler_task_wrapper_restore>:
     a56:	dc 01       	movw	r26, r24
     a58:	14 96       	adiw	r26, 0x04	; 4
     a5a:	ed 91       	ld	r30, X+
     a5c:	fc 91       	ld	r31, X
     a5e:	84 e0       	ldi	r24, 0x04	; 4
     a60:	90 e0       	ldi	r25, 0x00	; 0
     a62:	93 83       	std	Z+3, r25	; 0x03
     a64:	82 83       	std	Z+2, r24	; 0x02
     a66:	08 95       	ret

00000a68 <osEE_scheduler_task_wrapper_run>:
     a68:	ec 01       	movw	r28, r24
     a6a:	ec 81       	ldd	r30, Y+4	; 0x04
     a6c:	fd 81       	ldd	r31, Y+5	; 0x05
     a6e:	81 81       	ldd	r24, Z+1	; 0x01
     a70:	24 e0       	ldi	r18, 0x04	; 4
     a72:	30 e0       	ldi	r19, 0x00	; 0
     a74:	33 83       	std	Z+3, r19	; 0x03
     a76:	22 83       	std	Z+2, r18	; 0x02
     a78:	8f 3f       	cpi	r24, 0xFF	; 255
     a7a:	09 f0       	breq	.+2      	; 0xa7e <osEE_scheduler_task_wrapper_run+0x16>
     a7c:	78 94       	sei
     a7e:	e9 85       	ldd	r30, Y+9	; 0x09
     a80:	fa 85       	ldd	r31, Y+10	; 0x0a
     a82:	09 95       	icall
     a84:	e0 91 87 01 	lds	r30, 0x0187	; 0x800187 <osEE_cdb_var>
     a88:	f0 91 88 01 	lds	r31, 0x0188	; 0x800188 <osEE_cdb_var+0x1>
     a8c:	10 8a       	std	Z+16, r1	; 0x10
     a8e:	87 85       	ldd	r24, Z+15	; 0x0f
     a90:	88 23       	and	r24, r24
     a92:	19 f0       	breq	.+6      	; 0xa9a <osEE_scheduler_task_wrapper_run+0x32>
     a94:	17 86       	std	Z+15, r1	; 0x0f
     a96:	85 85       	ldd	r24, Z+13	; 0x0d
     a98:	8f bf       	out	0x3f, r24	; 63
     a9a:	81 89       	ldd	r24, Z+17	; 0x11
     a9c:	88 23       	and	r24, r24
     a9e:	11 f0       	breq	.+4      	; 0xaa4 <osEE_scheduler_task_wrapper_run+0x3c>
     aa0:	11 8a       	std	Z+17, r1	; 0x11
     aa2:	78 94       	sei
     aa4:	8f b7       	in	r24, 0x3f	; 63
     aa6:	f8 94       	cli
     aa8:	8f 81       	ldd	r24, Y+7	; 0x07
     aaa:	98 85       	ldd	r25, Y+8	; 0x08
     aac:	ec 81       	ldd	r30, Y+4	; 0x04
     aae:	fd 81       	ldd	r31, Y+5	; 0x05
     ab0:	02 97       	sbiw	r24, 0x02	; 2
     ab2:	09 f5       	brne	.+66     	; 0xaf6 <osEE_scheduler_task_wrapper_run+0x8e>
     ab4:	a4 81       	ldd	r26, Z+4	; 0x04
     ab6:	b5 81       	ldd	r27, Z+5	; 0x05
     ab8:	10 97       	sbiw	r26, 0x00	; 0
     aba:	31 f4       	brne	.+12     	; 0xac8 <osEE_scheduler_task_wrapper_run+0x60>
     abc:	64 e8       	ldi	r22, 0x84	; 132
     abe:	77 e0       	ldi	r23, 0x07	; 7
     ac0:	8a 81       	ldd	r24, Y+2	; 0x02
     ac2:	9b 81       	ldd	r25, Y+3	; 0x03
     ac4:	0e 94 c8 00 	call	0x190	; 0x190 <osEE_hal_terminate_ctx>
     ac8:	0d 90       	ld	r0, X+
     aca:	bc 91       	ld	r27, X
     acc:	a0 2d       	mov	r26, r0
     ace:	14 96       	adiw	r26, 0x04	; 4
     ad0:	1c 92       	st	X, r1
     ad2:	1e 92       	st	-X, r1
     ad4:	13 97       	sbiw	r26, 0x03	; 3
     ad6:	8d 91       	ld	r24, X+
     ad8:	9c 91       	ld	r25, X
     ada:	95 83       	std	Z+5, r25	; 0x05
     adc:	84 83       	std	Z+4, r24	; 0x04
     ade:	ea cf       	rjmp	.-44     	; 0xab4 <osEE_scheduler_task_wrapper_run+0x4c>
     ae0:	0d 90       	ld	r0, X+
     ae2:	bc 91       	ld	r27, X
     ae4:	a0 2d       	mov	r26, r0
     ae6:	14 96       	adiw	r26, 0x04	; 4
     ae8:	1c 92       	st	X, r1
     aea:	1e 92       	st	-X, r1
     aec:	13 97       	sbiw	r26, 0x03	; 3
     aee:	8d 91       	ld	r24, X+
     af0:	9c 91       	ld	r25, X
     af2:	95 83       	std	Z+5, r25	; 0x05
     af4:	84 83       	std	Z+4, r24	; 0x04
     af6:	a4 81       	ldd	r26, Z+4	; 0x04
     af8:	b5 81       	ldd	r27, Z+5	; 0x05
     afa:	10 97       	sbiw	r26, 0x00	; 0
     afc:	89 f7       	brne	.-30     	; 0xae0 <osEE_scheduler_task_wrapper_run+0x78>
     afe:	de cf       	rjmp	.-68     	; 0xabc <osEE_scheduler_task_wrapper_run+0x54>

00000b00 <osEE_idle_hook_wrapper>:
     b00:	cf 93       	push	r28
     b02:	cf b7       	in	r28, 0x3f	; 63
     b04:	f8 94       	cli
     b06:	8d e7       	ldi	r24, 0x7D	; 125
     b08:	91 e0       	ldi	r25, 0x01	; 1
     b0a:	0e 94 f0 06 	call	0xde0	; 0xde0 <osEE_scheduler_task_preemption_point>
     b0e:	cf bf       	out	0x3f, r28	; 63
     b10:	e0 91 87 01 	lds	r30, 0x0187	; 0x800187 <osEE_cdb_var>
     b14:	f0 91 88 01 	lds	r31, 0x0188	; 0x800188 <osEE_cdb_var+0x1>
     b18:	80 85       	ldd	r24, Z+8	; 0x08
     b1a:	91 85       	ldd	r25, Z+9	; 0x09
     b1c:	02 97       	sbiw	r24, 0x02	; 2
     b1e:	e1 f3       	breq	.-8      	; 0xb18 <osEE_idle_hook_wrapper+0x18>
     b20:	80 91 89 01 	lds	r24, 0x0189	; 0x800189 <osEE_cdb_var+0x2>
     b24:	90 91 8a 01 	lds	r25, 0x018A	; 0x80018a <osEE_cdb_var+0x3>
     b28:	cf 91       	pop	r28
     b2a:	0c 94 69 07 	jmp	0xed2	; 0xed2 <osEE_idle_task_terminate>

00000b2e <osEE_scheduler_core_rq_preempt_stk>:
     b2e:	0f 93       	push	r16
     b30:	1f 93       	push	r17
     b32:	cf 93       	push	r28
     b34:	df 93       	push	r29
     b36:	ec 01       	movw	r28, r24
     b38:	a8 81       	ld	r26, Y
     b3a:	b9 81       	ldd	r27, Y+1	; 0x01
     b3c:	eb 01       	movw	r28, r22
     b3e:	e8 81       	ld	r30, Y
     b40:	f9 81       	ldd	r31, Y+1	; 0x01
     b42:	16 96       	adiw	r26, 0x06	; 6
     b44:	cd 91       	ld	r28, X+
     b46:	dc 91       	ld	r29, X
     b48:	17 97       	sbiw	r26, 0x07	; 7
     b4a:	20 97       	sbiw	r28, 0x00	; 0
     b4c:	c1 f1       	breq	.+112    	; 0xbbe <osEE_scheduler_core_rq_preempt_stk+0x90>
     b4e:	8a 81       	ldd	r24, Y+2	; 0x02
     b50:	9b 81       	ldd	r25, Y+3	; 0x03
     b52:	30 97       	sbiw	r30, 0x00	; 0
     b54:	09 f4       	brne	.+2      	; 0xb58 <osEE_scheduler_core_rq_preempt_stk+0x2a>
     b56:	3f c0       	rjmp	.+126    	; 0xbd6 <osEE_scheduler_core_rq_preempt_stk+0xa8>
     b58:	ec 01       	movw	r28, r24
     b5a:	0c 81       	ldd	r16, Y+4	; 0x04
     b5c:	1d 81       	ldd	r17, Y+5	; 0x05
     b5e:	22 81       	ldd	r18, Z+2	; 0x02
     b60:	33 81       	ldd	r19, Z+3	; 0x03
     b62:	e9 01       	movw	r28, r18
     b64:	4c 81       	ldd	r20, Y+4	; 0x04
     b66:	5d 81       	ldd	r21, Y+5	; 0x05
     b68:	e8 01       	movw	r28, r16
     b6a:	39 81       	ldd	r19, Y+1	; 0x01
     b6c:	ea 01       	movw	r28, r20
     b6e:	29 81       	ldd	r18, Y+1	; 0x01
     b70:	32 17       	cp	r19, r18
     b72:	88 f5       	brcc	.+98     	; 0xbd6 <osEE_scheduler_core_rq_preempt_stk+0xa8>
     b74:	22 e0       	ldi	r18, 0x02	; 2
     b76:	30 e0       	ldi	r19, 0x00	; 0
     b78:	e8 01       	movw	r28, r16
     b7a:	3b 83       	std	Y+3, r19	; 0x03
     b7c:	2a 83       	std	Y+2, r18	; 0x02
     b7e:	20 81       	ld	r18, Z
     b80:	31 81       	ldd	r19, Z+1	; 0x01
     b82:	eb 01       	movw	r28, r22
     b84:	39 83       	std	Y+1, r19	; 0x01
     b86:	28 83       	st	Y, r18
     b88:	c2 81       	ldd	r28, Z+2	; 0x02
     b8a:	d3 81       	ldd	r29, Z+3	; 0x03
     b8c:	2c 81       	ldd	r18, Y+4	; 0x04
     b8e:	3d 81       	ldd	r19, Y+5	; 0x05
     b90:	16 96       	adiw	r26, 0x06	; 6
     b92:	4d 91       	ld	r20, X+
     b94:	5c 91       	ld	r21, X
     b96:	17 97       	sbiw	r26, 0x07	; 7
     b98:	51 83       	std	Z+1, r21	; 0x01
     b9a:	40 83       	st	Z, r20
     b9c:	17 96       	adiw	r26, 0x07	; 7
     b9e:	fc 93       	st	X, r31
     ba0:	ee 93       	st	-X, r30
     ba2:	16 97       	sbiw	r26, 0x06	; 6
     ba4:	cd 93       	st	X+, r28
     ba6:	dc 93       	st	X, r29
     ba8:	4c 85       	ldd	r20, Y+12	; 0x0c
     baa:	f9 01       	movw	r30, r18
     bac:	51 81       	ldd	r21, Z+1	; 0x01
     bae:	54 17       	cp	r21, r20
     bb0:	08 f4       	brcc	.+2      	; 0xbb4 <osEE_scheduler_core_rq_preempt_stk+0x86>
     bb2:	41 83       	std	Z+1, r20	; 0x01
     bb4:	df 91       	pop	r29
     bb6:	cf 91       	pop	r28
     bb8:	1f 91       	pop	r17
     bba:	0f 91       	pop	r16
     bbc:	08 95       	ret
     bbe:	30 97       	sbiw	r30, 0x00	; 0
     bc0:	51 f0       	breq	.+20     	; 0xbd6 <osEE_scheduler_core_rq_preempt_stk+0xa8>
     bc2:	ec 01       	movw	r28, r24
     bc4:	8a 81       	ldd	r24, Y+2	; 0x02
     bc6:	9b 81       	ldd	r25, Y+3	; 0x03
     bc8:	ec 01       	movw	r28, r24
     bca:	4c 81       	ldd	r20, Y+4	; 0x04
     bcc:	5d 81       	ldd	r21, Y+5	; 0x05
     bce:	22 e0       	ldi	r18, 0x02	; 2
     bd0:	30 e0       	ldi	r19, 0x00	; 0
     bd2:	ea 01       	movw	r28, r20
     bd4:	d2 cf       	rjmp	.-92     	; 0xb7a <osEE_scheduler_core_rq_preempt_stk+0x4c>
     bd6:	90 e0       	ldi	r25, 0x00	; 0
     bd8:	80 e0       	ldi	r24, 0x00	; 0
     bda:	ec cf       	rjmp	.-40     	; 0xbb4 <osEE_scheduler_core_rq_preempt_stk+0x86>

00000bdc <osEE_sn_priority_insert>:
     bdc:	cf 93       	push	r28
     bde:	df 93       	push	r29
     be0:	db 01       	movw	r26, r22
     be2:	12 96       	adiw	r26, 0x02	; 2
     be4:	ed 91       	ld	r30, X+
     be6:	fc 91       	ld	r31, X
     be8:	41 15       	cp	r20, r1
     bea:	51 05       	cpc	r21, r1
     bec:	a1 f0       	breq	.+40     	; 0xc16 <osEE_sn_priority_insert+0x3a>
     bee:	23 85       	ldd	r18, Z+11	; 0x0b
     bf0:	dc 01       	movw	r26, r24
     bf2:	ed 91       	ld	r30, X+
     bf4:	fc 91       	ld	r31, X
     bf6:	b0 e0       	ldi	r27, 0x00	; 0
     bf8:	a0 e0       	ldi	r26, 0x00	; 0
     bfa:	30 97       	sbiw	r30, 0x00	; 0
     bfc:	89 f4       	brne	.+34     	; 0xc20 <osEE_sn_priority_insert+0x44>
     bfe:	10 97       	sbiw	r26, 0x00	; 0
     c00:	09 f1       	breq	.+66     	; 0xc44 <osEE_sn_priority_insert+0x68>
     c02:	6d 93       	st	X+, r22
     c04:	7c 93       	st	X, r23
     c06:	90 e0       	ldi	r25, 0x00	; 0
     c08:	80 e0       	ldi	r24, 0x00	; 0
     c0a:	db 01       	movw	r26, r22
     c0c:	ed 93       	st	X+, r30
     c0e:	fc 93       	st	X, r31
     c10:	df 91       	pop	r29
     c12:	cf 91       	pop	r28
     c14:	08 95       	ret
     c16:	04 80       	ldd	r0, Z+4	; 0x04
     c18:	f5 81       	ldd	r31, Z+5	; 0x05
     c1a:	e0 2d       	mov	r30, r0
     c1c:	21 81       	ldd	r18, Z+1	; 0x01
     c1e:	e8 cf       	rjmp	.-48     	; 0xbf0 <osEE_sn_priority_insert+0x14>
     c20:	c2 81       	ldd	r28, Z+2	; 0x02
     c22:	d3 81       	ldd	r29, Z+3	; 0x03
     c24:	41 15       	cp	r20, r1
     c26:	51 05       	cpc	r21, r1
     c28:	41 f0       	breq	.+16     	; 0xc3a <osEE_sn_priority_insert+0x5e>
     c2a:	3b 85       	ldd	r19, Y+11	; 0x0b
     c2c:	32 17       	cp	r19, r18
     c2e:	38 f3       	brcs	.-50     	; 0xbfe <osEE_sn_priority_insert+0x22>
     c30:	df 01       	movw	r26, r30
     c32:	01 90       	ld	r0, Z+
     c34:	f0 81       	ld	r31, Z
     c36:	e0 2d       	mov	r30, r0
     c38:	e0 cf       	rjmp	.-64     	; 0xbfa <osEE_sn_priority_insert+0x1e>
     c3a:	0c 80       	ldd	r0, Y+4	; 0x04
     c3c:	dd 81       	ldd	r29, Y+5	; 0x05
     c3e:	c0 2d       	mov	r28, r0
     c40:	39 81       	ldd	r19, Y+1	; 0x01
     c42:	f4 cf       	rjmp	.-24     	; 0xc2c <osEE_sn_priority_insert+0x50>
     c44:	dc 01       	movw	r26, r24
     c46:	6d 93       	st	X+, r22
     c48:	7c 93       	st	X, r23
     c4a:	81 e0       	ldi	r24, 0x01	; 1
     c4c:	90 e0       	ldi	r25, 0x00	; 0
     c4e:	dd cf       	rjmp	.-70     	; 0xc0a <osEE_sn_priority_insert+0x2e>

00000c50 <osEE_scheduler_rq_insert>:
     c50:	fb 01       	movw	r30, r22
     c52:	53 83       	std	Z+3, r21	; 0x03
     c54:	42 83       	std	Z+2, r20	; 0x02
     c56:	41 e0       	ldi	r20, 0x01	; 1
     c58:	50 e0       	ldi	r21, 0x00	; 0
     c5a:	0c 94 ee 05 	jmp	0xbdc	; 0xbdc <osEE_sn_priority_insert>

00000c5e <osEE_scheduler_core_pop_running>:
     c5e:	ef 92       	push	r14
     c60:	ff 92       	push	r15
     c62:	0f 93       	push	r16
     c64:	1f 93       	push	r17
     c66:	cf 93       	push	r28
     c68:	df 93       	push	r29
     c6a:	8c 01       	movw	r16, r24
     c6c:	fc 01       	movw	r30, r24
     c6e:	c0 81       	ld	r28, Z
     c70:	d1 81       	ldd	r29, Z+1	; 0x01
     c72:	ee 80       	ldd	r14, Y+6	; 0x06
     c74:	ff 80       	ldd	r15, Y+7	; 0x07
     c76:	f7 01       	movw	r30, r14
     c78:	80 81       	ld	r24, Z
     c7a:	91 81       	ldd	r25, Z+1	; 0x01
     c7c:	9f 83       	std	Y+7, r25	; 0x07
     c7e:	8e 83       	std	Y+6, r24	; 0x06
     c80:	c8 01       	movw	r24, r16
     c82:	0e 94 97 05 	call	0xb2e	; 0xb2e <osEE_scheduler_core_rq_preempt_stk>
     c86:	89 2b       	or	r24, r25
     c88:	41 f4       	brne	.+16     	; 0xc9a <osEE_scheduler_core_pop_running+0x3c>
     c8a:	ee 81       	ldd	r30, Y+6	; 0x06
     c8c:	ff 81       	ldd	r31, Y+7	; 0x07
     c8e:	30 97       	sbiw	r30, 0x00	; 0
     c90:	61 f0       	breq	.+24     	; 0xcaa <osEE_scheduler_core_pop_running+0x4c>
     c92:	82 81       	ldd	r24, Z+2	; 0x02
     c94:	93 81       	ldd	r25, Z+3	; 0x03
     c96:	99 83       	std	Y+1, r25	; 0x01
     c98:	88 83       	st	Y, r24
     c9a:	c7 01       	movw	r24, r14
     c9c:	df 91       	pop	r29
     c9e:	cf 91       	pop	r28
     ca0:	1f 91       	pop	r17
     ca2:	0f 91       	pop	r16
     ca4:	ff 90       	pop	r15
     ca6:	ef 90       	pop	r14
     ca8:	08 95       	ret
     caa:	f8 01       	movw	r30, r16
     cac:	f2 cf       	rjmp	.-28     	; 0xc92 <osEE_scheduler_core_pop_running+0x34>

00000cae <osEE_task_end>:
     cae:	dc 01       	movw	r26, r24
     cb0:	14 96       	adiw	r26, 0x04	; 4
     cb2:	ed 91       	ld	r30, X+
     cb4:	fc 91       	ld	r31, X
     cb6:	15 97       	sbiw	r26, 0x05	; 5
     cb8:	1b 96       	adiw	r26, 0x0b	; 11
     cba:	8c 91       	ld	r24, X
     cbc:	81 83       	std	Z+1, r24	; 0x01
     cbe:	80 81       	ld	r24, Z
     cc0:	81 50       	subi	r24, 0x01	; 1
     cc2:	80 83       	st	Z, r24
     cc4:	81 11       	cpse	r24, r1
     cc6:	03 c0       	rjmp	.+6      	; 0xcce <osEE_task_end+0x20>
     cc8:	13 82       	std	Z+3, r1	; 0x03
     cca:	12 82       	std	Z+2, r1	; 0x02
     ccc:	08 95       	ret
     cce:	81 e0       	ldi	r24, 0x01	; 1
     cd0:	90 e0       	ldi	r25, 0x00	; 0
     cd2:	93 83       	std	Z+3, r25	; 0x03
     cd4:	82 83       	std	Z+2, r24	; 0x02
     cd6:	08 95       	ret

00000cd8 <osEE_activate_isr2>:
     cd8:	e0 91 7f 01 	lds	r30, 0x017F	; 0x80017f <osEE_kdb_var+0x2>
     cdc:	f0 91 80 01 	lds	r31, 0x0180	; 0x800180 <osEE_kdb_var+0x3>
     ce0:	90 e0       	ldi	r25, 0x00	; 0
     ce2:	88 0f       	add	r24, r24
     ce4:	99 1f       	adc	r25, r25
     ce6:	e8 0f       	add	r30, r24
     ce8:	f9 1f       	adc	r31, r25
     cea:	60 81       	ld	r22, Z
     cec:	71 81       	ldd	r23, Z+1	; 0x01
     cee:	db 01       	movw	r26, r22
     cf0:	14 96       	adiw	r26, 0x04	; 4
     cf2:	ed 91       	ld	r30, X+
     cf4:	fc 91       	ld	r31, X
     cf6:	80 81       	ld	r24, Z
     cf8:	8f 5f       	subi	r24, 0xFF	; 255
     cfa:	80 83       	st	Z, r24
     cfc:	50 e0       	ldi	r21, 0x00	; 0
     cfe:	40 e0       	ldi	r20, 0x00	; 0
     d00:	8d e7       	ldi	r24, 0x7D	; 125
     d02:	91 e0       	ldi	r25, 0x01	; 1
     d04:	0c 94 0b 07 	jmp	0xe16	; 0xe16 <osEE_scheduler_task_set_running>

00000d08 <osEE_scheduler_task_terminated>:
     d08:	af 92       	push	r10
     d0a:	bf 92       	push	r11
     d0c:	cf 92       	push	r12
     d0e:	df 92       	push	r13
     d10:	ef 92       	push	r14
     d12:	ff 92       	push	r15
     d14:	0f 93       	push	r16
     d16:	1f 93       	push	r17
     d18:	cf 93       	push	r28
     d1a:	df 93       	push	r29
     d1c:	c0 91 87 01 	lds	r28, 0x0187	; 0x800187 <osEE_cdb_var>
     d20:	d0 91 88 01 	lds	r29, 0x0188	; 0x800188 <osEE_cdb_var+0x1>
     d24:	fe 01       	movw	r30, r28
     d26:	e1 90       	ld	r14, Z+
     d28:	f1 90       	ld	r15, Z+
     d2a:	6f 01       	movw	r12, r30
     d2c:	f7 01       	movw	r30, r14
     d2e:	04 81       	ldd	r16, Z+4	; 0x04
     d30:	15 81       	ldd	r17, Z+5	; 0x05
     d32:	fb 01       	movw	r30, r22
     d34:	f1 82       	std	Z+1, r15	; 0x01
     d36:	e0 82       	st	Z, r14
     d38:	f8 01       	movw	r30, r16
     d3a:	82 81       	ldd	r24, Z+2	; 0x02
     d3c:	93 81       	ldd	r25, Z+3	; 0x03
     d3e:	04 97       	sbiw	r24, 0x04	; 4
     d40:	31 f5       	brne	.+76     	; 0xd8e <osEE_scheduler_task_terminated+0x86>
     d42:	b6 01       	movw	r22, r12
     d44:	87 e8       	ldi	r24, 0x87	; 135
     d46:	91 e0       	ldi	r25, 0x01	; 1
     d48:	0e 94 2f 06 	call	0xc5e	; 0xc5e <osEE_scheduler_core_pop_running>
     d4c:	5c 01       	movw	r10, r24
     d4e:	c8 80       	ld	r12, Y
     d50:	d9 80       	ldd	r13, Y+1	; 0x01
     d52:	ec 14       	cp	r14, r12
     d54:	fd 04       	cpc	r15, r13
     d56:	b1 f0       	breq	.+44     	; 0xd84 <osEE_scheduler_task_terminated+0x7c>
     d58:	c7 01       	movw	r24, r14
     d5a:	0e 94 57 06 	call	0xcae	; 0xcae <osEE_task_end>
     d5e:	8c 81       	ldd	r24, Y+4	; 0x04
     d60:	9d 81       	ldd	r25, Y+5	; 0x05
     d62:	f5 01       	movw	r30, r10
     d64:	91 83       	std	Z+1, r25	; 0x01
     d66:	80 83       	st	Z, r24
     d68:	bd 82       	std	Y+5, r11	; 0x05
     d6a:	ac 82       	std	Y+4, r10	; 0x04
     d6c:	c6 01       	movw	r24, r12
     d6e:	df 91       	pop	r29
     d70:	cf 91       	pop	r28
     d72:	1f 91       	pop	r17
     d74:	0f 91       	pop	r16
     d76:	ff 90       	pop	r15
     d78:	ef 90       	pop	r14
     d7a:	df 90       	pop	r13
     d7c:	cf 90       	pop	r12
     d7e:	bf 90       	pop	r11
     d80:	af 90       	pop	r10
     d82:	08 95       	ret
     d84:	f8 01       	movw	r30, r16
     d86:	80 81       	ld	r24, Z
     d88:	81 50       	subi	r24, 0x01	; 1
     d8a:	80 83       	st	Z, r24
     d8c:	e8 cf       	rjmp	.-48     	; 0xd5e <osEE_scheduler_task_terminated+0x56>
     d8e:	6e 81       	ldd	r22, Y+6	; 0x06
     d90:	7f 81       	ldd	r23, Y+7	; 0x07
     d92:	fb 01       	movw	r30, r22
     d94:	80 81       	ld	r24, Z
     d96:	91 81       	ldd	r25, Z+1	; 0x01
     d98:	9f 83       	std	Y+7, r25	; 0x07
     d9a:	8e 83       	std	Y+6, r24	; 0x06
     d9c:	f7 01       	movw	r30, r14
     d9e:	83 85       	ldd	r24, Z+11	; 0x0b
     da0:	f8 01       	movw	r30, r16
     da2:	81 83       	std	Z+1, r24	; 0x01
     da4:	81 e0       	ldi	r24, 0x01	; 1
     da6:	90 e0       	ldi	r25, 0x00	; 0
     da8:	93 83       	std	Z+3, r25	; 0x03
     daa:	82 83       	std	Z+2, r24	; 0x02
     dac:	80 81       	ld	r24, Z
     dae:	81 30       	cpi	r24, 0x01	; 1
     db0:	11 f4       	brne	.+4      	; 0xdb6 <osEE_scheduler_task_terminated+0xae>
     db2:	11 86       	std	Z+9, r1	; 0x09
     db4:	10 86       	std	Z+8, r1	; 0x08
     db6:	a7 01       	movw	r20, r14
     db8:	c6 01       	movw	r24, r12
     dba:	0e 94 28 06 	call	0xc50	; 0xc50 <osEE_scheduler_rq_insert>
     dbe:	b6 01       	movw	r22, r12
     dc0:	87 e8       	ldi	r24, 0x87	; 135
     dc2:	91 e0       	ldi	r25, 0x01	; 1
     dc4:	0e 94 97 05 	call	0xb2e	; 0xb2e <osEE_scheduler_core_rq_preempt_stk>
     dc8:	89 2b       	or	r24, r25
     dca:	39 f4       	brne	.+14     	; 0xdda <osEE_scheduler_task_terminated+0xd2>
     dcc:	ee 81       	ldd	r30, Y+6	; 0x06
     dce:	ff 81       	ldd	r31, Y+7	; 0x07
     dd0:	c2 80       	ldd	r12, Z+2	; 0x02
     dd2:	d3 80       	ldd	r13, Z+3	; 0x03
     dd4:	d9 82       	std	Y+1, r13	; 0x01
     dd6:	c8 82       	st	Y, r12
     dd8:	c9 cf       	rjmp	.-110    	; 0xd6c <osEE_scheduler_task_terminated+0x64>
     dda:	c8 80       	ld	r12, Y
     ddc:	d9 80       	ldd	r13, Y+1	; 0x01
     dde:	c6 cf       	rjmp	.-116    	; 0xd6c <osEE_scheduler_task_terminated+0x64>

00000de0 <osEE_scheduler_task_preemption_point>:
     de0:	cf 93       	push	r28
     de2:	df 93       	push	r29
     de4:	c0 91 87 01 	lds	r28, 0x0187	; 0x800187 <osEE_cdb_var>
     de8:	d0 91 88 01 	lds	r29, 0x0188	; 0x800188 <osEE_cdb_var+0x1>
     dec:	be 01       	movw	r22, r28
     dee:	6e 5f       	subi	r22, 0xFE	; 254
     df0:	7f 4f       	sbci	r23, 0xFF	; 255
     df2:	87 e8       	ldi	r24, 0x87	; 135
     df4:	91 e0       	ldi	r25, 0x01	; 1
     df6:	0e 94 97 05 	call	0xb2e	; 0xb2e <osEE_scheduler_core_rq_preempt_stk>
     dfa:	00 97       	sbiw	r24, 0x00	; 0
     dfc:	49 f0       	breq	.+18     	; 0xe10 <osEE_scheduler_task_preemption_point+0x30>
     dfe:	68 81       	ld	r22, Y
     e00:	79 81       	ldd	r23, Y+1	; 0x01
     e02:	0e 94 43 07 	call	0xe86	; 0xe86 <osEE_change_context_from_running>
     e06:	81 e0       	ldi	r24, 0x01	; 1
     e08:	90 e0       	ldi	r25, 0x00	; 0
     e0a:	df 91       	pop	r29
     e0c:	cf 91       	pop	r28
     e0e:	08 95       	ret
     e10:	90 e0       	ldi	r25, 0x00	; 0
     e12:	80 e0       	ldi	r24, 0x00	; 0
     e14:	fa cf       	rjmp	.-12     	; 0xe0a <osEE_scheduler_task_preemption_point+0x2a>

00000e16 <osEE_scheduler_task_set_running>:
     e16:	cf 93       	push	r28
     e18:	df 93       	push	r29
     e1a:	e0 91 87 01 	lds	r30, 0x0187	; 0x800187 <osEE_cdb_var>
     e1e:	f0 91 88 01 	lds	r31, 0x0188	; 0x800188 <osEE_cdb_var+0x1>
     e22:	80 81       	ld	r24, Z
     e24:	91 81       	ldd	r25, Z+1	; 0x01
     e26:	26 81       	ldd	r18, Z+6	; 0x06
     e28:	37 81       	ldd	r19, Z+7	; 0x07
     e2a:	ec 01       	movw	r28, r24
     e2c:	ac 81       	ldd	r26, Y+4	; 0x04
     e2e:	bd 81       	ldd	r27, Y+5	; 0x05
     e30:	12 96       	adiw	r26, 0x02	; 2
     e32:	cd 91       	ld	r28, X+
     e34:	dc 91       	ld	r29, X
     e36:	13 97       	sbiw	r26, 0x03	; 3
     e38:	24 97       	sbiw	r28, 0x04	; 4
     e3a:	31 f4       	brne	.+12     	; 0xe48 <osEE_scheduler_task_set_running+0x32>
     e3c:	c2 e0       	ldi	r28, 0x02	; 2
     e3e:	d0 e0       	ldi	r29, 0x00	; 0
     e40:	13 96       	adiw	r26, 0x03	; 3
     e42:	dc 93       	st	X, r29
     e44:	ce 93       	st	-X, r28
     e46:	12 97       	sbiw	r26, 0x02	; 2
     e48:	71 83       	std	Z+1, r23	; 0x01
     e4a:	60 83       	st	Z, r22
     e4c:	41 15       	cp	r20, r1
     e4e:	51 05       	cpc	r21, r1
     e50:	b9 f4       	brne	.+46     	; 0xe80 <osEE_scheduler_task_set_running+0x6a>
     e52:	a4 81       	ldd	r26, Z+4	; 0x04
     e54:	b5 81       	ldd	r27, Z+5	; 0x05
     e56:	4d 91       	ld	r20, X+
     e58:	5c 91       	ld	r21, X
     e5a:	11 97       	sbiw	r26, 0x01	; 1
     e5c:	55 83       	std	Z+5, r21	; 0x05
     e5e:	44 83       	std	Z+4, r20	; 0x04
     e60:	11 96       	adiw	r26, 0x01	; 1
     e62:	1c 92       	st	X, r1
     e64:	1e 92       	st	-X, r1
     e66:	b7 83       	std	Z+7, r27	; 0x07
     e68:	a6 83       	std	Z+6, r26	; 0x06
     e6a:	06 80       	ldd	r0, Z+6	; 0x06
     e6c:	f7 81       	ldd	r31, Z+7	; 0x07
     e6e:	e0 2d       	mov	r30, r0
     e70:	73 83       	std	Z+3, r23	; 0x03
     e72:	62 83       	std	Z+2, r22	; 0x02
     e74:	31 83       	std	Z+1, r19	; 0x01
     e76:	20 83       	st	Z, r18
     e78:	df 91       	pop	r29
     e7a:	cf 91       	pop	r28
     e7c:	0c 94 43 07 	jmp	0xe86	; 0xe86 <osEE_change_context_from_running>
     e80:	57 83       	std	Z+7, r21	; 0x07
     e82:	46 83       	std	Z+6, r20	; 0x06
     e84:	f2 cf       	rjmp	.-28     	; 0xe6a <osEE_scheduler_task_set_running+0x54>

00000e86 <osEE_change_context_from_running>:
     e86:	fb 01       	movw	r30, r22
     e88:	dc 01       	movw	r26, r24
     e8a:	12 96       	adiw	r26, 0x02	; 2
     e8c:	4d 91       	ld	r20, X+
     e8e:	5c 91       	ld	r21, X
     e90:	62 81       	ldd	r22, Z+2	; 0x02
     e92:	73 81       	ldd	r23, Z+3	; 0x03
     e94:	a4 81       	ldd	r26, Z+4	; 0x04
     e96:	b5 81       	ldd	r27, Z+5	; 0x05
     e98:	12 96       	adiw	r26, 0x02	; 2
     e9a:	8d 91       	ld	r24, X+
     e9c:	9c 91       	ld	r25, X
     e9e:	02 97       	sbiw	r24, 0x02	; 2
     ea0:	19 f4       	brne	.+6      	; 0xea8 <osEE_change_context_from_running+0x22>
     ea2:	cf 01       	movw	r24, r30
     ea4:	0c 94 60 00 	jmp	0xc0	; 0xc0 <osEE_hal_save_ctx_and_restore_ctx>
     ea8:	cf 01       	movw	r24, r30
     eaa:	0c 94 a8 00 	jmp	0x150	; 0x150 <osEE_hal_save_ctx_and_ready2stacked>

00000eae <osEE_change_context_from_task_end>:
     eae:	cb 01       	movw	r24, r22
     eb0:	db 01       	movw	r26, r22
     eb2:	12 96       	adiw	r26, 0x02	; 2
     eb4:	6d 91       	ld	r22, X+
     eb6:	7c 91       	ld	r23, X
     eb8:	13 97       	sbiw	r26, 0x03	; 3
     eba:	14 96       	adiw	r26, 0x04	; 4
     ebc:	ed 91       	ld	r30, X+
     ebe:	fc 91       	ld	r31, X
     ec0:	22 81       	ldd	r18, Z+2	; 0x02
     ec2:	33 81       	ldd	r19, Z+3	; 0x03
     ec4:	22 30       	cpi	r18, 0x02	; 2
     ec6:	31 05       	cpc	r19, r1
     ec8:	11 f4       	brne	.+4      	; 0xece <osEE_change_context_from_task_end+0x20>
     eca:	0c 94 80 00 	jmp	0x100	; 0x100 <osEE_hal_restore_ctx>
     ece:	0c 94 a0 00 	jmp	0x140	; 0x140 <osEE_hal_ready2stacked>

00000ed2 <osEE_idle_task_terminate>:
     ed2:	dc 01       	movw	r26, r24
     ed4:	12 96       	adiw	r26, 0x02	; 2
     ed6:	6d 91       	ld	r22, X+
     ed8:	7c 91       	ld	r23, X
     eda:	13 97       	sbiw	r26, 0x03	; 3
     edc:	ed 91       	ld	r30, X+
     ede:	fc 91       	ld	r31, X
     ee0:	40 81       	ld	r20, Z
     ee2:	51 81       	ldd	r21, Z+1	; 0x01
     ee4:	db 01       	movw	r26, r22
     ee6:	ed 91       	ld	r30, X+
     ee8:	fc 91       	ld	r31, X
     eea:	22 89       	ldd	r18, Z+18	; 0x12
     eec:	33 89       	ldd	r19, Z+19	; 0x13
     eee:	21 15       	cp	r18, r1
     ef0:	31 05       	cpc	r19, r1
     ef2:	19 f0       	breq	.+6      	; 0xefa <osEE_idle_task_terminate+0x28>
     ef4:	42 17       	cp	r20, r18
     ef6:	53 07       	cpc	r21, r19
     ef8:	29 f4       	brne	.+10     	; 0xf04 <osEE_idle_task_terminate+0x32>
     efa:	db 01       	movw	r26, r22
     efc:	ed 93       	st	X+, r30
     efe:	fc 93       	st	X, r31
     f00:	0c 94 80 00 	jmp	0x100	; 0x100 <osEE_hal_restore_ctx>
     f04:	f9 01       	movw	r30, r18
     f06:	f1 cf       	rjmp	.-30     	; 0xeea <osEE_idle_task_terminate+0x18>

00000f08 <osEE_scheduler_task_end>:
     f08:	cf 93       	push	r28
     f0a:	df 93       	push	r29
     f0c:	00 d0       	rcall	.+0      	; 0xf0e <osEE_scheduler_task_end+0x6>
     f0e:	cd b7       	in	r28, 0x3d	; 61
     f10:	de b7       	in	r29, 0x3e	; 62
     f12:	be 01       	movw	r22, r28
     f14:	6f 5f       	subi	r22, 0xFF	; 255
     f16:	7f 4f       	sbci	r23, 0xFF	; 255
     f18:	8d e7       	ldi	r24, 0x7D	; 125
     f1a:	91 e0       	ldi	r25, 0x01	; 1
     f1c:	0e 94 84 06 	call	0xd08	; 0xd08 <osEE_scheduler_task_terminated>
     f20:	bc 01       	movw	r22, r24
     f22:	89 81       	ldd	r24, Y+1	; 0x01
     f24:	9a 81       	ldd	r25, Y+2	; 0x02
     f26:	0e 94 57 07 	call	0xeae	; 0xeae <osEE_change_context_from_task_end>
     f2a:	0f 90       	pop	r0
     f2c:	0f 90       	pop	r0
     f2e:	df 91       	pop	r29
     f30:	cf 91       	pop	r28
     f32:	08 95       	ret

00000f34 <__vector_default>:
     f34:	f8 94       	cli
     f36:	ff cf       	rjmp	.-2      	; 0xf36 <__vector_default+0x2>

00000f38 <osEE_atmega_intvect>:
     f38:	e4 e3       	ldi	r30, 0x34	; 52
     f3a:	08 95       	ret

00000f3c <__vector_11>:
     f3c:	8f 93       	push	r24
     f3e:	9f 93       	push	r25
     f40:	80 e0       	ldi	r24, 0x00	; 0
     f42:	0e 94 a6 07 	call	0xf4c	; 0xf4c <osEE_avr8_isr2_stub>
     f46:	9f 91       	pop	r25
     f48:	8f 91       	pop	r24
     f4a:	18 95       	reti

00000f4c <osEE_avr8_isr2_stub>:
     f4c:	1f 92       	push	r1
     f4e:	0f 92       	push	r0
     f50:	0f b6       	in	r0, 0x3f	; 63
     f52:	0f 92       	push	r0
     f54:	11 24       	eor	r1, r1
     f56:	2f 93       	push	r18
     f58:	3f 93       	push	r19
     f5a:	4f 93       	push	r20
     f5c:	5f 93       	push	r21
     f5e:	6f 93       	push	r22
     f60:	7f 93       	push	r23
     f62:	af 93       	push	r26
     f64:	bf 93       	push	r27
     f66:	ef 93       	push	r30
     f68:	ff 93       	push	r31
     f6a:	0e 94 6c 06 	call	0xcd8	; 0xcd8 <osEE_activate_isr2>
     f6e:	ff 91       	pop	r31
     f70:	ef 91       	pop	r30
     f72:	bf 91       	pop	r27
     f74:	af 91       	pop	r26
     f76:	7f 91       	pop	r23
     f78:	6f 91       	pop	r22
     f7a:	5f 91       	pop	r21
     f7c:	4f 91       	pop	r20
     f7e:	3f 91       	pop	r19
     f80:	2f 91       	pop	r18
     f82:	0f 90       	pop	r0
     f84:	0f be       	out	0x3f, r0	; 63
     f86:	0f 90       	pop	r0
     f88:	1f 90       	pop	r1
     f8a:	08 95       	ret

00000f8c <__udivmodsi4>:
     f8c:	a1 e2       	ldi	r26, 0x21	; 33
     f8e:	1a 2e       	mov	r1, r26
     f90:	aa 1b       	sub	r26, r26
     f92:	bb 1b       	sub	r27, r27
     f94:	fd 01       	movw	r30, r26
     f96:	0d c0       	rjmp	.+26     	; 0xfb2 <__udivmodsi4_ep>

00000f98 <__udivmodsi4_loop>:
     f98:	aa 1f       	adc	r26, r26
     f9a:	bb 1f       	adc	r27, r27
     f9c:	ee 1f       	adc	r30, r30
     f9e:	ff 1f       	adc	r31, r31
     fa0:	a2 17       	cp	r26, r18
     fa2:	b3 07       	cpc	r27, r19
     fa4:	e4 07       	cpc	r30, r20
     fa6:	f5 07       	cpc	r31, r21
     fa8:	20 f0       	brcs	.+8      	; 0xfb2 <__udivmodsi4_ep>
     faa:	a2 1b       	sub	r26, r18
     fac:	b3 0b       	sbc	r27, r19
     fae:	e4 0b       	sbc	r30, r20
     fb0:	f5 0b       	sbc	r31, r21

00000fb2 <__udivmodsi4_ep>:
     fb2:	66 1f       	adc	r22, r22
     fb4:	77 1f       	adc	r23, r23
     fb6:	88 1f       	adc	r24, r24
     fb8:	99 1f       	adc	r25, r25
     fba:	1a 94       	dec	r1
     fbc:	69 f7       	brne	.-38     	; 0xf98 <__udivmodsi4_loop>
     fbe:	60 95       	com	r22
     fc0:	70 95       	com	r23
     fc2:	80 95       	com	r24
     fc4:	90 95       	com	r25
     fc6:	9b 01       	movw	r18, r22
     fc8:	ac 01       	movw	r20, r24
     fca:	bd 01       	movw	r22, r26
     fcc:	cf 01       	movw	r24, r30
     fce:	08 95       	ret

00000fd0 <__tablejump2__>:
     fd0:	ee 0f       	add	r30, r30
     fd2:	ff 1f       	adc	r31, r31
     fd4:	05 90       	lpm	r0, Z+
     fd6:	f4 91       	lpm	r31, Z
     fd8:	e0 2d       	mov	r30, r0
     fda:	09 94       	ijmp

00000fdc <vsnprintf>:
     fdc:	ae e0       	ldi	r26, 0x0E	; 14
     fde:	b0 e0       	ldi	r27, 0x00	; 0
     fe0:	e4 ef       	ldi	r30, 0xF4	; 244
     fe2:	f7 e0       	ldi	r31, 0x07	; 7
     fe4:	0c 94 a6 0a 	jmp	0x154c	; 0x154c <__prologue_saves__+0x1c>
     fe8:	8c 01       	movw	r16, r24
     fea:	fa 01       	movw	r30, r20
     fec:	86 e0       	ldi	r24, 0x06	; 6
     fee:	8c 83       	std	Y+4, r24	; 0x04
     ff0:	1a 83       	std	Y+2, r17	; 0x02
     ff2:	09 83       	std	Y+1, r16	; 0x01
     ff4:	77 ff       	sbrs	r23, 7
     ff6:	02 c0       	rjmp	.+4      	; 0xffc <vsnprintf+0x20>
     ff8:	60 e0       	ldi	r22, 0x00	; 0
     ffa:	70 e8       	ldi	r23, 0x80	; 128
     ffc:	61 50       	subi	r22, 0x01	; 1
     ffe:	71 09       	sbc	r23, r1
    1000:	7e 83       	std	Y+6, r23	; 0x06
    1002:	6d 83       	std	Y+5, r22	; 0x05
    1004:	a9 01       	movw	r20, r18
    1006:	bf 01       	movw	r22, r30
    1008:	ce 01       	movw	r24, r28
    100a:	01 96       	adiw	r24, 0x01	; 1
    100c:	0e 94 1a 08 	call	0x1034	; 0x1034 <vfprintf>
    1010:	4d 81       	ldd	r20, Y+5	; 0x05
    1012:	5e 81       	ldd	r21, Y+6	; 0x06
    1014:	57 fd       	sbrc	r21, 7
    1016:	0a c0       	rjmp	.+20     	; 0x102c <vsnprintf+0x50>
    1018:	2f 81       	ldd	r18, Y+7	; 0x07
    101a:	38 85       	ldd	r19, Y+8	; 0x08
    101c:	42 17       	cp	r20, r18
    101e:	53 07       	cpc	r21, r19
    1020:	0c f4       	brge	.+2      	; 0x1024 <vsnprintf+0x48>
    1022:	9a 01       	movw	r18, r20
    1024:	02 0f       	add	r16, r18
    1026:	13 1f       	adc	r17, r19
    1028:	f8 01       	movw	r30, r16
    102a:	10 82       	st	Z, r1
    102c:	2e 96       	adiw	r28, 0x0e	; 14
    102e:	e4 e0       	ldi	r30, 0x04	; 4
    1030:	0c 94 c2 0a 	jmp	0x1584	; 0x1584 <__epilogue_restores__+0x1c>

00001034 <vfprintf>:
    1034:	ab e0       	ldi	r26, 0x0B	; 11
    1036:	b0 e0       	ldi	r27, 0x00	; 0
    1038:	e0 e2       	ldi	r30, 0x20	; 32
    103a:	f8 e0       	ldi	r31, 0x08	; 8
    103c:	0c 94 98 0a 	jmp	0x1530	; 0x1530 <__prologue_saves__>
    1040:	7c 01       	movw	r14, r24
    1042:	3b 01       	movw	r6, r22
    1044:	8a 01       	movw	r16, r20
    1046:	fc 01       	movw	r30, r24
    1048:	17 82       	std	Z+7, r1	; 0x07
    104a:	16 82       	std	Z+6, r1	; 0x06
    104c:	83 81       	ldd	r24, Z+3	; 0x03
    104e:	81 ff       	sbrs	r24, 1
    1050:	c8 c1       	rjmp	.+912    	; 0x13e2 <vfprintf+0x3ae>
    1052:	ce 01       	movw	r24, r28
    1054:	01 96       	adiw	r24, 0x01	; 1
    1056:	5c 01       	movw	r10, r24
    1058:	f7 01       	movw	r30, r14
    105a:	93 81       	ldd	r25, Z+3	; 0x03
    105c:	f3 01       	movw	r30, r6
    105e:	93 fd       	sbrc	r25, 3
    1060:	85 91       	lpm	r24, Z+
    1062:	93 ff       	sbrs	r25, 3
    1064:	81 91       	ld	r24, Z+
    1066:	3f 01       	movw	r6, r30
    1068:	88 23       	and	r24, r24
    106a:	09 f4       	brne	.+2      	; 0x106e <vfprintf+0x3a>
    106c:	53 c1       	rjmp	.+678    	; 0x1314 <vfprintf+0x2e0>
    106e:	85 32       	cpi	r24, 0x25	; 37
    1070:	39 f4       	brne	.+14     	; 0x1080 <vfprintf+0x4c>
    1072:	93 fd       	sbrc	r25, 3
    1074:	85 91       	lpm	r24, Z+
    1076:	93 ff       	sbrs	r25, 3
    1078:	81 91       	ld	r24, Z+
    107a:	3f 01       	movw	r6, r30
    107c:	85 32       	cpi	r24, 0x25	; 37
    107e:	29 f4       	brne	.+10     	; 0x108a <vfprintf+0x56>
    1080:	b7 01       	movw	r22, r14
    1082:	90 e0       	ldi	r25, 0x00	; 0
    1084:	0e 94 0a 0a 	call	0x1414	; 0x1414 <fputc>
    1088:	e7 cf       	rjmp	.-50     	; 0x1058 <vfprintf+0x24>
    108a:	91 2c       	mov	r9, r1
    108c:	21 2c       	mov	r2, r1
    108e:	31 2c       	mov	r3, r1
    1090:	ff e1       	ldi	r31, 0x1F	; 31
    1092:	f3 15       	cp	r31, r3
    1094:	38 f0       	brcs	.+14     	; 0x10a4 <vfprintf+0x70>
    1096:	8b 32       	cpi	r24, 0x2B	; 43
    1098:	11 f1       	breq	.+68     	; 0x10de <vfprintf+0xaa>
    109a:	90 f4       	brcc	.+36     	; 0x10c0 <vfprintf+0x8c>
    109c:	80 32       	cpi	r24, 0x20	; 32
    109e:	09 f1       	breq	.+66     	; 0x10e2 <vfprintf+0xae>
    10a0:	83 32       	cpi	r24, 0x23	; 35
    10a2:	29 f1       	breq	.+74     	; 0x10ee <vfprintf+0xba>
    10a4:	37 fc       	sbrc	r3, 7
    10a6:	3c c0       	rjmp	.+120    	; 0x1120 <vfprintf+0xec>
    10a8:	20 ed       	ldi	r18, 0xD0	; 208
    10aa:	28 0f       	add	r18, r24
    10ac:	2a 30       	cpi	r18, 0x0A	; 10
    10ae:	50 f5       	brcc	.+84     	; 0x1104 <vfprintf+0xd0>
    10b0:	36 fe       	sbrs	r3, 6
    10b2:	20 c0       	rjmp	.+64     	; 0x10f4 <vfprintf+0xc0>
    10b4:	8a e0       	ldi	r24, 0x0A	; 10
    10b6:	98 9e       	mul	r9, r24
    10b8:	20 0d       	add	r18, r0
    10ba:	11 24       	eor	r1, r1
    10bc:	92 2e       	mov	r9, r18
    10be:	06 c0       	rjmp	.+12     	; 0x10cc <vfprintf+0x98>
    10c0:	8d 32       	cpi	r24, 0x2D	; 45
    10c2:	91 f0       	breq	.+36     	; 0x10e8 <vfprintf+0xb4>
    10c4:	80 33       	cpi	r24, 0x30	; 48
    10c6:	71 f7       	brne	.-36     	; 0x10a4 <vfprintf+0x70>
    10c8:	68 94       	set
    10ca:	30 f8       	bld	r3, 0
    10cc:	f3 01       	movw	r30, r6
    10ce:	93 fd       	sbrc	r25, 3
    10d0:	85 91       	lpm	r24, Z+
    10d2:	93 ff       	sbrs	r25, 3
    10d4:	81 91       	ld	r24, Z+
    10d6:	3f 01       	movw	r6, r30
    10d8:	81 11       	cpse	r24, r1
    10da:	da cf       	rjmp	.-76     	; 0x1090 <vfprintf+0x5c>
    10dc:	21 c0       	rjmp	.+66     	; 0x1120 <vfprintf+0xec>
    10de:	68 94       	set
    10e0:	31 f8       	bld	r3, 1
    10e2:	68 94       	set
    10e4:	32 f8       	bld	r3, 2
    10e6:	f2 cf       	rjmp	.-28     	; 0x10cc <vfprintf+0x98>
    10e8:	68 94       	set
    10ea:	33 f8       	bld	r3, 3
    10ec:	ef cf       	rjmp	.-34     	; 0x10cc <vfprintf+0x98>
    10ee:	68 94       	set
    10f0:	34 f8       	bld	r3, 4
    10f2:	ec cf       	rjmp	.-40     	; 0x10cc <vfprintf+0x98>
    10f4:	ea e0       	ldi	r30, 0x0A	; 10
    10f6:	2e 9e       	mul	r2, r30
    10f8:	20 0d       	add	r18, r0
    10fa:	11 24       	eor	r1, r1
    10fc:	22 2e       	mov	r2, r18
    10fe:	68 94       	set
    1100:	35 f8       	bld	r3, 5
    1102:	e4 cf       	rjmp	.-56     	; 0x10cc <vfprintf+0x98>
    1104:	8e 32       	cpi	r24, 0x2E	; 46
    1106:	29 f4       	brne	.+10     	; 0x1112 <vfprintf+0xde>
    1108:	36 fc       	sbrc	r3, 6
    110a:	04 c1       	rjmp	.+520    	; 0x1314 <vfprintf+0x2e0>
    110c:	68 94       	set
    110e:	36 f8       	bld	r3, 6
    1110:	dd cf       	rjmp	.-70     	; 0x10cc <vfprintf+0x98>
    1112:	8c 36       	cpi	r24, 0x6C	; 108
    1114:	19 f4       	brne	.+6      	; 0x111c <vfprintf+0xe8>
    1116:	68 94       	set
    1118:	37 f8       	bld	r3, 7
    111a:	d8 cf       	rjmp	.-80     	; 0x10cc <vfprintf+0x98>
    111c:	88 36       	cpi	r24, 0x68	; 104
    111e:	b1 f2       	breq	.-84     	; 0x10cc <vfprintf+0x98>
    1120:	98 2f       	mov	r25, r24
    1122:	9f 7d       	andi	r25, 0xDF	; 223
    1124:	95 54       	subi	r25, 0x45	; 69
    1126:	93 30       	cpi	r25, 0x03	; 3
    1128:	e0 f0       	brcs	.+56     	; 0x1162 <vfprintf+0x12e>
    112a:	83 36       	cpi	r24, 0x63	; 99
    112c:	a1 f1       	breq	.+104    	; 0x1196 <vfprintf+0x162>
    112e:	83 37       	cpi	r24, 0x73	; 115
    1130:	c1 f1       	breq	.+112    	; 0x11a2 <vfprintf+0x16e>
    1132:	83 35       	cpi	r24, 0x53	; 83
    1134:	09 f0       	breq	.+2      	; 0x1138 <vfprintf+0x104>
    1136:	63 c0       	rjmp	.+198    	; 0x11fe <vfprintf+0x1ca>
    1138:	28 01       	movw	r4, r16
    113a:	f2 e0       	ldi	r31, 0x02	; 2
    113c:	4f 0e       	add	r4, r31
    113e:	51 1c       	adc	r5, r1
    1140:	f8 01       	movw	r30, r16
    1142:	c0 80       	ld	r12, Z
    1144:	d1 80       	ldd	r13, Z+1	; 0x01
    1146:	69 2d       	mov	r22, r9
    1148:	70 e0       	ldi	r23, 0x00	; 0
    114a:	36 fc       	sbrc	r3, 6
    114c:	02 c0       	rjmp	.+4      	; 0x1152 <vfprintf+0x11e>
    114e:	6f ef       	ldi	r22, 0xFF	; 255
    1150:	7f ef       	ldi	r23, 0xFF	; 255
    1152:	c6 01       	movw	r24, r12
    1154:	0e 94 f4 09 	call	0x13e8	; 0x13e8 <strnlen_P>
    1158:	4c 01       	movw	r8, r24
    115a:	68 94       	set
    115c:	37 f8       	bld	r3, 7
    115e:	82 01       	movw	r16, r4
    1160:	0a c0       	rjmp	.+20     	; 0x1176 <vfprintf+0x142>
    1162:	0c 5f       	subi	r16, 0xFC	; 252
    1164:	1f 4f       	sbci	r17, 0xFF	; 255
    1166:	ff e3       	ldi	r31, 0x3F	; 63
    1168:	f9 83       	std	Y+1, r31	; 0x01
    116a:	88 24       	eor	r8, r8
    116c:	83 94       	inc	r8
    116e:	91 2c       	mov	r9, r1
    1170:	65 01       	movw	r12, r10
    1172:	e8 94       	clt
    1174:	37 f8       	bld	r3, 7
    1176:	33 fe       	sbrs	r3, 3
    1178:	2d c0       	rjmp	.+90     	; 0x11d4 <vfprintf+0x1a0>
    117a:	52 2c       	mov	r5, r2
    117c:	81 14       	cp	r8, r1
    117e:	91 04       	cpc	r9, r1
    1180:	71 f5       	brne	.+92     	; 0x11de <vfprintf+0x1aa>
    1182:	55 20       	and	r5, r5
    1184:	09 f4       	brne	.+2      	; 0x1188 <vfprintf+0x154>
    1186:	68 cf       	rjmp	.-304    	; 0x1058 <vfprintf+0x24>
    1188:	b7 01       	movw	r22, r14
    118a:	80 e2       	ldi	r24, 0x20	; 32
    118c:	90 e0       	ldi	r25, 0x00	; 0
    118e:	0e 94 0a 0a 	call	0x1414	; 0x1414 <fputc>
    1192:	5a 94       	dec	r5
    1194:	f6 cf       	rjmp	.-20     	; 0x1182 <vfprintf+0x14e>
    1196:	f8 01       	movw	r30, r16
    1198:	80 81       	ld	r24, Z
    119a:	89 83       	std	Y+1, r24	; 0x01
    119c:	0e 5f       	subi	r16, 0xFE	; 254
    119e:	1f 4f       	sbci	r17, 0xFF	; 255
    11a0:	e4 cf       	rjmp	.-56     	; 0x116a <vfprintf+0x136>
    11a2:	28 01       	movw	r4, r16
    11a4:	f2 e0       	ldi	r31, 0x02	; 2
    11a6:	4f 0e       	add	r4, r31
    11a8:	51 1c       	adc	r5, r1
    11aa:	f8 01       	movw	r30, r16
    11ac:	c0 80       	ld	r12, Z
    11ae:	d1 80       	ldd	r13, Z+1	; 0x01
    11b0:	69 2d       	mov	r22, r9
    11b2:	70 e0       	ldi	r23, 0x00	; 0
    11b4:	36 fc       	sbrc	r3, 6
    11b6:	02 c0       	rjmp	.+4      	; 0x11bc <vfprintf+0x188>
    11b8:	6f ef       	ldi	r22, 0xFF	; 255
    11ba:	7f ef       	ldi	r23, 0xFF	; 255
    11bc:	c6 01       	movw	r24, r12
    11be:	0e 94 ff 09 	call	0x13fe	; 0x13fe <strnlen>
    11c2:	4c 01       	movw	r8, r24
    11c4:	82 01       	movw	r16, r4
    11c6:	d5 cf       	rjmp	.-86     	; 0x1172 <vfprintf+0x13e>
    11c8:	b7 01       	movw	r22, r14
    11ca:	80 e2       	ldi	r24, 0x20	; 32
    11cc:	90 e0       	ldi	r25, 0x00	; 0
    11ce:	0e 94 0a 0a 	call	0x1414	; 0x1414 <fputc>
    11d2:	2a 94       	dec	r2
    11d4:	28 14       	cp	r2, r8
    11d6:	19 04       	cpc	r1, r9
    11d8:	09 f0       	breq	.+2      	; 0x11dc <vfprintf+0x1a8>
    11da:	b0 f7       	brcc	.-20     	; 0x11c8 <vfprintf+0x194>
    11dc:	ce cf       	rjmp	.-100    	; 0x117a <vfprintf+0x146>
    11de:	f6 01       	movw	r30, r12
    11e0:	37 fc       	sbrc	r3, 7
    11e2:	85 91       	lpm	r24, Z+
    11e4:	37 fe       	sbrs	r3, 7
    11e6:	81 91       	ld	r24, Z+
    11e8:	6f 01       	movw	r12, r30
    11ea:	b7 01       	movw	r22, r14
    11ec:	90 e0       	ldi	r25, 0x00	; 0
    11ee:	0e 94 0a 0a 	call	0x1414	; 0x1414 <fputc>
    11f2:	51 10       	cpse	r5, r1
    11f4:	5a 94       	dec	r5
    11f6:	f1 e0       	ldi	r31, 0x01	; 1
    11f8:	8f 1a       	sub	r8, r31
    11fa:	91 08       	sbc	r9, r1
    11fc:	bf cf       	rjmp	.-130    	; 0x117c <vfprintf+0x148>
    11fe:	84 36       	cpi	r24, 0x64	; 100
    1200:	19 f0       	breq	.+6      	; 0x1208 <vfprintf+0x1d4>
    1202:	89 36       	cpi	r24, 0x69	; 105
    1204:	09 f0       	breq	.+2      	; 0x1208 <vfprintf+0x1d4>
    1206:	77 c0       	rjmp	.+238    	; 0x12f6 <vfprintf+0x2c2>
    1208:	f8 01       	movw	r30, r16
    120a:	37 fe       	sbrs	r3, 7
    120c:	6b c0       	rjmp	.+214    	; 0x12e4 <vfprintf+0x2b0>
    120e:	60 81       	ld	r22, Z
    1210:	71 81       	ldd	r23, Z+1	; 0x01
    1212:	82 81       	ldd	r24, Z+2	; 0x02
    1214:	93 81       	ldd	r25, Z+3	; 0x03
    1216:	0c 5f       	subi	r16, 0xFC	; 252
    1218:	1f 4f       	sbci	r17, 0xFF	; 255
    121a:	f3 2d       	mov	r31, r3
    121c:	ff 76       	andi	r31, 0x6F	; 111
    121e:	3f 2e       	mov	r3, r31
    1220:	97 ff       	sbrs	r25, 7
    1222:	09 c0       	rjmp	.+18     	; 0x1236 <vfprintf+0x202>
    1224:	90 95       	com	r25
    1226:	80 95       	com	r24
    1228:	70 95       	com	r23
    122a:	61 95       	neg	r22
    122c:	7f 4f       	sbci	r23, 0xFF	; 255
    122e:	8f 4f       	sbci	r24, 0xFF	; 255
    1230:	9f 4f       	sbci	r25, 0xFF	; 255
    1232:	68 94       	set
    1234:	37 f8       	bld	r3, 7
    1236:	2a e0       	ldi	r18, 0x0A	; 10
    1238:	30 e0       	ldi	r19, 0x00	; 0
    123a:	a5 01       	movw	r20, r10
    123c:	0e 94 3a 0a 	call	0x1474	; 0x1474 <__ultoa_invert>
    1240:	c8 2e       	mov	r12, r24
    1242:	ca 18       	sub	r12, r10
    1244:	8c 2c       	mov	r8, r12
    1246:	43 2c       	mov	r4, r3
    1248:	36 fe       	sbrs	r3, 6
    124a:	0c c0       	rjmp	.+24     	; 0x1264 <vfprintf+0x230>
    124c:	e8 94       	clt
    124e:	40 f8       	bld	r4, 0
    1250:	c9 14       	cp	r12, r9
    1252:	40 f4       	brcc	.+16     	; 0x1264 <vfprintf+0x230>
    1254:	34 fe       	sbrs	r3, 4
    1256:	05 c0       	rjmp	.+10     	; 0x1262 <vfprintf+0x22e>
    1258:	32 fc       	sbrc	r3, 2
    125a:	03 c0       	rjmp	.+6      	; 0x1262 <vfprintf+0x22e>
    125c:	f3 2d       	mov	r31, r3
    125e:	fe 7e       	andi	r31, 0xEE	; 238
    1260:	4f 2e       	mov	r4, r31
    1262:	89 2c       	mov	r8, r9
    1264:	44 fe       	sbrs	r4, 4
    1266:	95 c0       	rjmp	.+298    	; 0x1392 <vfprintf+0x35e>
    1268:	fe 01       	movw	r30, r28
    126a:	ec 0d       	add	r30, r12
    126c:	f1 1d       	adc	r31, r1
    126e:	80 81       	ld	r24, Z
    1270:	80 33       	cpi	r24, 0x30	; 48
    1272:	09 f0       	breq	.+2      	; 0x1276 <vfprintf+0x242>
    1274:	87 c0       	rjmp	.+270    	; 0x1384 <vfprintf+0x350>
    1276:	24 2d       	mov	r18, r4
    1278:	29 7e       	andi	r18, 0xE9	; 233
    127a:	42 2e       	mov	r4, r18
    127c:	84 2d       	mov	r24, r4
    127e:	88 70       	andi	r24, 0x08	; 8
    1280:	58 2e       	mov	r5, r24
    1282:	43 fc       	sbrc	r4, 3
    1284:	95 c0       	rjmp	.+298    	; 0x13b0 <vfprintf+0x37c>
    1286:	40 fe       	sbrs	r4, 0
    1288:	8f c0       	rjmp	.+286    	; 0x13a8 <vfprintf+0x374>
    128a:	9c 2c       	mov	r9, r12
    128c:	82 14       	cp	r8, r2
    128e:	18 f4       	brcc	.+6      	; 0x1296 <vfprintf+0x262>
    1290:	2c 0c       	add	r2, r12
    1292:	92 2c       	mov	r9, r2
    1294:	98 18       	sub	r9, r8
    1296:	44 fe       	sbrs	r4, 4
    1298:	91 c0       	rjmp	.+290    	; 0x13bc <vfprintf+0x388>
    129a:	b7 01       	movw	r22, r14
    129c:	80 e3       	ldi	r24, 0x30	; 48
    129e:	90 e0       	ldi	r25, 0x00	; 0
    12a0:	0e 94 0a 0a 	call	0x1414	; 0x1414 <fputc>
    12a4:	42 fe       	sbrs	r4, 2
    12a6:	09 c0       	rjmp	.+18     	; 0x12ba <vfprintf+0x286>
    12a8:	88 e7       	ldi	r24, 0x78	; 120
    12aa:	90 e0       	ldi	r25, 0x00	; 0
    12ac:	41 fe       	sbrs	r4, 1
    12ae:	02 c0       	rjmp	.+4      	; 0x12b4 <vfprintf+0x280>
    12b0:	88 e5       	ldi	r24, 0x58	; 88
    12b2:	90 e0       	ldi	r25, 0x00	; 0
    12b4:	b7 01       	movw	r22, r14
    12b6:	0e 94 0a 0a 	call	0x1414	; 0x1414 <fputc>
    12ba:	c9 14       	cp	r12, r9
    12bc:	08 f4       	brcc	.+2      	; 0x12c0 <vfprintf+0x28c>
    12be:	8a c0       	rjmp	.+276    	; 0x13d4 <vfprintf+0x3a0>
    12c0:	ca 94       	dec	r12
    12c2:	d1 2c       	mov	r13, r1
    12c4:	9f ef       	ldi	r25, 0xFF	; 255
    12c6:	c9 1a       	sub	r12, r25
    12c8:	d9 0a       	sbc	r13, r25
    12ca:	ca 0c       	add	r12, r10
    12cc:	db 1c       	adc	r13, r11
    12ce:	f6 01       	movw	r30, r12
    12d0:	82 91       	ld	r24, -Z
    12d2:	6f 01       	movw	r12, r30
    12d4:	b7 01       	movw	r22, r14
    12d6:	90 e0       	ldi	r25, 0x00	; 0
    12d8:	0e 94 0a 0a 	call	0x1414	; 0x1414 <fputc>
    12dc:	ac 14       	cp	r10, r12
    12de:	bd 04       	cpc	r11, r13
    12e0:	b1 f7       	brne	.-20     	; 0x12ce <vfprintf+0x29a>
    12e2:	4f cf       	rjmp	.-354    	; 0x1182 <vfprintf+0x14e>
    12e4:	60 81       	ld	r22, Z
    12e6:	71 81       	ldd	r23, Z+1	; 0x01
    12e8:	07 2e       	mov	r0, r23
    12ea:	00 0c       	add	r0, r0
    12ec:	88 0b       	sbc	r24, r24
    12ee:	99 0b       	sbc	r25, r25
    12f0:	0e 5f       	subi	r16, 0xFE	; 254
    12f2:	1f 4f       	sbci	r17, 0xFF	; 255
    12f4:	92 cf       	rjmp	.-220    	; 0x121a <vfprintf+0x1e6>
    12f6:	d3 2c       	mov	r13, r3
    12f8:	e8 94       	clt
    12fa:	d4 f8       	bld	r13, 4
    12fc:	2a e0       	ldi	r18, 0x0A	; 10
    12fe:	30 e0       	ldi	r19, 0x00	; 0
    1300:	85 37       	cpi	r24, 0x75	; 117
    1302:	39 f1       	breq	.+78     	; 0x1352 <vfprintf+0x31e>
    1304:	23 2d       	mov	r18, r3
    1306:	29 7f       	andi	r18, 0xF9	; 249
    1308:	d2 2e       	mov	r13, r18
    130a:	8f 36       	cpi	r24, 0x6F	; 111
    130c:	01 f1       	breq	.+64     	; 0x134e <vfprintf+0x31a>
    130e:	48 f4       	brcc	.+18     	; 0x1322 <vfprintf+0x2ee>
    1310:	88 35       	cpi	r24, 0x58	; 88
    1312:	a9 f0       	breq	.+42     	; 0x133e <vfprintf+0x30a>
    1314:	f7 01       	movw	r30, r14
    1316:	86 81       	ldd	r24, Z+6	; 0x06
    1318:	97 81       	ldd	r25, Z+7	; 0x07
    131a:	2b 96       	adiw	r28, 0x0b	; 11
    131c:	e2 e1       	ldi	r30, 0x12	; 18
    131e:	0c 94 b4 0a 	jmp	0x1568	; 0x1568 <__epilogue_restores__>
    1322:	80 37       	cpi	r24, 0x70	; 112
    1324:	49 f0       	breq	.+18     	; 0x1338 <vfprintf+0x304>
    1326:	88 37       	cpi	r24, 0x78	; 120
    1328:	a9 f7       	brne	.-22     	; 0x1314 <vfprintf+0x2e0>
    132a:	d4 fe       	sbrs	r13, 4
    132c:	02 c0       	rjmp	.+4      	; 0x1332 <vfprintf+0x2fe>
    132e:	68 94       	set
    1330:	d2 f8       	bld	r13, 2
    1332:	20 e1       	ldi	r18, 0x10	; 16
    1334:	30 e0       	ldi	r19, 0x00	; 0
    1336:	0d c0       	rjmp	.+26     	; 0x1352 <vfprintf+0x31e>
    1338:	68 94       	set
    133a:	d4 f8       	bld	r13, 4
    133c:	f6 cf       	rjmp	.-20     	; 0x132a <vfprintf+0x2f6>
    133e:	34 fe       	sbrs	r3, 4
    1340:	03 c0       	rjmp	.+6      	; 0x1348 <vfprintf+0x314>
    1342:	82 2f       	mov	r24, r18
    1344:	86 60       	ori	r24, 0x06	; 6
    1346:	d8 2e       	mov	r13, r24
    1348:	20 e1       	ldi	r18, 0x10	; 16
    134a:	32 e0       	ldi	r19, 0x02	; 2
    134c:	02 c0       	rjmp	.+4      	; 0x1352 <vfprintf+0x31e>
    134e:	28 e0       	ldi	r18, 0x08	; 8
    1350:	30 e0       	ldi	r19, 0x00	; 0
    1352:	f8 01       	movw	r30, r16
    1354:	d7 fe       	sbrs	r13, 7
    1356:	0f c0       	rjmp	.+30     	; 0x1376 <vfprintf+0x342>
    1358:	60 81       	ld	r22, Z
    135a:	71 81       	ldd	r23, Z+1	; 0x01
    135c:	82 81       	ldd	r24, Z+2	; 0x02
    135e:	93 81       	ldd	r25, Z+3	; 0x03
    1360:	0c 5f       	subi	r16, 0xFC	; 252
    1362:	1f 4f       	sbci	r17, 0xFF	; 255
    1364:	a5 01       	movw	r20, r10
    1366:	0e 94 3a 0a 	call	0x1474	; 0x1474 <__ultoa_invert>
    136a:	c8 2e       	mov	r12, r24
    136c:	ca 18       	sub	r12, r10
    136e:	3d 2c       	mov	r3, r13
    1370:	e8 94       	clt
    1372:	37 f8       	bld	r3, 7
    1374:	67 cf       	rjmp	.-306    	; 0x1244 <vfprintf+0x210>
    1376:	60 81       	ld	r22, Z
    1378:	71 81       	ldd	r23, Z+1	; 0x01
    137a:	90 e0       	ldi	r25, 0x00	; 0
    137c:	80 e0       	ldi	r24, 0x00	; 0
    137e:	0e 5f       	subi	r16, 0xFE	; 254
    1380:	1f 4f       	sbci	r17, 0xFF	; 255
    1382:	f0 cf       	rjmp	.-32     	; 0x1364 <vfprintf+0x330>
    1384:	42 fc       	sbrc	r4, 2
    1386:	02 c0       	rjmp	.+4      	; 0x138c <vfprintf+0x358>
    1388:	83 94       	inc	r8
    138a:	78 cf       	rjmp	.-272    	; 0x127c <vfprintf+0x248>
    138c:	83 94       	inc	r8
    138e:	83 94       	inc	r8
    1390:	75 cf       	rjmp	.-278    	; 0x127c <vfprintf+0x248>
    1392:	84 2d       	mov	r24, r4
    1394:	86 78       	andi	r24, 0x86	; 134
    1396:	09 f4       	brne	.+2      	; 0x139a <vfprintf+0x366>
    1398:	71 cf       	rjmp	.-286    	; 0x127c <vfprintf+0x248>
    139a:	f6 cf       	rjmp	.-20     	; 0x1388 <vfprintf+0x354>
    139c:	b7 01       	movw	r22, r14
    139e:	80 e2       	ldi	r24, 0x20	; 32
    13a0:	90 e0       	ldi	r25, 0x00	; 0
    13a2:	0e 94 0a 0a 	call	0x1414	; 0x1414 <fputc>
    13a6:	83 94       	inc	r8
    13a8:	82 14       	cp	r8, r2
    13aa:	c0 f3       	brcs	.-16     	; 0x139c <vfprintf+0x368>
    13ac:	51 2c       	mov	r5, r1
    13ae:	73 cf       	rjmp	.-282    	; 0x1296 <vfprintf+0x262>
    13b0:	52 2c       	mov	r5, r2
    13b2:	58 18       	sub	r5, r8
    13b4:	82 14       	cp	r8, r2
    13b6:	08 f4       	brcc	.+2      	; 0x13ba <vfprintf+0x386>
    13b8:	6e cf       	rjmp	.-292    	; 0x1296 <vfprintf+0x262>
    13ba:	f8 cf       	rjmp	.-16     	; 0x13ac <vfprintf+0x378>
    13bc:	84 2d       	mov	r24, r4
    13be:	86 78       	andi	r24, 0x86	; 134
    13c0:	09 f4       	brne	.+2      	; 0x13c4 <vfprintf+0x390>
    13c2:	7b cf       	rjmp	.-266    	; 0x12ba <vfprintf+0x286>
    13c4:	8b e2       	ldi	r24, 0x2B	; 43
    13c6:	41 fe       	sbrs	r4, 1
    13c8:	80 e2       	ldi	r24, 0x20	; 32
    13ca:	47 fc       	sbrc	r4, 7
    13cc:	8d e2       	ldi	r24, 0x2D	; 45
    13ce:	b7 01       	movw	r22, r14
    13d0:	90 e0       	ldi	r25, 0x00	; 0
    13d2:	71 cf       	rjmp	.-286    	; 0x12b6 <vfprintf+0x282>
    13d4:	b7 01       	movw	r22, r14
    13d6:	80 e3       	ldi	r24, 0x30	; 48
    13d8:	90 e0       	ldi	r25, 0x00	; 0
    13da:	0e 94 0a 0a 	call	0x1414	; 0x1414 <fputc>
    13de:	9a 94       	dec	r9
    13e0:	6c cf       	rjmp	.-296    	; 0x12ba <vfprintf+0x286>
    13e2:	8f ef       	ldi	r24, 0xFF	; 255
    13e4:	9f ef       	ldi	r25, 0xFF	; 255
    13e6:	99 cf       	rjmp	.-206    	; 0x131a <vfprintf+0x2e6>

000013e8 <strnlen_P>:
    13e8:	fc 01       	movw	r30, r24
    13ea:	05 90       	lpm	r0, Z+
    13ec:	61 50       	subi	r22, 0x01	; 1
    13ee:	70 40       	sbci	r23, 0x00	; 0
    13f0:	01 10       	cpse	r0, r1
    13f2:	d8 f7       	brcc	.-10     	; 0x13ea <strnlen_P+0x2>
    13f4:	80 95       	com	r24
    13f6:	90 95       	com	r25
    13f8:	8e 0f       	add	r24, r30
    13fa:	9f 1f       	adc	r25, r31
    13fc:	08 95       	ret

000013fe <strnlen>:
    13fe:	fc 01       	movw	r30, r24
    1400:	61 50       	subi	r22, 0x01	; 1
    1402:	70 40       	sbci	r23, 0x00	; 0
    1404:	01 90       	ld	r0, Z+
    1406:	01 10       	cpse	r0, r1
    1408:	d8 f7       	brcc	.-10     	; 0x1400 <strnlen+0x2>
    140a:	80 95       	com	r24
    140c:	90 95       	com	r25
    140e:	8e 0f       	add	r24, r30
    1410:	9f 1f       	adc	r25, r31
    1412:	08 95       	ret

00001414 <fputc>:
    1414:	0f 93       	push	r16
    1416:	1f 93       	push	r17
    1418:	cf 93       	push	r28
    141a:	df 93       	push	r29
    141c:	18 2f       	mov	r17, r24
    141e:	09 2f       	mov	r16, r25
    1420:	eb 01       	movw	r28, r22
    1422:	8b 81       	ldd	r24, Y+3	; 0x03
    1424:	81 fd       	sbrc	r24, 1
    1426:	09 c0       	rjmp	.+18     	; 0x143a <fputc+0x26>
    1428:	1f ef       	ldi	r17, 0xFF	; 255
    142a:	0f ef       	ldi	r16, 0xFF	; 255
    142c:	81 2f       	mov	r24, r17
    142e:	90 2f       	mov	r25, r16
    1430:	df 91       	pop	r29
    1432:	cf 91       	pop	r28
    1434:	1f 91       	pop	r17
    1436:	0f 91       	pop	r16
    1438:	08 95       	ret
    143a:	82 ff       	sbrs	r24, 2
    143c:	14 c0       	rjmp	.+40     	; 0x1466 <fputc+0x52>
    143e:	2e 81       	ldd	r18, Y+6	; 0x06
    1440:	3f 81       	ldd	r19, Y+7	; 0x07
    1442:	8c 81       	ldd	r24, Y+4	; 0x04
    1444:	9d 81       	ldd	r25, Y+5	; 0x05
    1446:	28 17       	cp	r18, r24
    1448:	39 07       	cpc	r19, r25
    144a:	3c f4       	brge	.+14     	; 0x145a <fputc+0x46>
    144c:	e8 81       	ld	r30, Y
    144e:	f9 81       	ldd	r31, Y+1	; 0x01
    1450:	cf 01       	movw	r24, r30
    1452:	01 96       	adiw	r24, 0x01	; 1
    1454:	99 83       	std	Y+1, r25	; 0x01
    1456:	88 83       	st	Y, r24
    1458:	10 83       	st	Z, r17
    145a:	8e 81       	ldd	r24, Y+6	; 0x06
    145c:	9f 81       	ldd	r25, Y+7	; 0x07
    145e:	01 96       	adiw	r24, 0x01	; 1
    1460:	9f 83       	std	Y+7, r25	; 0x07
    1462:	8e 83       	std	Y+6, r24	; 0x06
    1464:	e3 cf       	rjmp	.-58     	; 0x142c <fputc+0x18>
    1466:	e8 85       	ldd	r30, Y+8	; 0x08
    1468:	f9 85       	ldd	r31, Y+9	; 0x09
    146a:	81 2f       	mov	r24, r17
    146c:	09 95       	icall
    146e:	89 2b       	or	r24, r25
    1470:	a1 f3       	breq	.-24     	; 0x145a <fputc+0x46>
    1472:	da cf       	rjmp	.-76     	; 0x1428 <fputc+0x14>

00001474 <__ultoa_invert>:
    1474:	fa 01       	movw	r30, r20
    1476:	aa 27       	eor	r26, r26
    1478:	28 30       	cpi	r18, 0x08	; 8
    147a:	51 f1       	breq	.+84     	; 0x14d0 <__ultoa_invert+0x5c>
    147c:	20 31       	cpi	r18, 0x10	; 16
    147e:	81 f1       	breq	.+96     	; 0x14e0 <__ultoa_invert+0x6c>
    1480:	e8 94       	clt
    1482:	6f 93       	push	r22
    1484:	6e 7f       	andi	r22, 0xFE	; 254
    1486:	6e 5f       	subi	r22, 0xFE	; 254
    1488:	7f 4f       	sbci	r23, 0xFF	; 255
    148a:	8f 4f       	sbci	r24, 0xFF	; 255
    148c:	9f 4f       	sbci	r25, 0xFF	; 255
    148e:	af 4f       	sbci	r26, 0xFF	; 255
    1490:	b1 e0       	ldi	r27, 0x01	; 1
    1492:	3e d0       	rcall	.+124    	; 0x1510 <__ultoa_invert+0x9c>
    1494:	b4 e0       	ldi	r27, 0x04	; 4
    1496:	3c d0       	rcall	.+120    	; 0x1510 <__ultoa_invert+0x9c>
    1498:	67 0f       	add	r22, r23
    149a:	78 1f       	adc	r23, r24
    149c:	89 1f       	adc	r24, r25
    149e:	9a 1f       	adc	r25, r26
    14a0:	a1 1d       	adc	r26, r1
    14a2:	68 0f       	add	r22, r24
    14a4:	79 1f       	adc	r23, r25
    14a6:	8a 1f       	adc	r24, r26
    14a8:	91 1d       	adc	r25, r1
    14aa:	a1 1d       	adc	r26, r1
    14ac:	6a 0f       	add	r22, r26
    14ae:	71 1d       	adc	r23, r1
    14b0:	81 1d       	adc	r24, r1
    14b2:	91 1d       	adc	r25, r1
    14b4:	a1 1d       	adc	r26, r1
    14b6:	20 d0       	rcall	.+64     	; 0x14f8 <__ultoa_invert+0x84>
    14b8:	09 f4       	brne	.+2      	; 0x14bc <__ultoa_invert+0x48>
    14ba:	68 94       	set
    14bc:	3f 91       	pop	r19
    14be:	2a e0       	ldi	r18, 0x0A	; 10
    14c0:	26 9f       	mul	r18, r22
    14c2:	11 24       	eor	r1, r1
    14c4:	30 19       	sub	r19, r0
    14c6:	30 5d       	subi	r19, 0xD0	; 208
    14c8:	31 93       	st	Z+, r19
    14ca:	de f6       	brtc	.-74     	; 0x1482 <__ultoa_invert+0xe>
    14cc:	cf 01       	movw	r24, r30
    14ce:	08 95       	ret
    14d0:	46 2f       	mov	r20, r22
    14d2:	47 70       	andi	r20, 0x07	; 7
    14d4:	40 5d       	subi	r20, 0xD0	; 208
    14d6:	41 93       	st	Z+, r20
    14d8:	b3 e0       	ldi	r27, 0x03	; 3
    14da:	0f d0       	rcall	.+30     	; 0x14fa <__ultoa_invert+0x86>
    14dc:	c9 f7       	brne	.-14     	; 0x14d0 <__ultoa_invert+0x5c>
    14de:	f6 cf       	rjmp	.-20     	; 0x14cc <__ultoa_invert+0x58>
    14e0:	46 2f       	mov	r20, r22
    14e2:	4f 70       	andi	r20, 0x0F	; 15
    14e4:	40 5d       	subi	r20, 0xD0	; 208
    14e6:	4a 33       	cpi	r20, 0x3A	; 58
    14e8:	18 f0       	brcs	.+6      	; 0x14f0 <__ultoa_invert+0x7c>
    14ea:	49 5d       	subi	r20, 0xD9	; 217
    14ec:	31 fd       	sbrc	r19, 1
    14ee:	40 52       	subi	r20, 0x20	; 32
    14f0:	41 93       	st	Z+, r20
    14f2:	02 d0       	rcall	.+4      	; 0x14f8 <__ultoa_invert+0x84>
    14f4:	a9 f7       	brne	.-22     	; 0x14e0 <__ultoa_invert+0x6c>
    14f6:	ea cf       	rjmp	.-44     	; 0x14cc <__ultoa_invert+0x58>
    14f8:	b4 e0       	ldi	r27, 0x04	; 4
    14fa:	a6 95       	lsr	r26
    14fc:	97 95       	ror	r25
    14fe:	87 95       	ror	r24
    1500:	77 95       	ror	r23
    1502:	67 95       	ror	r22
    1504:	ba 95       	dec	r27
    1506:	c9 f7       	brne	.-14     	; 0x14fa <__ultoa_invert+0x86>
    1508:	00 97       	sbiw	r24, 0x00	; 0
    150a:	61 05       	cpc	r22, r1
    150c:	71 05       	cpc	r23, r1
    150e:	08 95       	ret
    1510:	9b 01       	movw	r18, r22
    1512:	ac 01       	movw	r20, r24
    1514:	0a 2e       	mov	r0, r26
    1516:	06 94       	lsr	r0
    1518:	57 95       	ror	r21
    151a:	47 95       	ror	r20
    151c:	37 95       	ror	r19
    151e:	27 95       	ror	r18
    1520:	ba 95       	dec	r27
    1522:	c9 f7       	brne	.-14     	; 0x1516 <__ultoa_invert+0xa2>
    1524:	62 0f       	add	r22, r18
    1526:	73 1f       	adc	r23, r19
    1528:	84 1f       	adc	r24, r20
    152a:	95 1f       	adc	r25, r21
    152c:	a0 1d       	adc	r26, r0
    152e:	08 95       	ret

00001530 <__prologue_saves__>:
    1530:	2f 92       	push	r2
    1532:	3f 92       	push	r3
    1534:	4f 92       	push	r4
    1536:	5f 92       	push	r5
    1538:	6f 92       	push	r6
    153a:	7f 92       	push	r7
    153c:	8f 92       	push	r8
    153e:	9f 92       	push	r9
    1540:	af 92       	push	r10
    1542:	bf 92       	push	r11
    1544:	cf 92       	push	r12
    1546:	df 92       	push	r13
    1548:	ef 92       	push	r14
    154a:	ff 92       	push	r15
    154c:	0f 93       	push	r16
    154e:	1f 93       	push	r17
    1550:	cf 93       	push	r28
    1552:	df 93       	push	r29
    1554:	cd b7       	in	r28, 0x3d	; 61
    1556:	de b7       	in	r29, 0x3e	; 62
    1558:	ca 1b       	sub	r28, r26
    155a:	db 0b       	sbc	r29, r27
    155c:	0f b6       	in	r0, 0x3f	; 63
    155e:	f8 94       	cli
    1560:	de bf       	out	0x3e, r29	; 62
    1562:	0f be       	out	0x3f, r0	; 63
    1564:	cd bf       	out	0x3d, r28	; 61
    1566:	09 94       	ijmp

00001568 <__epilogue_restores__>:
    1568:	2a 88       	ldd	r2, Y+18	; 0x12
    156a:	39 88       	ldd	r3, Y+17	; 0x11
    156c:	48 88       	ldd	r4, Y+16	; 0x10
    156e:	5f 84       	ldd	r5, Y+15	; 0x0f
    1570:	6e 84       	ldd	r6, Y+14	; 0x0e
    1572:	7d 84       	ldd	r7, Y+13	; 0x0d
    1574:	8c 84       	ldd	r8, Y+12	; 0x0c
    1576:	9b 84       	ldd	r9, Y+11	; 0x0b
    1578:	aa 84       	ldd	r10, Y+10	; 0x0a
    157a:	b9 84       	ldd	r11, Y+9	; 0x09
    157c:	c8 84       	ldd	r12, Y+8	; 0x08
    157e:	df 80       	ldd	r13, Y+7	; 0x07
    1580:	ee 80       	ldd	r14, Y+6	; 0x06
    1582:	fd 80       	ldd	r15, Y+5	; 0x05
    1584:	0c 81       	ldd	r16, Y+4	; 0x04
    1586:	1b 81       	ldd	r17, Y+3	; 0x03
    1588:	aa 81       	ldd	r26, Y+2	; 0x02
    158a:	b9 81       	ldd	r27, Y+1	; 0x01
    158c:	ce 0f       	add	r28, r30
    158e:	d1 1d       	adc	r29, r1
    1590:	0f b6       	in	r0, 0x3f	; 63
    1592:	f8 94       	cli
    1594:	de bf       	out	0x3e, r29	; 62
    1596:	0f be       	out	0x3f, r0	; 63
    1598:	cd bf       	out	0x3d, r28	; 61
    159a:	ed 01       	movw	r28, r26
    159c:	08 95       	ret

0000159e <_exit>:
    159e:	f8 94       	cli

000015a0 <__stop_program>:
    15a0:	ff cf       	rjmp	.-2      	; 0x15a0 <__stop_program>
