
arduino.elf:     file format elf32-avr

Sections:
Idx Name          Size      VMA       LMA       File off  Algn
  0 .data         00000160  00800100  00001712  000017a6  2**0
                  CONTENTS, ALLOC, LOAD, DATA
  1 .text         00001712  00000000  00000000  00000094  2**2
                  CONTENTS, ALLOC, LOAD, READONLY, CODE
  2 .bss          000000ae  00800260  00800260  00001906  2**0
                  ALLOC
  3 .comment      00000011  00000000  00000000  00001906  2**0
                  CONTENTS, READONLY
  4 .note.gnu.avr.deviceinfo 00000040  00000000  00000000  00001918  2**2
                  CONTENTS, READONLY
  5 .debug_aranges 00000100  00000000  00000000  00001958  2**3
                  CONTENTS, READONLY, DEBUGGING
  6 .debug_info   00000bcc  00000000  00000000  00001a58  2**0
                  CONTENTS, READONLY, DEBUGGING
  7 .debug_abbrev 00000642  00000000  00000000  00002624  2**0
                  CONTENTS, READONLY, DEBUGGING
  8 .debug_line   000005be  00000000  00000000  00002c66  2**0
                  CONTENTS, READONLY, DEBUGGING
  9 .debug_str    00000208  00000000  00000000  00003224  2**0
                  CONTENTS, READONLY, DEBUGGING

Disassembly of section .text:

00000000 <__vectors>:
       0:	0c 94 35 00 	jmp	0x6a	; 0x6a <__ctors_end>
       4:	0c 94 5d 00 	jmp	0xba	; 0xba <__bad_interrupt>
       8:	0c 94 5d 00 	jmp	0xba	; 0xba <__bad_interrupt>
       c:	0c 94 5d 00 	jmp	0xba	; 0xba <__bad_interrupt>
      10:	0c 94 4e 08 	jmp	0x109c	; 0x109c <__vector_4>
      14:	0c 94 5d 00 	jmp	0xba	; 0xba <__bad_interrupt>
      18:	0c 94 5d 00 	jmp	0xba	; 0xba <__bad_interrupt>
      1c:	0c 94 5d 00 	jmp	0xba	; 0xba <__bad_interrupt>
      20:	0c 94 5d 00 	jmp	0xba	; 0xba <__bad_interrupt>
      24:	0c 94 5d 00 	jmp	0xba	; 0xba <__bad_interrupt>
      28:	0c 94 5d 00 	jmp	0xba	; 0xba <__bad_interrupt>
      2c:	0c 94 56 08 	jmp	0x10ac	; 0x10ac <__vector_11>
      30:	0c 94 5d 00 	jmp	0xba	; 0xba <__bad_interrupt>
      34:	0c 94 5d 00 	jmp	0xba	; 0xba <__bad_interrupt>
      38:	0c 94 5d 00 	jmp	0xba	; 0xba <__bad_interrupt>
      3c:	0c 94 5d 00 	jmp	0xba	; 0xba <__bad_interrupt>
      40:	0c 94 f2 01 	jmp	0x3e4	; 0x3e4 <__vector_16>
      44:	0c 94 5d 00 	jmp	0xba	; 0xba <__bad_interrupt>
      48:	0c 94 cc 03 	jmp	0x798	; 0x798 <__vector_18>
      4c:	0c 94 fe 03 	jmp	0x7fc	; 0x7fc <__vector_19>
      50:	0c 94 5d 00 	jmp	0xba	; 0xba <__bad_interrupt>
      54:	0c 94 5d 00 	jmp	0xba	; 0xba <__bad_interrupt>
      58:	0c 94 5d 00 	jmp	0xba	; 0xba <__bad_interrupt>
      5c:	0c 94 5d 00 	jmp	0xba	; 0xba <__bad_interrupt>
      60:	0c 94 5d 00 	jmp	0xba	; 0xba <__bad_interrupt>
      64:	0c 94 5d 00 	jmp	0xba	; 0xba <__bad_interrupt>

00000068 <__ctors_start>:
      68:	24 04       	cpc	r2, r4

0000006a <__ctors_end>:
      6a:	11 24       	eor	r1, r1
      6c:	1f be       	out	0x3f, r1	; 63
      6e:	cf ef       	ldi	r28, 0xFF	; 255
      70:	d8 e0       	ldi	r29, 0x08	; 8
      72:	de bf       	out	0x3e, r29	; 62
      74:	cd bf       	out	0x3d, r28	; 61

00000076 <__do_copy_data>:
      76:	12 e0       	ldi	r17, 0x02	; 2
      78:	a0 e0       	ldi	r26, 0x00	; 0
      7a:	b1 e0       	ldi	r27, 0x01	; 1
      7c:	e2 e1       	ldi	r30, 0x12	; 18
      7e:	f7 e1       	ldi	r31, 0x17	; 23
      80:	02 c0       	rjmp	.+4      	; 0x86 <__do_copy_data+0x10>
      82:	05 90       	lpm	r0, Z+
      84:	0d 92       	st	X+, r0
      86:	a0 36       	cpi	r26, 0x60	; 96
      88:	b1 07       	cpc	r27, r17
      8a:	d9 f7       	brne	.-10     	; 0x82 <__do_copy_data+0xc>

0000008c <__do_clear_bss>:
      8c:	23 e0       	ldi	r18, 0x03	; 3
      8e:	a0 e6       	ldi	r26, 0x60	; 96
      90:	b2 e0       	ldi	r27, 0x02	; 2
      92:	01 c0       	rjmp	.+2      	; 0x96 <.do_clear_bss_start>

00000094 <.do_clear_bss_loop>:
      94:	1d 92       	st	X+, r1

00000096 <.do_clear_bss_start>:
      96:	ae 30       	cpi	r26, 0x0E	; 14
      98:	b2 07       	cpc	r27, r18
      9a:	e1 f7       	brne	.-8      	; 0x94 <.do_clear_bss_loop>

0000009c <__do_global_ctors>:
      9c:	10 e0       	ldi	r17, 0x00	; 0
      9e:	c5 e3       	ldi	r28, 0x35	; 53
      a0:	d0 e0       	ldi	r29, 0x00	; 0
      a2:	04 c0       	rjmp	.+8      	; 0xac <__do_global_ctors+0x10>
      a4:	21 97       	sbiw	r28, 0x01	; 1
      a6:	fe 01       	movw	r30, r28
      a8:	0e 94 a0 08 	call	0x1140	; 0x1140 <__tablejump2__>
      ac:	c4 33       	cpi	r28, 0x34	; 52
      ae:	d1 07       	cpc	r29, r17
      b0:	c9 f7       	brne	.-14     	; 0xa4 <__do_global_ctors+0x8>
      b2:	0e 94 c6 01 	call	0x38c	; 0x38c <main>
      b6:	0c 94 87 0b 	jmp	0x170e	; 0x170e <_exit>

000000ba <__bad_interrupt>:
      ba:	0c 94 4a 08 	jmp	0x1094	; 0x1094 <__vector_default>
	...

000000c0 <osEE_hal_save_ctx_and_restore_ctx>:
      c0:	2f 92       	push	r2
      c2:	3f 92       	push	r3
      c4:	4f 92       	push	r4
      c6:	5f 92       	push	r5
      c8:	6f 92       	push	r6
      ca:	7f 92       	push	r7
      cc:	8f 92       	push	r8
      ce:	9f 92       	push	r9
      d0:	af 92       	push	r10
      d2:	bf 92       	push	r11
      d4:	cf 92       	push	r12
      d6:	df 92       	push	r13
      d8:	ef 92       	push	r14
      da:	ff 92       	push	r15
      dc:	0f 93       	push	r16
      de:	1f 93       	push	r17
      e0:	cf 93       	push	r28
      e2:	df 93       	push	r29
      e4:	e4 2f       	mov	r30, r20
      e6:	f5 2f       	mov	r31, r21
      e8:	41 90       	ld	r4, Z+
      ea:	50 80       	ld	r5, Z
      ec:	4f 92       	push	r4
      ee:	5f 92       	push	r5
      f0:	e4 2f       	mov	r30, r20
      f2:	f5 2f       	mov	r31, r21
      f4:	4d b6       	in	r4, 0x3d	; 61
      f6:	5e b6       	in	r5, 0x3e	; 62
      f8:	41 92       	st	Z+, r4
      fa:	50 82       	st	Z, r5
      fc:	0c 94 80 00 	jmp	0x100	; 0x100 <osEE_hal_restore_ctx>

00000100 <osEE_hal_restore_ctx>:
     100:	e6 2f       	mov	r30, r22
     102:	f7 2f       	mov	r31, r23
     104:	41 90       	ld	r4, Z+
     106:	50 80       	ld	r5, Z
     108:	4d be       	out	0x3d, r4	; 61
     10a:	5e be       	out	0x3e, r5	; 62
     10c:	5f 90       	pop	r5
     10e:	4f 90       	pop	r4
     110:	e6 2f       	mov	r30, r22
     112:	f7 2f       	mov	r31, r23
     114:	41 92       	st	Z+, r4
     116:	50 82       	st	Z, r5
     118:	df 91       	pop	r29
     11a:	cf 91       	pop	r28
     11c:	1f 91       	pop	r17
     11e:	0f 91       	pop	r16
     120:	ff 90       	pop	r15
     122:	ef 90       	pop	r14
     124:	df 90       	pop	r13
     126:	cf 90       	pop	r12
     128:	bf 90       	pop	r11
     12a:	af 90       	pop	r10
     12c:	9f 90       	pop	r9
     12e:	8f 90       	pop	r8
     130:	7f 90       	pop	r7
     132:	6f 90       	pop	r6
     134:	5f 90       	pop	r5
     136:	4f 90       	pop	r4
     138:	3f 90       	pop	r3
     13a:	2f 90       	pop	r2
     13c:	0c 94 95 05 	jmp	0xb2a	; 0xb2a <osEE_scheduler_task_wrapper_restore>

00000140 <osEE_hal_ready2stacked>:
     140:	e6 2f       	mov	r30, r22
     142:	f7 2f       	mov	r31, r23
     144:	41 91       	ld	r20, Z+
     146:	50 81       	ld	r21, Z
     148:	4d bf       	out	0x3d, r20	; 61
     14a:	5e bf       	out	0x3e, r21	; 62
     14c:	0c 94 9e 05 	jmp	0xb3c	; 0xb3c <osEE_scheduler_task_wrapper_run>

00000150 <osEE_hal_save_ctx_and_ready2stacked>:
     150:	2f 92       	push	r2
     152:	3f 92       	push	r3
     154:	4f 92       	push	r4
     156:	5f 92       	push	r5
     158:	6f 92       	push	r6
     15a:	7f 92       	push	r7
     15c:	8f 92       	push	r8
     15e:	9f 92       	push	r9
     160:	af 92       	push	r10
     162:	bf 92       	push	r11
     164:	cf 92       	push	r12
     166:	df 92       	push	r13
     168:	ef 92       	push	r14
     16a:	ff 92       	push	r15
     16c:	0f 93       	push	r16
     16e:	1f 93       	push	r17
     170:	cf 93       	push	r28
     172:	df 93       	push	r29
     174:	e4 2f       	mov	r30, r20
     176:	f5 2f       	mov	r31, r21
     178:	41 90       	ld	r4, Z+
     17a:	50 80       	ld	r5, Z
     17c:	4f 92       	push	r4
     17e:	5f 92       	push	r5
     180:	e4 2f       	mov	r30, r20
     182:	f5 2f       	mov	r31, r21
     184:	4d b6       	in	r4, 0x3d	; 61
     186:	5e b6       	in	r5, 0x3e	; 62
     188:	41 92       	st	Z+, r4
     18a:	50 82       	st	Z, r5
     18c:	0c 94 a0 00 	jmp	0x140	; 0x140 <osEE_hal_ready2stacked>

00000190 <osEE_hal_terminate_ctx>:
     190:	e8 2f       	mov	r30, r24
     192:	f9 2f       	mov	r31, r25
     194:	41 91       	ld	r20, Z+
     196:	50 81       	ld	r21, Z
     198:	4d bf       	out	0x3d, r20	; 61
     19a:	5e bf       	out	0x3e, r21	; 62
     19c:	e6 2f       	mov	r30, r22
     19e:	f7 2f       	mov	r31, r23
     1a0:	09 94       	ijmp
	...

000001a4 <FuncTask1>:
     1a4:	8b e6       	ldi	r24, 0x6B	; 107
     1a6:	91 e0       	ldi	r25, 0x01	; 1
     1a8:	9f 93       	push	r25
     1aa:	8f 93       	push	r24
     1ac:	0e 94 8e 01 	call	0x31c	; 0x31c <printfSerial>
     1b0:	68 eb       	ldi	r22, 0xB8	; 184
     1b2:	7b e0       	ldi	r23, 0x0B	; 11
     1b4:	80 e0       	ldi	r24, 0x00	; 0
     1b6:	90 e0       	ldi	r25, 0x00	; 0
     1b8:	0e 94 46 01 	call	0x28c	; 0x28c <mdelay>
     1bc:	8b e7       	ldi	r24, 0x7B	; 123
     1be:	91 e0       	ldi	r25, 0x01	; 1
     1c0:	9f 93       	push	r25
     1c2:	8f 93       	push	r24
     1c4:	0e 94 8e 01 	call	0x31c	; 0x31c <printfSerial>
     1c8:	0f 90       	pop	r0
     1ca:	0f 90       	pop	r0
     1cc:	0f 90       	pop	r0
     1ce:	0f 90       	pop	r0
     1d0:	0c 94 7b 05 	jmp	0xaf6	; 0xaf6 <TerminateTask>

000001d4 <FuncTask2>:
     1d4:	8d e8       	ldi	r24, 0x8D	; 141
     1d6:	91 e0       	ldi	r25, 0x01	; 1
     1d8:	9f 93       	push	r25
     1da:	8f 93       	push	r24
     1dc:	0e 94 8e 01 	call	0x31c	; 0x31c <printfSerial>
     1e0:	68 eb       	ldi	r22, 0xB8	; 184
     1e2:	7b e0       	ldi	r23, 0x0B	; 11
     1e4:	80 e0       	ldi	r24, 0x00	; 0
     1e6:	90 e0       	ldi	r25, 0x00	; 0
     1e8:	0e 94 46 01 	call	0x28c	; 0x28c <mdelay>
     1ec:	8d e9       	ldi	r24, 0x9D	; 157
     1ee:	91 e0       	ldi	r25, 0x01	; 1
     1f0:	9f 93       	push	r25
     1f2:	8f 93       	push	r24
     1f4:	0e 94 8e 01 	call	0x31c	; 0x31c <printfSerial>
     1f8:	0f 90       	pop	r0
     1fa:	0f 90       	pop	r0
     1fc:	0f 90       	pop	r0
     1fe:	0f 90       	pop	r0
     200:	0c 94 7b 05 	jmp	0xaf6	; 0xaf6 <TerminateTask>

00000204 <TimerISR>:
     204:	80 91 00 01 	lds	r24, 0x0100	; 0x800100 <__data_start>
     208:	90 91 01 01 	lds	r25, 0x0101	; 0x800101 <__data_start+0x1>
     20c:	a0 91 02 01 	lds	r26, 0x0102	; 0x800102 <__data_start+0x2>
     210:	b0 91 03 01 	lds	r27, 0x0103	; 0x800103 <__data_start+0x3>
     214:	ac 01       	movw	r20, r24
     216:	bd 01       	movw	r22, r26
     218:	4f 5f       	subi	r20, 0xFF	; 255
     21a:	5f 4f       	sbci	r21, 0xFF	; 255
     21c:	6f 4f       	sbci	r22, 0xFF	; 255
     21e:	7f 4f       	sbci	r23, 0xFF	; 255
     220:	40 93 00 01 	sts	0x0100, r20	; 0x800100 <__data_start>
     224:	50 93 01 01 	sts	0x0101, r21	; 0x800101 <__data_start+0x1>
     228:	60 93 02 01 	sts	0x0102, r22	; 0x800102 <__data_start+0x2>
     22c:	70 93 03 01 	sts	0x0103, r23	; 0x800103 <__data_start+0x3>
     230:	bf 93       	push	r27
     232:	af 93       	push	r26
     234:	9f 93       	push	r25
     236:	8f 93       	push	r24
     238:	8f ea       	ldi	r24, 0xAF	; 175
     23a:	91 e0       	ldi	r25, 0x01	; 1
     23c:	9f 93       	push	r25
     23e:	8f 93       	push	r24
     240:	0e 94 8e 01 	call	0x31c	; 0x31c <printfSerial>
     244:	0f 90       	pop	r0
     246:	0f 90       	pop	r0
     248:	0f 90       	pop	r0
     24a:	0f 90       	pop	r0
     24c:	0f 90       	pop	r0
     24e:	0f 90       	pop	r0
     250:	08 95       	ret

00000252 <ButtonISR>:
     252:	0e 94 f3 04 	call	0x9e6	; 0x9e6 <DisableAllInterrupts>
     256:	30 99       	sbic	0x06, 0	; 6
     258:	18 c0       	rjmp	.+48     	; 0x28a <ButtonISR+0x38>
     25a:	87 eb       	ldi	r24, 0xB7	; 183
     25c:	91 e0       	ldi	r25, 0x01	; 1
     25e:	9f 93       	push	r25
     260:	8f 93       	push	r24
     262:	0e 94 8e 01 	call	0x31c	; 0x31c <printfSerial>
     266:	8e e0       	ldi	r24, 0x0E	; 14
     268:	0e 94 83 02 	call	0x506	; 0x506 <analogRead>
     26c:	0f 90       	pop	r0
     26e:	0f 90       	pop	r0
     270:	82 33       	cpi	r24, 0x32	; 50
     272:	91 05       	cpc	r25, r1
     274:	2c f4       	brge	.+10     	; 0x280 <ButtonISR+0x2e>
     276:	82 e0       	ldi	r24, 0x02	; 2
     278:	0e 94 46 05 	call	0xa8c	; 0xa8c <ActivateTask>
     27c:	0c 94 fb 04 	jmp	0x9f6	; 0x9f6 <EnableAllInterrupts>
     280:	88 3c       	cpi	r24, 0xC8	; 200
     282:	91 05       	cpc	r25, r1
     284:	dc f7       	brge	.-10     	; 0x27c <ButtonISR+0x2a>
     286:	83 e0       	ldi	r24, 0x03	; 3
     288:	f7 cf       	rjmp	.-18     	; 0x278 <ButtonISR+0x26>
     28a:	08 95       	ret

0000028c <mdelay>:
     28c:	4f 92       	push	r4
     28e:	5f 92       	push	r5
     290:	6f 92       	push	r6
     292:	7f 92       	push	r7
     294:	8f 92       	push	r8
     296:	9f 92       	push	r9
     298:	af 92       	push	r10
     29a:	bf 92       	push	r11
     29c:	cf 92       	push	r12
     29e:	df 92       	push	r13
     2a0:	ef 92       	push	r14
     2a2:	ff 92       	push	r15
     2a4:	6b 01       	movw	r12, r22
     2a6:	7c 01       	movw	r14, r24
     2a8:	0e 94 3c 02 	call	0x478	; 0x478 <millis>
     2ac:	4b 01       	movw	r8, r22
     2ae:	5c 01       	movw	r10, r24
     2b0:	0e 94 3c 02 	call	0x478	; 0x478 <millis>
     2b4:	c7 01       	movw	r24, r14
     2b6:	b6 01       	movw	r22, r12
     2b8:	24 e1       	ldi	r18, 0x14	; 20
     2ba:	30 e0       	ldi	r19, 0x00	; 0
     2bc:	40 e0       	ldi	r20, 0x00	; 0
     2be:	50 e0       	ldi	r21, 0x00	; 0
     2c0:	0e 94 7e 08 	call	0x10fc	; 0x10fc <__udivmodsi4>
     2c4:	29 01       	movw	r4, r18
     2c6:	3a 01       	movw	r6, r20
     2c8:	c1 2c       	mov	r12, r1
     2ca:	d1 2c       	mov	r13, r1
     2cc:	76 01       	movw	r14, r12
     2ce:	4c 14       	cp	r4, r12
     2d0:	5d 04       	cpc	r5, r13
     2d2:	6e 04       	cpc	r6, r14
     2d4:	7f 04       	cpc	r7, r15
     2d6:	a9 f0       	breq	.+42     	; 0x302 <mdelay+0x76>
     2d8:	0e 94 3c 02 	call	0x478	; 0x478 <millis>
     2dc:	68 19       	sub	r22, r8
     2de:	79 09       	sbc	r23, r9
     2e0:	8a 09       	sbc	r24, r10
     2e2:	9b 09       	sbc	r25, r11
     2e4:	64 31       	cpi	r22, 0x14	; 20
     2e6:	71 05       	cpc	r23, r1
     2e8:	81 05       	cpc	r24, r1
     2ea:	91 05       	cpc	r25, r1
     2ec:	80 f3       	brcs	.-32     	; 0x2ce <mdelay+0x42>
     2ee:	8f ef       	ldi	r24, 0xFF	; 255
     2f0:	c8 1a       	sub	r12, r24
     2f2:	d8 0a       	sbc	r13, r24
     2f4:	e8 0a       	sbc	r14, r24
     2f6:	f8 0a       	sbc	r15, r24
     2f8:	0e 94 3c 02 	call	0x478	; 0x478 <millis>
     2fc:	4b 01       	movw	r8, r22
     2fe:	5c 01       	movw	r10, r24
     300:	e6 cf       	rjmp	.-52     	; 0x2ce <mdelay+0x42>
     302:	ff 90       	pop	r15
     304:	ef 90       	pop	r14
     306:	df 90       	pop	r13
     308:	cf 90       	pop	r12
     30a:	bf 90       	pop	r11
     30c:	af 90       	pop	r10
     30e:	9f 90       	pop	r9
     310:	8f 90       	pop	r8
     312:	7f 90       	pop	r7
     314:	6f 90       	pop	r6
     316:	5f 90       	pop	r5
     318:	4f 90       	pop	r4
     31a:	08 95       	ret

0000031c <printfSerial>:
     31c:	cf 93       	push	r28
     31e:	df 93       	push	r29
     320:	cd b7       	in	r28, 0x3d	; 61
     322:	de b7       	in	r29, 0x3e	; 62
     324:	c0 58       	subi	r28, 0x80	; 128
     326:	d1 09       	sbc	r29, r1
     328:	0f b6       	in	r0, 0x3f	; 63
     32a:	f8 94       	cli
     32c:	de bf       	out	0x3e, r29	; 62
     32e:	0f be       	out	0x3f, r0	; 63
     330:	cd bf       	out	0x3d, r28	; 61
     332:	9e 01       	movw	r18, r28
     334:	2b 57       	subi	r18, 0x7B	; 123
     336:	3f 4f       	sbci	r19, 0xFF	; 255
     338:	f9 01       	movw	r30, r18
     33a:	41 91       	ld	r20, Z+
     33c:	51 91       	ld	r21, Z+
     33e:	9f 01       	movw	r18, r30
     340:	60 e8       	ldi	r22, 0x80	; 128
     342:	70 e0       	ldi	r23, 0x00	; 0
     344:	ce 01       	movw	r24, r28
     346:	01 96       	adiw	r24, 0x01	; 1
     348:	0e 94 a6 08 	call	0x114c	; 0x114c <vsnprintf>
     34c:	be 01       	movw	r22, r28
     34e:	6f 5f       	subi	r22, 0xFF	; 255
     350:	7f 4f       	sbci	r23, 0xFF	; 255
     352:	80 e7       	ldi	r24, 0x70	; 112
     354:	92 e0       	ldi	r25, 0x02	; 2
     356:	0e 94 8d 04 	call	0x91a	; 0x91a <_ZN5Print5printEPKc>
     35a:	c0 58       	subi	r28, 0x80	; 128
     35c:	df 4f       	sbci	r29, 0xFF	; 255
     35e:	0f b6       	in	r0, 0x3f	; 63
     360:	f8 94       	cli
     362:	de bf       	out	0x3e, r29	; 62
     364:	0f be       	out	0x3f, r0	; 63
     366:	cd bf       	out	0x3d, r28	; 61
     368:	df 91       	pop	r29
     36a:	cf 91       	pop	r28
     36c:	08 95       	ret

0000036e <setup>:
     36e:	26 e0       	ldi	r18, 0x06	; 6
     370:	40 e8       	ldi	r20, 0x80	; 128
     372:	55 e2       	ldi	r21, 0x25	; 37
     374:	60 e0       	ldi	r22, 0x00	; 0
     376:	70 e0       	ldi	r23, 0x00	; 0
     378:	80 e7       	ldi	r24, 0x70	; 112
     37a:	92 e0       	ldi	r25, 0x02	; 2
     37c:	0e 94 6a 03 	call	0x6d4	; 0x6d4 <_ZN14HardwareSerial5beginEmh>
     380:	60 e4       	ldi	r22, 0x40	; 64
     382:	72 e4       	ldi	r23, 0x42	; 66
     384:	8f e0       	ldi	r24, 0x0F	; 15
     386:	90 e0       	ldi	r25, 0x00	; 0
     388:	0c 94 95 04 	jmp	0x92a	; 0x92a <OsEE_atmega_startTimer1>

0000038c <main>:
     38c:	81 e0       	ldi	r24, 0x01	; 1
     38e:	88 b9       	out	0x08, r24	; 8
     390:	92 e0       	ldi	r25, 0x02	; 2
     392:	90 93 68 00 	sts	0x0068, r25	; 0x800068 <__DATA_REGION_ORIGIN__+0x8>
     396:	80 93 6c 00 	sts	0x006C, r24	; 0x80006c <__DATA_REGION_ORIGIN__+0xc>
     39a:	8f ef       	ldi	r24, 0xFF	; 255
     39c:	8c bb       	out	0x1c, r24	; 28
     39e:	78 94       	sei
     3a0:	0e 94 48 02 	call	0x490	; 0x490 <init>
     3a4:	0e 94 b7 01 	call	0x36e	; 0x36e <setup>
     3a8:	84 ec       	ldi	r24, 0xC4	; 196
     3aa:	91 e0       	ldi	r25, 0x01	; 1
     3ac:	9f 93       	push	r25
     3ae:	8f 93       	push	r24
     3b0:	0e 94 8e 01 	call	0x31c	; 0x31c <printfSerial>
     3b4:	86 ed       	ldi	r24, 0xD6	; 214
     3b6:	91 e0       	ldi	r25, 0x01	; 1
     3b8:	9f 93       	push	r25
     3ba:	8f 93       	push	r24
     3bc:	0e 94 8e 01 	call	0x31c	; 0x31c <printfSerial>
     3c0:	85 ec       	ldi	r24, 0xC5	; 197
     3c2:	91 e0       	ldi	r25, 0x01	; 1
     3c4:	9f 93       	push	r25
     3c6:	8f 93       	push	r24
     3c8:	0e 94 8e 01 	call	0x31c	; 0x31c <printfSerial>
     3cc:	80 e0       	ldi	r24, 0x00	; 0
     3ce:	0e 94 05 05 	call	0xa0a	; 0xa0a <StartOS>
     3d2:	0f 90       	pop	r0
     3d4:	0f 90       	pop	r0
     3d6:	0f 90       	pop	r0
     3d8:	0f 90       	pop	r0
     3da:	0f 90       	pop	r0
     3dc:	0f 90       	pop	r0
     3de:	90 e0       	ldi	r25, 0x00	; 0
     3e0:	80 e0       	ldi	r24, 0x00	; 0
     3e2:	08 95       	ret

000003e4 <__vector_16>:
     3e4:	1f 92       	push	r1
     3e6:	0f 92       	push	r0
     3e8:	0f b6       	in	r0, 0x3f	; 63
     3ea:	0f 92       	push	r0
     3ec:	11 24       	eor	r1, r1
     3ee:	2f 93       	push	r18
     3f0:	3f 93       	push	r19
     3f2:	8f 93       	push	r24
     3f4:	9f 93       	push	r25
     3f6:	af 93       	push	r26
     3f8:	bf 93       	push	r27
     3fa:	80 91 68 02 	lds	r24, 0x0268	; 0x800268 <timer0_millis>
     3fe:	90 91 69 02 	lds	r25, 0x0269	; 0x800269 <timer0_millis+0x1>
     402:	a0 91 6a 02 	lds	r26, 0x026A	; 0x80026a <timer0_millis+0x2>
     406:	b0 91 6b 02 	lds	r27, 0x026B	; 0x80026b <timer0_millis+0x3>
     40a:	30 91 67 02 	lds	r19, 0x0267	; 0x800267 <timer0_fract>
     40e:	23 e0       	ldi	r18, 0x03	; 3
     410:	23 0f       	add	r18, r19
     412:	2d 37       	cpi	r18, 0x7D	; 125
     414:	58 f5       	brcc	.+86     	; 0x46c <__LOCK_REGION_LENGTH__+0x6c>
     416:	01 96       	adiw	r24, 0x01	; 1
     418:	a1 1d       	adc	r26, r1
     41a:	b1 1d       	adc	r27, r1
     41c:	20 93 67 02 	sts	0x0267, r18	; 0x800267 <timer0_fract>
     420:	80 93 68 02 	sts	0x0268, r24	; 0x800268 <timer0_millis>
     424:	90 93 69 02 	sts	0x0269, r25	; 0x800269 <timer0_millis+0x1>
     428:	a0 93 6a 02 	sts	0x026A, r26	; 0x80026a <timer0_millis+0x2>
     42c:	b0 93 6b 02 	sts	0x026B, r27	; 0x80026b <timer0_millis+0x3>
     430:	80 91 6c 02 	lds	r24, 0x026C	; 0x80026c <timer0_overflow_count>
     434:	90 91 6d 02 	lds	r25, 0x026D	; 0x80026d <timer0_overflow_count+0x1>
     438:	a0 91 6e 02 	lds	r26, 0x026E	; 0x80026e <timer0_overflow_count+0x2>
     43c:	b0 91 6f 02 	lds	r27, 0x026F	; 0x80026f <timer0_overflow_count+0x3>
     440:	01 96       	adiw	r24, 0x01	; 1
     442:	a1 1d       	adc	r26, r1
     444:	b1 1d       	adc	r27, r1
     446:	80 93 6c 02 	sts	0x026C, r24	; 0x80026c <timer0_overflow_count>
     44a:	90 93 6d 02 	sts	0x026D, r25	; 0x80026d <timer0_overflow_count+0x1>
     44e:	a0 93 6e 02 	sts	0x026E, r26	; 0x80026e <timer0_overflow_count+0x2>
     452:	b0 93 6f 02 	sts	0x026F, r27	; 0x80026f <timer0_overflow_count+0x3>
     456:	bf 91       	pop	r27
     458:	af 91       	pop	r26
     45a:	9f 91       	pop	r25
     45c:	8f 91       	pop	r24
     45e:	3f 91       	pop	r19
     460:	2f 91       	pop	r18
     462:	0f 90       	pop	r0
     464:	0f be       	out	0x3f, r0	; 63
     466:	0f 90       	pop	r0
     468:	1f 90       	pop	r1
     46a:	18 95       	reti
     46c:	26 e8       	ldi	r18, 0x86	; 134
     46e:	23 0f       	add	r18, r19
     470:	02 96       	adiw	r24, 0x02	; 2
     472:	a1 1d       	adc	r26, r1
     474:	b1 1d       	adc	r27, r1
     476:	d2 cf       	rjmp	.-92     	; 0x41c <__LOCK_REGION_LENGTH__+0x1c>

00000478 <millis>:
     478:	2f b7       	in	r18, 0x3f	; 63
     47a:	f8 94       	cli
     47c:	60 91 68 02 	lds	r22, 0x0268	; 0x800268 <timer0_millis>
     480:	70 91 69 02 	lds	r23, 0x0269	; 0x800269 <timer0_millis+0x1>
     484:	80 91 6a 02 	lds	r24, 0x026A	; 0x80026a <timer0_millis+0x2>
     488:	90 91 6b 02 	lds	r25, 0x026B	; 0x80026b <timer0_millis+0x3>
     48c:	2f bf       	out	0x3f, r18	; 63
     48e:	08 95       	ret

00000490 <init>:
     490:	78 94       	sei
     492:	84 b5       	in	r24, 0x24	; 36
     494:	82 60       	ori	r24, 0x02	; 2
     496:	84 bd       	out	0x24, r24	; 36
     498:	84 b5       	in	r24, 0x24	; 36
     49a:	81 60       	ori	r24, 0x01	; 1
     49c:	84 bd       	out	0x24, r24	; 36
     49e:	85 b5       	in	r24, 0x25	; 37
     4a0:	82 60       	ori	r24, 0x02	; 2
     4a2:	85 bd       	out	0x25, r24	; 37
     4a4:	85 b5       	in	r24, 0x25	; 37
     4a6:	81 60       	ori	r24, 0x01	; 1
     4a8:	85 bd       	out	0x25, r24	; 37
     4aa:	ee e6       	ldi	r30, 0x6E	; 110
     4ac:	f0 e0       	ldi	r31, 0x00	; 0
     4ae:	80 81       	ld	r24, Z
     4b0:	81 60       	ori	r24, 0x01	; 1
     4b2:	80 83       	st	Z, r24
     4b4:	e1 e8       	ldi	r30, 0x81	; 129
     4b6:	f0 e0       	ldi	r31, 0x00	; 0
     4b8:	10 82       	st	Z, r1
     4ba:	80 81       	ld	r24, Z
     4bc:	82 60       	ori	r24, 0x02	; 2
     4be:	80 83       	st	Z, r24
     4c0:	80 81       	ld	r24, Z
     4c2:	81 60       	ori	r24, 0x01	; 1
     4c4:	80 83       	st	Z, r24
     4c6:	e0 e8       	ldi	r30, 0x80	; 128
     4c8:	f0 e0       	ldi	r31, 0x00	; 0
     4ca:	80 81       	ld	r24, Z
     4cc:	81 60       	ori	r24, 0x01	; 1
     4ce:	80 83       	st	Z, r24
     4d0:	e1 eb       	ldi	r30, 0xB1	; 177
     4d2:	f0 e0       	ldi	r31, 0x00	; 0
     4d4:	80 81       	ld	r24, Z
     4d6:	84 60       	ori	r24, 0x04	; 4
     4d8:	80 83       	st	Z, r24
     4da:	e0 eb       	ldi	r30, 0xB0	; 176
     4dc:	f0 e0       	ldi	r31, 0x00	; 0
     4de:	80 81       	ld	r24, Z
     4e0:	81 60       	ori	r24, 0x01	; 1
     4e2:	80 83       	st	Z, r24
     4e4:	ea e7       	ldi	r30, 0x7A	; 122
     4e6:	f0 e0       	ldi	r31, 0x00	; 0
     4e8:	80 81       	ld	r24, Z
     4ea:	84 60       	ori	r24, 0x04	; 4
     4ec:	80 83       	st	Z, r24
     4ee:	80 81       	ld	r24, Z
     4f0:	82 60       	ori	r24, 0x02	; 2
     4f2:	80 83       	st	Z, r24
     4f4:	80 81       	ld	r24, Z
     4f6:	81 60       	ori	r24, 0x01	; 1
     4f8:	80 83       	st	Z, r24
     4fa:	80 81       	ld	r24, Z
     4fc:	80 68       	ori	r24, 0x80	; 128
     4fe:	80 83       	st	Z, r24
     500:	10 92 c1 00 	sts	0x00C1, r1	; 0x8000c1 <__DATA_REGION_ORIGIN__+0x61>
     504:	08 95       	ret

00000506 <analogRead>:
     506:	8e 30       	cpi	r24, 0x0E	; 14
     508:	08 f0       	brcs	.+2      	; 0x50c <analogRead+0x6>
     50a:	8e 50       	subi	r24, 0x0E	; 14
     50c:	20 91 6a 01 	lds	r18, 0x016A	; 0x80016a <analog_reference>
     510:	90 e4       	ldi	r25, 0x40	; 64
     512:	29 9f       	mul	r18, r25
     514:	90 01       	movw	r18, r0
     516:	11 24       	eor	r1, r1
     518:	87 70       	andi	r24, 0x07	; 7
     51a:	82 2b       	or	r24, r18
     51c:	80 93 7c 00 	sts	0x007C, r24	; 0x80007c <__DATA_REGION_ORIGIN__+0x1c>
     520:	80 91 7a 00 	lds	r24, 0x007A	; 0x80007a <__DATA_REGION_ORIGIN__+0x1a>
     524:	80 64       	ori	r24, 0x40	; 64
     526:	80 93 7a 00 	sts	0x007A, r24	; 0x80007a <__DATA_REGION_ORIGIN__+0x1a>
     52a:	80 91 7a 00 	lds	r24, 0x007A	; 0x80007a <__DATA_REGION_ORIGIN__+0x1a>
     52e:	86 fd       	sbrc	r24, 6
     530:	fc cf       	rjmp	.-8      	; 0x52a <analogRead+0x24>
     532:	80 91 78 00 	lds	r24, 0x0078	; 0x800078 <__DATA_REGION_ORIGIN__+0x18>
     536:	90 91 79 00 	lds	r25, 0x0079	; 0x800079 <__DATA_REGION_ORIGIN__+0x19>
     53a:	08 95       	ret

0000053c <_ZN14HardwareSerial9availableEv>:
     53c:	fc 01       	movw	r30, r24
     53e:	91 8d       	ldd	r25, Z+25	; 0x19
     540:	22 8d       	ldd	r18, Z+26	; 0x1a
     542:	89 2f       	mov	r24, r25
     544:	90 e0       	ldi	r25, 0x00	; 0
     546:	80 5c       	subi	r24, 0xC0	; 192
     548:	9f 4f       	sbci	r25, 0xFF	; 255
     54a:	82 1b       	sub	r24, r18
     54c:	91 09       	sbc	r25, r1
     54e:	8f 73       	andi	r24, 0x3F	; 63
     550:	99 27       	eor	r25, r25
     552:	08 95       	ret

00000554 <_ZN14HardwareSerial4peekEv>:
     554:	fc 01       	movw	r30, r24
     556:	91 8d       	ldd	r25, Z+25	; 0x19
     558:	82 8d       	ldd	r24, Z+26	; 0x1a
     55a:	98 17       	cp	r25, r24
     55c:	31 f0       	breq	.+12     	; 0x56a <_ZN14HardwareSerial4peekEv+0x16>
     55e:	82 8d       	ldd	r24, Z+26	; 0x1a
     560:	e8 0f       	add	r30, r24
     562:	f1 1d       	adc	r31, r1
     564:	85 8d       	ldd	r24, Z+29	; 0x1d
     566:	90 e0       	ldi	r25, 0x00	; 0
     568:	08 95       	ret
     56a:	8f ef       	ldi	r24, 0xFF	; 255
     56c:	9f ef       	ldi	r25, 0xFF	; 255
     56e:	08 95       	ret

00000570 <_ZN14HardwareSerial4readEv>:
     570:	fc 01       	movw	r30, r24
     572:	91 8d       	ldd	r25, Z+25	; 0x19
     574:	82 8d       	ldd	r24, Z+26	; 0x1a
     576:	98 17       	cp	r25, r24
     578:	61 f0       	breq	.+24     	; 0x592 <_ZN14HardwareSerial4readEv+0x22>
     57a:	a2 8d       	ldd	r26, Z+26	; 0x1a
     57c:	ae 0f       	add	r26, r30
     57e:	bf 2f       	mov	r27, r31
     580:	b1 1d       	adc	r27, r1
     582:	5d 96       	adiw	r26, 0x1d	; 29
     584:	8c 91       	ld	r24, X
     586:	92 8d       	ldd	r25, Z+26	; 0x1a
     588:	9f 5f       	subi	r25, 0xFF	; 255
     58a:	9f 73       	andi	r25, 0x3F	; 63
     58c:	92 8f       	std	Z+26, r25	; 0x1a
     58e:	90 e0       	ldi	r25, 0x00	; 0
     590:	08 95       	ret
     592:	8f ef       	ldi	r24, 0xFF	; 255
     594:	9f ef       	ldi	r25, 0xFF	; 255
     596:	08 95       	ret

00000598 <_ZN14HardwareSerial17availableForWriteEv>:
     598:	fc 01       	movw	r30, r24
     59a:	53 8d       	ldd	r21, Z+27	; 0x1b
     59c:	44 8d       	ldd	r20, Z+28	; 0x1c
     59e:	25 2f       	mov	r18, r21
     5a0:	30 e0       	ldi	r19, 0x00	; 0
     5a2:	84 2f       	mov	r24, r20
     5a4:	90 e0       	ldi	r25, 0x00	; 0
     5a6:	82 1b       	sub	r24, r18
     5a8:	93 0b       	sbc	r25, r19
     5aa:	54 17       	cp	r21, r20
     5ac:	10 f0       	brcs	.+4      	; 0x5b2 <_ZN14HardwareSerial17availableForWriteEv+0x1a>
     5ae:	cf 96       	adiw	r24, 0x3f	; 63
     5b0:	08 95       	ret
     5b2:	01 97       	sbiw	r24, 0x01	; 1
     5b4:	08 95       	ret

000005b6 <_ZN14HardwareSerial17_tx_udr_empty_irqEv>:
     5b6:	fc 01       	movw	r30, r24
     5b8:	a4 8d       	ldd	r26, Z+28	; 0x1c
     5ba:	a8 0f       	add	r26, r24
     5bc:	b9 2f       	mov	r27, r25
     5be:	b1 1d       	adc	r27, r1
     5c0:	a3 5a       	subi	r26, 0xA3	; 163
     5c2:	bf 4f       	sbci	r27, 0xFF	; 255
     5c4:	2c 91       	ld	r18, X
     5c6:	84 8d       	ldd	r24, Z+28	; 0x1c
     5c8:	90 e0       	ldi	r25, 0x00	; 0
     5ca:	01 96       	adiw	r24, 0x01	; 1
     5cc:	8f 73       	andi	r24, 0x3F	; 63
     5ce:	99 27       	eor	r25, r25
     5d0:	84 8f       	std	Z+28, r24	; 0x1c
     5d2:	a6 89       	ldd	r26, Z+22	; 0x16
     5d4:	b7 89       	ldd	r27, Z+23	; 0x17
     5d6:	2c 93       	st	X, r18
     5d8:	a0 89       	ldd	r26, Z+16	; 0x10
     5da:	b1 89       	ldd	r27, Z+17	; 0x11
     5dc:	8c 91       	ld	r24, X
     5de:	83 70       	andi	r24, 0x03	; 3
     5e0:	80 64       	ori	r24, 0x40	; 64
     5e2:	8c 93       	st	X, r24
     5e4:	93 8d       	ldd	r25, Z+27	; 0x1b
     5e6:	84 8d       	ldd	r24, Z+28	; 0x1c
     5e8:	98 13       	cpse	r25, r24
     5ea:	06 c0       	rjmp	.+12     	; 0x5f8 <_ZN14HardwareSerial17_tx_udr_empty_irqEv+0x42>
     5ec:	02 88       	ldd	r0, Z+18	; 0x12
     5ee:	f3 89       	ldd	r31, Z+19	; 0x13
     5f0:	e0 2d       	mov	r30, r0
     5f2:	80 81       	ld	r24, Z
     5f4:	8f 7d       	andi	r24, 0xDF	; 223
     5f6:	80 83       	st	Z, r24
     5f8:	08 95       	ret

000005fa <_ZN14HardwareSerial5flushEv>:
     5fa:	cf 93       	push	r28
     5fc:	df 93       	push	r29
     5fe:	ec 01       	movw	r28, r24
     600:	88 8d       	ldd	r24, Y+24	; 0x18
     602:	88 23       	and	r24, r24
     604:	b9 f0       	breq	.+46     	; 0x634 <_ZN14HardwareSerial5flushEv+0x3a>
     606:	aa 89       	ldd	r26, Y+18	; 0x12
     608:	bb 89       	ldd	r27, Y+19	; 0x13
     60a:	e8 89       	ldd	r30, Y+16	; 0x10
     60c:	f9 89       	ldd	r31, Y+17	; 0x11
     60e:	8c 91       	ld	r24, X
     610:	85 fd       	sbrc	r24, 5
     612:	03 c0       	rjmp	.+6      	; 0x61a <_ZN14HardwareSerial5flushEv+0x20>
     614:	80 81       	ld	r24, Z
     616:	86 fd       	sbrc	r24, 6
     618:	0d c0       	rjmp	.+26     	; 0x634 <_ZN14HardwareSerial5flushEv+0x3a>
     61a:	0f b6       	in	r0, 0x3f	; 63
     61c:	07 fc       	sbrc	r0, 7
     61e:	f7 cf       	rjmp	.-18     	; 0x60e <_ZN14HardwareSerial5flushEv+0x14>
     620:	8c 91       	ld	r24, X
     622:	85 ff       	sbrs	r24, 5
     624:	f2 cf       	rjmp	.-28     	; 0x60a <_ZN14HardwareSerial5flushEv+0x10>
     626:	80 81       	ld	r24, Z
     628:	85 ff       	sbrs	r24, 5
     62a:	ed cf       	rjmp	.-38     	; 0x606 <_ZN14HardwareSerial5flushEv+0xc>
     62c:	ce 01       	movw	r24, r28
     62e:	0e 94 db 02 	call	0x5b6	; 0x5b6 <_ZN14HardwareSerial17_tx_udr_empty_irqEv>
     632:	e9 cf       	rjmp	.-46     	; 0x606 <_ZN14HardwareSerial5flushEv+0xc>
     634:	df 91       	pop	r29
     636:	cf 91       	pop	r28
     638:	08 95       	ret

0000063a <_ZN14HardwareSerial5writeEh>:
     63a:	ef 92       	push	r14
     63c:	ff 92       	push	r15
     63e:	0f 93       	push	r16
     640:	1f 93       	push	r17
     642:	cf 93       	push	r28
     644:	df 93       	push	r29
     646:	ec 01       	movw	r28, r24
     648:	81 e0       	ldi	r24, 0x01	; 1
     64a:	88 8f       	std	Y+24, r24	; 0x18
     64c:	9b 8d       	ldd	r25, Y+27	; 0x1b
     64e:	8c 8d       	ldd	r24, Y+28	; 0x1c
     650:	98 13       	cpse	r25, r24
     652:	1a c0       	rjmp	.+52     	; 0x688 <_ZN14HardwareSerial5writeEh+0x4e>
     654:	e8 89       	ldd	r30, Y+16	; 0x10
     656:	f9 89       	ldd	r31, Y+17	; 0x11
     658:	80 81       	ld	r24, Z
     65a:	85 ff       	sbrs	r24, 5
     65c:	15 c0       	rjmp	.+42     	; 0x688 <_ZN14HardwareSerial5writeEh+0x4e>
     65e:	9f b7       	in	r25, 0x3f	; 63
     660:	f8 94       	cli
     662:	ee 89       	ldd	r30, Y+22	; 0x16
     664:	ff 89       	ldd	r31, Y+23	; 0x17
     666:	60 83       	st	Z, r22
     668:	e8 89       	ldd	r30, Y+16	; 0x10
     66a:	f9 89       	ldd	r31, Y+17	; 0x11
     66c:	80 81       	ld	r24, Z
     66e:	83 70       	andi	r24, 0x03	; 3
     670:	80 64       	ori	r24, 0x40	; 64
     672:	80 83       	st	Z, r24
     674:	9f bf       	out	0x3f, r25	; 63
     676:	81 e0       	ldi	r24, 0x01	; 1
     678:	90 e0       	ldi	r25, 0x00	; 0
     67a:	df 91       	pop	r29
     67c:	cf 91       	pop	r28
     67e:	1f 91       	pop	r17
     680:	0f 91       	pop	r16
     682:	ff 90       	pop	r15
     684:	ef 90       	pop	r14
     686:	08 95       	ret
     688:	f6 2e       	mov	r15, r22
     68a:	0b 8d       	ldd	r16, Y+27	; 0x1b
     68c:	10 e0       	ldi	r17, 0x00	; 0
     68e:	0f 5f       	subi	r16, 0xFF	; 255
     690:	1f 4f       	sbci	r17, 0xFF	; 255
     692:	0f 73       	andi	r16, 0x3F	; 63
     694:	11 27       	eor	r17, r17
     696:	e0 2e       	mov	r14, r16
     698:	8c 8d       	ldd	r24, Y+28	; 0x1c
     69a:	8e 11       	cpse	r24, r14
     69c:	0c c0       	rjmp	.+24     	; 0x6b6 <_ZN14HardwareSerial5writeEh+0x7c>
     69e:	0f b6       	in	r0, 0x3f	; 63
     6a0:	07 fc       	sbrc	r0, 7
     6a2:	fa cf       	rjmp	.-12     	; 0x698 <_ZN14HardwareSerial5writeEh+0x5e>
     6a4:	e8 89       	ldd	r30, Y+16	; 0x10
     6a6:	f9 89       	ldd	r31, Y+17	; 0x11
     6a8:	80 81       	ld	r24, Z
     6aa:	85 ff       	sbrs	r24, 5
     6ac:	f5 cf       	rjmp	.-22     	; 0x698 <_ZN14HardwareSerial5writeEh+0x5e>
     6ae:	ce 01       	movw	r24, r28
     6b0:	0e 94 db 02 	call	0x5b6	; 0x5b6 <_ZN14HardwareSerial17_tx_udr_empty_irqEv>
     6b4:	f1 cf       	rjmp	.-30     	; 0x698 <_ZN14HardwareSerial5writeEh+0x5e>
     6b6:	eb 8d       	ldd	r30, Y+27	; 0x1b
     6b8:	ec 0f       	add	r30, r28
     6ba:	fd 2f       	mov	r31, r29
     6bc:	f1 1d       	adc	r31, r1
     6be:	e3 5a       	subi	r30, 0xA3	; 163
     6c0:	ff 4f       	sbci	r31, 0xFF	; 255
     6c2:	f0 82       	st	Z, r15
     6c4:	9f b7       	in	r25, 0x3f	; 63
     6c6:	f8 94       	cli
     6c8:	0b 8f       	std	Y+27, r16	; 0x1b
     6ca:	ea 89       	ldd	r30, Y+18	; 0x12
     6cc:	fb 89       	ldd	r31, Y+19	; 0x13
     6ce:	80 81       	ld	r24, Z
     6d0:	80 62       	ori	r24, 0x20	; 32
     6d2:	cf cf       	rjmp	.-98     	; 0x672 <_ZN14HardwareSerial5writeEh+0x38>

000006d4 <_ZN14HardwareSerial5beginEmh>:
     6d4:	cf 92       	push	r12
     6d6:	df 92       	push	r13
     6d8:	ef 92       	push	r14
     6da:	ff 92       	push	r15
     6dc:	1f 93       	push	r17
     6de:	cf 93       	push	r28
     6e0:	df 93       	push	r29
     6e2:	ec 01       	movw	r28, r24
     6e4:	6a 01       	movw	r12, r20
     6e6:	7b 01       	movw	r14, r22
     6e8:	12 2f       	mov	r17, r18
     6ea:	e8 89       	ldd	r30, Y+16	; 0x10
     6ec:	f9 89       	ldd	r31, Y+17	; 0x11
     6ee:	82 e0       	ldi	r24, 0x02	; 2
     6f0:	80 83       	st	Z, r24
     6f2:	c1 14       	cp	r12, r1
     6f4:	81 ee       	ldi	r24, 0xE1	; 225
     6f6:	d8 06       	cpc	r13, r24
     6f8:	e1 04       	cpc	r14, r1
     6fa:	f1 04       	cpc	r15, r1
     6fc:	a1 f0       	breq	.+40     	; 0x726 <_ZN14HardwareSerial5beginEmh+0x52>
     6fe:	60 e0       	ldi	r22, 0x00	; 0
     700:	79 e0       	ldi	r23, 0x09	; 9
     702:	8d e3       	ldi	r24, 0x3D	; 61
     704:	90 e0       	ldi	r25, 0x00	; 0
     706:	a7 01       	movw	r20, r14
     708:	96 01       	movw	r18, r12
     70a:	0e 94 7e 08 	call	0x10fc	; 0x10fc <__udivmodsi4>
     70e:	21 50       	subi	r18, 0x01	; 1
     710:	31 09       	sbc	r19, r1
     712:	41 09       	sbc	r20, r1
     714:	51 09       	sbc	r21, r1
     716:	56 95       	lsr	r21
     718:	47 95       	ror	r20
     71a:	37 95       	ror	r19
     71c:	27 95       	ror	r18
     71e:	21 15       	cp	r18, r1
     720:	80 e1       	ldi	r24, 0x10	; 16
     722:	38 07       	cpc	r19, r24
     724:	98 f0       	brcs	.+38     	; 0x74c <_ZN14HardwareSerial5beginEmh+0x78>
     726:	e8 89       	ldd	r30, Y+16	; 0x10
     728:	f9 89       	ldd	r31, Y+17	; 0x11
     72a:	10 82       	st	Z, r1
     72c:	60 e8       	ldi	r22, 0x80	; 128
     72e:	74 e8       	ldi	r23, 0x84	; 132
     730:	8e e1       	ldi	r24, 0x1E	; 30
     732:	90 e0       	ldi	r25, 0x00	; 0
     734:	a7 01       	movw	r20, r14
     736:	96 01       	movw	r18, r12
     738:	0e 94 7e 08 	call	0x10fc	; 0x10fc <__udivmodsi4>
     73c:	21 50       	subi	r18, 0x01	; 1
     73e:	31 09       	sbc	r19, r1
     740:	41 09       	sbc	r20, r1
     742:	51 09       	sbc	r21, r1
     744:	56 95       	lsr	r21
     746:	47 95       	ror	r20
     748:	37 95       	ror	r19
     74a:	27 95       	ror	r18
     74c:	ec 85       	ldd	r30, Y+12	; 0x0c
     74e:	fd 85       	ldd	r31, Y+13	; 0x0d
     750:	30 83       	st	Z, r19
     752:	ee 85       	ldd	r30, Y+14	; 0x0e
     754:	ff 85       	ldd	r31, Y+15	; 0x0f
     756:	20 83       	st	Z, r18
     758:	18 8e       	std	Y+24, r1	; 0x18
     75a:	ec 89       	ldd	r30, Y+20	; 0x14
     75c:	fd 89       	ldd	r31, Y+21	; 0x15
     75e:	10 83       	st	Z, r17
     760:	ea 89       	ldd	r30, Y+18	; 0x12
     762:	fb 89       	ldd	r31, Y+19	; 0x13
     764:	80 81       	ld	r24, Z
     766:	80 61       	ori	r24, 0x10	; 16
     768:	80 83       	st	Z, r24
     76a:	ea 89       	ldd	r30, Y+18	; 0x12
     76c:	fb 89       	ldd	r31, Y+19	; 0x13
     76e:	80 81       	ld	r24, Z
     770:	88 60       	ori	r24, 0x08	; 8
     772:	80 83       	st	Z, r24
     774:	ea 89       	ldd	r30, Y+18	; 0x12
     776:	fb 89       	ldd	r31, Y+19	; 0x13
     778:	80 81       	ld	r24, Z
     77a:	80 68       	ori	r24, 0x80	; 128
     77c:	80 83       	st	Z, r24
     77e:	ea 89       	ldd	r30, Y+18	; 0x12
     780:	fb 89       	ldd	r31, Y+19	; 0x13
     782:	80 81       	ld	r24, Z
     784:	8f 7d       	andi	r24, 0xDF	; 223
     786:	80 83       	st	Z, r24
     788:	df 91       	pop	r29
     78a:	cf 91       	pop	r28
     78c:	1f 91       	pop	r17
     78e:	ff 90       	pop	r15
     790:	ef 90       	pop	r14
     792:	df 90       	pop	r13
     794:	cf 90       	pop	r12
     796:	08 95       	ret

00000798 <__vector_18>:
     798:	1f 92       	push	r1
     79a:	0f 92       	push	r0
     79c:	0f b6       	in	r0, 0x3f	; 63
     79e:	0f 92       	push	r0
     7a0:	11 24       	eor	r1, r1
     7a2:	2f 93       	push	r18
     7a4:	8f 93       	push	r24
     7a6:	9f 93       	push	r25
     7a8:	ef 93       	push	r30
     7aa:	ff 93       	push	r31
     7ac:	e0 91 80 02 	lds	r30, 0x0280	; 0x800280 <Serial+0x10>
     7b0:	f0 91 81 02 	lds	r31, 0x0281	; 0x800281 <Serial+0x11>
     7b4:	80 81       	ld	r24, Z
     7b6:	e0 91 86 02 	lds	r30, 0x0286	; 0x800286 <Serial+0x16>
     7ba:	f0 91 87 02 	lds	r31, 0x0287	; 0x800287 <Serial+0x17>
     7be:	82 fd       	sbrc	r24, 2
     7c0:	1b c0       	rjmp	.+54     	; 0x7f8 <__vector_18+0x60>
     7c2:	90 81       	ld	r25, Z
     7c4:	80 91 89 02 	lds	r24, 0x0289	; 0x800289 <Serial+0x19>
     7c8:	8f 5f       	subi	r24, 0xFF	; 255
     7ca:	8f 73       	andi	r24, 0x3F	; 63
     7cc:	20 91 8a 02 	lds	r18, 0x028A	; 0x80028a <Serial+0x1a>
     7d0:	82 17       	cp	r24, r18
     7d2:	41 f0       	breq	.+16     	; 0x7e4 <__vector_18+0x4c>
     7d4:	e0 91 89 02 	lds	r30, 0x0289	; 0x800289 <Serial+0x19>
     7d8:	f0 e0       	ldi	r31, 0x00	; 0
     7da:	e0 59       	subi	r30, 0x90	; 144
     7dc:	fd 4f       	sbci	r31, 0xFD	; 253
     7de:	95 8f       	std	Z+29, r25	; 0x1d
     7e0:	80 93 89 02 	sts	0x0289, r24	; 0x800289 <Serial+0x19>
     7e4:	ff 91       	pop	r31
     7e6:	ef 91       	pop	r30
     7e8:	9f 91       	pop	r25
     7ea:	8f 91       	pop	r24
     7ec:	2f 91       	pop	r18
     7ee:	0f 90       	pop	r0
     7f0:	0f be       	out	0x3f, r0	; 63
     7f2:	0f 90       	pop	r0
     7f4:	1f 90       	pop	r1
     7f6:	18 95       	reti
     7f8:	80 81       	ld	r24, Z
     7fa:	f4 cf       	rjmp	.-24     	; 0x7e4 <__vector_18+0x4c>

000007fc <__vector_19>:
     7fc:	1f 92       	push	r1
     7fe:	0f 92       	push	r0
     800:	0f b6       	in	r0, 0x3f	; 63
     802:	0f 92       	push	r0
     804:	11 24       	eor	r1, r1
     806:	2f 93       	push	r18
     808:	3f 93       	push	r19
     80a:	4f 93       	push	r20
     80c:	5f 93       	push	r21
     80e:	6f 93       	push	r22
     810:	7f 93       	push	r23
     812:	8f 93       	push	r24
     814:	9f 93       	push	r25
     816:	af 93       	push	r26
     818:	bf 93       	push	r27
     81a:	ef 93       	push	r30
     81c:	ff 93       	push	r31
     81e:	80 e7       	ldi	r24, 0x70	; 112
     820:	92 e0       	ldi	r25, 0x02	; 2
     822:	0e 94 db 02 	call	0x5b6	; 0x5b6 <_ZN14HardwareSerial17_tx_udr_empty_irqEv>
     826:	ff 91       	pop	r31
     828:	ef 91       	pop	r30
     82a:	bf 91       	pop	r27
     82c:	af 91       	pop	r26
     82e:	9f 91       	pop	r25
     830:	8f 91       	pop	r24
     832:	7f 91       	pop	r23
     834:	6f 91       	pop	r22
     836:	5f 91       	pop	r21
     838:	4f 91       	pop	r20
     83a:	3f 91       	pop	r19
     83c:	2f 91       	pop	r18
     83e:	0f 90       	pop	r0
     840:	0f be       	out	0x3f, r0	; 63
     842:	0f 90       	pop	r0
     844:	1f 90       	pop	r1
     846:	18 95       	reti

00000848 <_GLOBAL__sub_I___vector_18>:
     848:	e0 e7       	ldi	r30, 0x70	; 112
     84a:	f2 e0       	ldi	r31, 0x02	; 2
     84c:	13 82       	std	Z+3, r1	; 0x03
     84e:	12 82       	std	Z+2, r1	; 0x02
     850:	88 ee       	ldi	r24, 0xE8	; 232
     852:	93 e0       	ldi	r25, 0x03	; 3
     854:	a0 e0       	ldi	r26, 0x00	; 0
     856:	b0 e0       	ldi	r27, 0x00	; 0
     858:	84 83       	std	Z+4, r24	; 0x04
     85a:	95 83       	std	Z+5, r25	; 0x05
     85c:	a6 83       	std	Z+6, r26	; 0x06
     85e:	b7 83       	std	Z+7, r27	; 0x07
     860:	82 e5       	ldi	r24, 0x52	; 82
     862:	92 e0       	ldi	r25, 0x02	; 2
     864:	91 83       	std	Z+1, r25	; 0x01
     866:	80 83       	st	Z, r24
     868:	85 ec       	ldi	r24, 0xC5	; 197
     86a:	90 e0       	ldi	r25, 0x00	; 0
     86c:	95 87       	std	Z+13, r25	; 0x0d
     86e:	84 87       	std	Z+12, r24	; 0x0c
     870:	84 ec       	ldi	r24, 0xC4	; 196
     872:	90 e0       	ldi	r25, 0x00	; 0
     874:	97 87       	std	Z+15, r25	; 0x0f
     876:	86 87       	std	Z+14, r24	; 0x0e
     878:	80 ec       	ldi	r24, 0xC0	; 192
     87a:	90 e0       	ldi	r25, 0x00	; 0
     87c:	91 8b       	std	Z+17, r25	; 0x11
     87e:	80 8b       	std	Z+16, r24	; 0x10
     880:	81 ec       	ldi	r24, 0xC1	; 193
     882:	90 e0       	ldi	r25, 0x00	; 0
     884:	93 8b       	std	Z+19, r25	; 0x13
     886:	82 8b       	std	Z+18, r24	; 0x12
     888:	82 ec       	ldi	r24, 0xC2	; 194
     88a:	90 e0       	ldi	r25, 0x00	; 0
     88c:	95 8b       	std	Z+21, r25	; 0x15
     88e:	84 8b       	std	Z+20, r24	; 0x14
     890:	86 ec       	ldi	r24, 0xC6	; 198
     892:	90 e0       	ldi	r25, 0x00	; 0
     894:	97 8b       	std	Z+23, r25	; 0x17
     896:	86 8b       	std	Z+22, r24	; 0x16
     898:	11 8e       	std	Z+25, r1	; 0x19
     89a:	12 8e       	std	Z+26, r1	; 0x1a
     89c:	13 8e       	std	Z+27, r1	; 0x1b
     89e:	14 8e       	std	Z+28, r1	; 0x1c
     8a0:	08 95       	ret

000008a2 <_ZN5Print5writeEPKhj>:
     8a2:	af 92       	push	r10
     8a4:	bf 92       	push	r11
     8a6:	cf 92       	push	r12
     8a8:	df 92       	push	r13
     8aa:	ef 92       	push	r14
     8ac:	ff 92       	push	r15
     8ae:	0f 93       	push	r16
     8b0:	1f 93       	push	r17
     8b2:	cf 93       	push	r28
     8b4:	df 93       	push	r29
     8b6:	6c 01       	movw	r12, r24
     8b8:	7b 01       	movw	r14, r22
     8ba:	8b 01       	movw	r16, r22
     8bc:	04 0f       	add	r16, r20
     8be:	15 1f       	adc	r17, r21
     8c0:	eb 01       	movw	r28, r22
     8c2:	5e 01       	movw	r10, r28
     8c4:	ae 18       	sub	r10, r14
     8c6:	bf 08       	sbc	r11, r15
     8c8:	c0 17       	cp	r28, r16
     8ca:	d1 07       	cpc	r29, r17
     8cc:	59 f0       	breq	.+22     	; 0x8e4 <_ZN5Print5writeEPKhj+0x42>
     8ce:	69 91       	ld	r22, Y+
     8d0:	d6 01       	movw	r26, r12
     8d2:	ed 91       	ld	r30, X+
     8d4:	fc 91       	ld	r31, X
     8d6:	01 90       	ld	r0, Z+
     8d8:	f0 81       	ld	r31, Z
     8da:	e0 2d       	mov	r30, r0
     8dc:	c6 01       	movw	r24, r12
     8de:	09 95       	icall
     8e0:	89 2b       	or	r24, r25
     8e2:	79 f7       	brne	.-34     	; 0x8c2 <_ZN5Print5writeEPKhj+0x20>
     8e4:	c5 01       	movw	r24, r10
     8e6:	df 91       	pop	r29
     8e8:	cf 91       	pop	r28
     8ea:	1f 91       	pop	r17
     8ec:	0f 91       	pop	r16
     8ee:	ff 90       	pop	r15
     8f0:	ef 90       	pop	r14
     8f2:	df 90       	pop	r13
     8f4:	cf 90       	pop	r12
     8f6:	bf 90       	pop	r11
     8f8:	af 90       	pop	r10
     8fa:	08 95       	ret

000008fc <_ZN5Print5writeEPKc.part.2>:
     8fc:	fb 01       	movw	r30, r22
     8fe:	01 90       	ld	r0, Z+
     900:	00 20       	and	r0, r0
     902:	e9 f7       	brne	.-6      	; 0x8fe <_ZN5Print5writeEPKc.part.2+0x2>
     904:	31 97       	sbiw	r30, 0x01	; 1
     906:	af 01       	movw	r20, r30
     908:	46 1b       	sub	r20, r22
     90a:	57 0b       	sbc	r21, r23
     90c:	dc 01       	movw	r26, r24
     90e:	ed 91       	ld	r30, X+
     910:	fc 91       	ld	r31, X
     912:	02 80       	ldd	r0, Z+2	; 0x02
     914:	f3 81       	ldd	r31, Z+3	; 0x03
     916:	e0 2d       	mov	r30, r0
     918:	09 94       	ijmp

0000091a <_ZN5Print5printEPKc>:
     91a:	61 15       	cp	r22, r1
     91c:	71 05       	cpc	r23, r1
     91e:	11 f0       	breq	.+4      	; 0x924 <_ZN5Print5printEPKc+0xa>
     920:	0c 94 7e 04 	jmp	0x8fc	; 0x8fc <_ZN5Print5writeEPKc.part.2>
     924:	90 e0       	ldi	r25, 0x00	; 0
     926:	80 e0       	ldi	r24, 0x00	; 0
     928:	08 95       	ret

0000092a <OsEE_atmega_startTimer1>:
     92a:	10 92 81 00 	sts	0x0081, r1	; 0x800081 <__DATA_REGION_ORIGIN__+0x21>
     92e:	10 92 80 00 	sts	0x0080, r1	; 0x800080 <__DATA_REGION_ORIGIN__+0x20>
     932:	10 92 82 00 	sts	0x0082, r1	; 0x800082 <__DATA_REGION_ORIGIN__+0x22>
     936:	10 92 85 00 	sts	0x0085, r1	; 0x800085 <__DATA_REGION_ORIGIN__+0x25>
     93a:	10 92 84 00 	sts	0x0084, r1	; 0x800084 <__DATA_REGION_ORIGIN__+0x24>
     93e:	61 15       	cp	r22, r1
     940:	20 e1       	ldi	r18, 0x10	; 16
     942:	72 07       	cpc	r23, r18
     944:	81 05       	cpc	r24, r1
     946:	91 05       	cpc	r25, r1
     948:	a0 f4       	brcc	.+40     	; 0x972 <OsEE_atmega_startTimer1+0x48>
     94a:	e4 e0       	ldi	r30, 0x04	; 4
     94c:	66 0f       	add	r22, r22
     94e:	77 1f       	adc	r23, r23
     950:	ea 95       	dec	r30
     952:	e1 f7       	brne	.-8      	; 0x94c <OsEE_atmega_startTimer1+0x22>
     954:	61 50       	subi	r22, 0x01	; 1
     956:	71 09       	sbc	r23, r1
     958:	81 e0       	ldi	r24, 0x01	; 1
     95a:	92 e0       	ldi	r25, 0x02	; 2
     95c:	96 bb       	out	0x16, r25	; 22
     95e:	90 93 6f 00 	sts	0x006F, r25	; 0x80006f <__DATA_REGION_ORIGIN__+0xf>
     962:	70 93 89 00 	sts	0x0089, r23	; 0x800089 <__DATA_REGION_ORIGIN__+0x29>
     966:	60 93 88 00 	sts	0x0088, r22	; 0x800088 <__DATA_REGION_ORIGIN__+0x28>
     96a:	88 60       	ori	r24, 0x08	; 8
     96c:	80 93 81 00 	sts	0x0081, r24	; 0x800081 <__DATA_REGION_ORIGIN__+0x21>
     970:	08 95       	ret
     972:	61 15       	cp	r22, r1
     974:	20 e8       	ldi	r18, 0x80	; 128
     976:	72 07       	cpc	r23, r18
     978:	81 05       	cpc	r24, r1
     97a:	91 05       	cpc	r25, r1
     97c:	30 f4       	brcc	.+12     	; 0x98a <OsEE_atmega_startTimer1+0x60>
     97e:	66 0f       	add	r22, r22
     980:	77 1f       	adc	r23, r23
     982:	61 50       	subi	r22, 0x01	; 1
     984:	71 09       	sbc	r23, r1
     986:	82 e0       	ldi	r24, 0x02	; 2
     988:	e8 cf       	rjmp	.-48     	; 0x95a <OsEE_atmega_startTimer1+0x30>
     98a:	6c 3f       	cpi	r22, 0xFC	; 252
     98c:	2f ef       	ldi	r18, 0xFF	; 255
     98e:	72 07       	cpc	r23, r18
     990:	23 e0       	ldi	r18, 0x03	; 3
     992:	82 07       	cpc	r24, r18
     994:	91 05       	cpc	r25, r1
     996:	58 f4       	brcc	.+22     	; 0x9ae <OsEE_atmega_startTimer1+0x84>
     998:	42 e0       	ldi	r20, 0x02	; 2
     99a:	96 95       	lsr	r25
     99c:	87 95       	ror	r24
     99e:	77 95       	ror	r23
     9a0:	67 95       	ror	r22
     9a2:	4a 95       	dec	r20
     9a4:	d1 f7       	brne	.-12     	; 0x99a <OsEE_atmega_startTimer1+0x70>
     9a6:	61 50       	subi	r22, 0x01	; 1
     9a8:	71 09       	sbc	r23, r1
     9aa:	83 e0       	ldi	r24, 0x03	; 3
     9ac:	d6 cf       	rjmp	.-84     	; 0x95a <OsEE_atmega_startTimer1+0x30>
     9ae:	61 15       	cp	r22, r1
     9b0:	71 05       	cpc	r23, r1
     9b2:	20 e1       	ldi	r18, 0x10	; 16
     9b4:	82 07       	cpc	r24, r18
     9b6:	91 05       	cpc	r25, r1
     9b8:	58 f4       	brcc	.+22     	; 0x9d0 <OsEE_atmega_startTimer1+0xa6>
     9ba:	34 e0       	ldi	r19, 0x04	; 4
     9bc:	96 95       	lsr	r25
     9be:	87 95       	ror	r24
     9c0:	77 95       	ror	r23
     9c2:	67 95       	ror	r22
     9c4:	3a 95       	dec	r19
     9c6:	d1 f7       	brne	.-12     	; 0x9bc <OsEE_atmega_startTimer1+0x92>
     9c8:	61 50       	subi	r22, 0x01	; 1
     9ca:	71 09       	sbc	r23, r1
     9cc:	84 e0       	ldi	r24, 0x04	; 4
     9ce:	c5 cf       	rjmp	.-118    	; 0x95a <OsEE_atmega_startTimer1+0x30>
     9d0:	26 e0       	ldi	r18, 0x06	; 6
     9d2:	96 95       	lsr	r25
     9d4:	87 95       	ror	r24
     9d6:	77 95       	ror	r23
     9d8:	67 95       	ror	r22
     9da:	2a 95       	dec	r18
     9dc:	d1 f7       	brne	.-12     	; 0x9d2 <OsEE_atmega_startTimer1+0xa8>
     9de:	61 50       	subi	r22, 0x01	; 1
     9e0:	71 09       	sbc	r23, r1
     9e2:	85 e0       	ldi	r24, 0x05	; 5
     9e4:	ba cf       	rjmp	.-140    	; 0x95a <OsEE_atmega_startTimer1+0x30>

000009e6 <DisableAllInterrupts>:
     9e6:	e0 91 f1 01 	lds	r30, 0x01F1	; 0x8001f1 <osEE_cdb_var>
     9ea:	f0 91 f2 01 	lds	r31, 0x01F2	; 0x8001f2 <osEE_cdb_var+0x1>
     9ee:	f8 94       	cli
     9f0:	81 e0       	ldi	r24, 0x01	; 1
     9f2:	81 8b       	std	Z+17, r24	; 0x11
     9f4:	08 95       	ret

000009f6 <EnableAllInterrupts>:
     9f6:	e0 91 f1 01 	lds	r30, 0x01F1	; 0x8001f1 <osEE_cdb_var>
     9fa:	f0 91 f2 01 	lds	r31, 0x01F2	; 0x8001f2 <osEE_cdb_var+0x1>
     9fe:	81 89       	ldd	r24, Z+17	; 0x11
     a00:	88 23       	and	r24, r24
     a02:	11 f0       	breq	.+4      	; 0xa08 <EnableAllInterrupts+0x12>
     a04:	11 8a       	std	Z+17, r1	; 0x11
     a06:	78 94       	sei
     a08:	08 95       	ret

00000a0a <StartOS>:
     a0a:	0f 93       	push	r16
     a0c:	1f 93       	push	r17
     a0e:	cf 93       	push	r28
     a10:	df 93       	push	r29
     a12:	00 d0       	rcall	.+0      	; 0xa14 <StartOS+0xa>
     a14:	cd b7       	in	r28, 0x3d	; 61
     a16:	de b7       	in	r29, 0x3e	; 62
     a18:	e0 91 f1 01 	lds	r30, 0x01F1	; 0x8001f1 <osEE_cdb_var>
     a1c:	f0 91 f2 01 	lds	r31, 0x01F2	; 0x8001f2 <osEE_cdb_var+0x1>
     a20:	9f b7       	in	r25, 0x3f	; 63
     a22:	f8 94       	cli
     a24:	20 85       	ldd	r18, Z+8	; 0x08
     a26:	31 85       	ldd	r19, Z+9	; 0x09
     a28:	23 2b       	or	r18, r19
     a2a:	51 f0       	breq	.+20     	; 0xa40 <StartOS+0x36>
     a2c:	9f bf       	out	0x3f, r25	; 63
     a2e:	81 e0       	ldi	r24, 0x01	; 1
     a30:	90 e0       	ldi	r25, 0x00	; 0
     a32:	0f 90       	pop	r0
     a34:	0f 90       	pop	r0
     a36:	df 91       	pop	r29
     a38:	cf 91       	pop	r28
     a3a:	1f 91       	pop	r17
     a3c:	0f 91       	pop	r16
     a3e:	08 95       	ret
     a40:	2c e4       	ldi	r18, 0x4C	; 76
     a42:	38 e0       	ldi	r19, 0x08	; 8
     a44:	3a 83       	std	Y+2, r19	; 0x02
     a46:	29 83       	std	Y+1, r18	; 0x01
     a48:	00 91 f3 01 	lds	r16, 0x01F3	; 0x8001f3 <osEE_cdb_var+0x2>
     a4c:	10 91 f4 01 	lds	r17, 0x01F4	; 0x8001f4 <osEE_cdb_var+0x3>
     a50:	21 e0       	ldi	r18, 0x01	; 1
     a52:	30 e0       	ldi	r19, 0x00	; 0
     a54:	31 87       	std	Z+9, r19	; 0x09
     a56:	20 87       	std	Z+8, r18	; 0x08
     a58:	82 87       	std	Z+10, r24	; 0x0a
     a5a:	80 85       	ldd	r24, Z+8	; 0x08
     a5c:	91 85       	ldd	r25, Z+9	; 0x09
     a5e:	01 97       	sbiw	r24, 0x01	; 1
     a60:	21 f4       	brne	.+8      	; 0xa6a <StartOS+0x60>
     a62:	82 e0       	ldi	r24, 0x02	; 2
     a64:	90 e0       	ldi	r25, 0x00	; 0
     a66:	91 87       	std	Z+9, r25	; 0x09
     a68:	80 87       	std	Z+8, r24	; 0x08
     a6a:	80 85       	ldd	r24, Z+8	; 0x08
     a6c:	91 85       	ldd	r25, Z+9	; 0x09
     a6e:	02 97       	sbiw	r24, 0x02	; 2
     a70:	51 f4       	brne	.+20     	; 0xa86 <StartOS+0x7c>
     a72:	f8 01       	movw	r30, r16
     a74:	62 81       	ldd	r22, Z+2	; 0x02
     a76:	73 81       	ldd	r23, Z+3	; 0x03
     a78:	ab 01       	movw	r20, r22
     a7a:	c8 01       	movw	r24, r16
     a7c:	0e 94 a8 00 	call	0x150	; 0x150 <osEE_hal_save_ctx_and_ready2stacked>
     a80:	c8 01       	movw	r24, r16
     a82:	0e 94 ca 06 	call	0xd94	; 0xd94 <osEE_task_end>
     a86:	90 e0       	ldi	r25, 0x00	; 0
     a88:	80 e0       	ldi	r24, 0x00	; 0
     a8a:	d3 cf       	rjmp	.-90     	; 0xa32 <StartOS+0x28>

00000a8c <ActivateTask>:
     a8c:	ff 92       	push	r15
     a8e:	0f 93       	push	r16
     a90:	1f 93       	push	r17
     a92:	cf 93       	push	r28
     a94:	df 93       	push	r29
     a96:	90 e0       	ldi	r25, 0x00	; 0
     a98:	20 91 eb 01 	lds	r18, 0x01EB	; 0x8001eb <osEE_kdb_var+0x4>
     a9c:	30 91 ec 01 	lds	r19, 0x01EC	; 0x8001ec <osEE_kdb_var+0x5>
     aa0:	82 17       	cp	r24, r18
     aa2:	93 07       	cpc	r25, r19
     aa4:	28 f5       	brcc	.+74     	; 0xaf0 <ActivateTask+0x64>
     aa6:	20 91 e9 01 	lds	r18, 0x01E9	; 0x8001e9 <osEE_kdb_var+0x2>
     aaa:	30 91 ea 01 	lds	r19, 0x01EA	; 0x8001ea <osEE_kdb_var+0x3>
     aae:	88 0f       	add	r24, r24
     ab0:	99 1f       	adc	r25, r25
     ab2:	82 0f       	add	r24, r18
     ab4:	93 1f       	adc	r25, r19
     ab6:	fc 01       	movw	r30, r24
     ab8:	00 81       	ld	r16, Z
     aba:	11 81       	ldd	r17, Z+1	; 0x01
     abc:	f8 01       	movw	r30, r16
     abe:	87 81       	ldd	r24, Z+7	; 0x07
     ac0:	90 85       	ldd	r25, Z+8	; 0x08
     ac2:	02 97       	sbiw	r24, 0x02	; 2
     ac4:	a8 f4       	brcc	.+42     	; 0xaf0 <ActivateTask+0x64>
     ac6:	ff b6       	in	r15, 0x3f	; 63
     ac8:	f8 94       	cli
     aca:	c8 01       	movw	r24, r16
     acc:	0e 94 b8 06 	call	0xd70	; 0xd70 <osEE_task_activated>
     ad0:	ec 01       	movw	r28, r24
     ad2:	89 2b       	or	r24, r25
     ad4:	29 f4       	brne	.+10     	; 0xae0 <ActivateTask+0x54>
     ad6:	b8 01       	movw	r22, r16
     ad8:	87 ee       	ldi	r24, 0xE7	; 231
     ada:	91 e0       	ldi	r25, 0x01	; 1
     adc:	0e 94 f7 06 	call	0xdee	; 0xdee <osEE_scheduler_task_activated>
     ae0:	ff be       	out	0x3f, r15	; 63
     ae2:	ce 01       	movw	r24, r28
     ae4:	df 91       	pop	r29
     ae6:	cf 91       	pop	r28
     ae8:	1f 91       	pop	r17
     aea:	0f 91       	pop	r16
     aec:	ff 90       	pop	r15
     aee:	08 95       	ret
     af0:	c3 e0       	ldi	r28, 0x03	; 3
     af2:	d0 e0       	ldi	r29, 0x00	; 0
     af4:	f6 cf       	rjmp	.-20     	; 0xae2 <ActivateTask+0x56>

00000af6 <TerminateTask>:
     af6:	e0 91 f1 01 	lds	r30, 0x01F1	; 0x8001f1 <osEE_cdb_var>
     afa:	f0 91 f2 01 	lds	r31, 0x01F2	; 0x8001f2 <osEE_cdb_var+0x1>
     afe:	a0 81       	ld	r26, Z
     b00:	b1 81       	ldd	r27, Z+1	; 0x01
     b02:	87 85       	ldd	r24, Z+15	; 0x0f
     b04:	88 23       	and	r24, r24
     b06:	19 f0       	breq	.+6      	; 0xb0e <TerminateTask+0x18>
     b08:	17 86       	std	Z+15, r1	; 0x0f
     b0a:	85 85       	ldd	r24, Z+13	; 0x0d
     b0c:	8f bf       	out	0x3f, r24	; 63
     b0e:	81 89       	ldd	r24, Z+17	; 0x11
     b10:	88 23       	and	r24, r24
     b12:	11 f0       	breq	.+4      	; 0xb18 <TerminateTask+0x22>
     b14:	11 8a       	std	Z+17, r1	; 0x11
     b16:	78 94       	sei
     b18:	8f b7       	in	r24, 0x3f	; 63
     b1a:	f8 94       	cli
     b1c:	64 e3       	ldi	r22, 0x34	; 52
     b1e:	78 e0       	ldi	r23, 0x08	; 8
     b20:	12 96       	adiw	r26, 0x02	; 2
     b22:	8d 91       	ld	r24, X+
     b24:	9c 91       	ld	r25, X
     b26:	0e 94 c8 00 	call	0x190	; 0x190 <osEE_hal_terminate_ctx>

00000b2a <osEE_scheduler_task_wrapper_restore>:
     b2a:	dc 01       	movw	r26, r24
     b2c:	14 96       	adiw	r26, 0x04	; 4
     b2e:	ed 91       	ld	r30, X+
     b30:	fc 91       	ld	r31, X
     b32:	84 e0       	ldi	r24, 0x04	; 4
     b34:	90 e0       	ldi	r25, 0x00	; 0
     b36:	93 83       	std	Z+3, r25	; 0x03
     b38:	82 83       	std	Z+2, r24	; 0x02
     b3a:	08 95       	ret

00000b3c <osEE_scheduler_task_wrapper_run>:
     b3c:	ec 01       	movw	r28, r24
     b3e:	ec 81       	ldd	r30, Y+4	; 0x04
     b40:	fd 81       	ldd	r31, Y+5	; 0x05
     b42:	81 81       	ldd	r24, Z+1	; 0x01
     b44:	24 e0       	ldi	r18, 0x04	; 4
     b46:	30 e0       	ldi	r19, 0x00	; 0
     b48:	33 83       	std	Z+3, r19	; 0x03
     b4a:	22 83       	std	Z+2, r18	; 0x02
     b4c:	8f 3f       	cpi	r24, 0xFF	; 255
     b4e:	09 f0       	breq	.+2      	; 0xb52 <osEE_scheduler_task_wrapper_run+0x16>
     b50:	78 94       	sei
     b52:	e9 85       	ldd	r30, Y+9	; 0x09
     b54:	fa 85       	ldd	r31, Y+10	; 0x0a
     b56:	09 95       	icall
     b58:	e0 91 f1 01 	lds	r30, 0x01F1	; 0x8001f1 <osEE_cdb_var>
     b5c:	f0 91 f2 01 	lds	r31, 0x01F2	; 0x8001f2 <osEE_cdb_var+0x1>
     b60:	10 8a       	std	Z+16, r1	; 0x10
     b62:	87 85       	ldd	r24, Z+15	; 0x0f
     b64:	88 23       	and	r24, r24
     b66:	19 f0       	breq	.+6      	; 0xb6e <osEE_scheduler_task_wrapper_run+0x32>
     b68:	17 86       	std	Z+15, r1	; 0x0f
     b6a:	85 85       	ldd	r24, Z+13	; 0x0d
     b6c:	8f bf       	out	0x3f, r24	; 63
     b6e:	81 89       	ldd	r24, Z+17	; 0x11
     b70:	88 23       	and	r24, r24
     b72:	11 f0       	breq	.+4      	; 0xb78 <osEE_scheduler_task_wrapper_run+0x3c>
     b74:	11 8a       	std	Z+17, r1	; 0x11
     b76:	78 94       	sei
     b78:	8f b7       	in	r24, 0x3f	; 63
     b7a:	f8 94       	cli
     b7c:	8f 81       	ldd	r24, Y+7	; 0x07
     b7e:	98 85       	ldd	r25, Y+8	; 0x08
     b80:	ec 81       	ldd	r30, Y+4	; 0x04
     b82:	fd 81       	ldd	r31, Y+5	; 0x05
     b84:	02 97       	sbiw	r24, 0x02	; 2
     b86:	09 f5       	brne	.+66     	; 0xbca <osEE_scheduler_task_wrapper_run+0x8e>
     b88:	a4 81       	ldd	r26, Z+4	; 0x04
     b8a:	b5 81       	ldd	r27, Z+5	; 0x05
     b8c:	10 97       	sbiw	r26, 0x00	; 0
     b8e:	31 f4       	brne	.+12     	; 0xb9c <osEE_scheduler_task_wrapper_run+0x60>
     b90:	64 e3       	ldi	r22, 0x34	; 52
     b92:	78 e0       	ldi	r23, 0x08	; 8
     b94:	8a 81       	ldd	r24, Y+2	; 0x02
     b96:	9b 81       	ldd	r25, Y+3	; 0x03
     b98:	0e 94 c8 00 	call	0x190	; 0x190 <osEE_hal_terminate_ctx>
     b9c:	0d 90       	ld	r0, X+
     b9e:	bc 91       	ld	r27, X
     ba0:	a0 2d       	mov	r26, r0
     ba2:	14 96       	adiw	r26, 0x04	; 4
     ba4:	1c 92       	st	X, r1
     ba6:	1e 92       	st	-X, r1
     ba8:	13 97       	sbiw	r26, 0x03	; 3
     baa:	8d 91       	ld	r24, X+
     bac:	9c 91       	ld	r25, X
     bae:	95 83       	std	Z+5, r25	; 0x05
     bb0:	84 83       	std	Z+4, r24	; 0x04
     bb2:	ea cf       	rjmp	.-44     	; 0xb88 <osEE_scheduler_task_wrapper_run+0x4c>
     bb4:	0d 90       	ld	r0, X+
     bb6:	bc 91       	ld	r27, X
     bb8:	a0 2d       	mov	r26, r0
     bba:	14 96       	adiw	r26, 0x04	; 4
     bbc:	1c 92       	st	X, r1
     bbe:	1e 92       	st	-X, r1
     bc0:	13 97       	sbiw	r26, 0x03	; 3
     bc2:	8d 91       	ld	r24, X+
     bc4:	9c 91       	ld	r25, X
     bc6:	95 83       	std	Z+5, r25	; 0x05
     bc8:	84 83       	std	Z+4, r24	; 0x04
     bca:	a4 81       	ldd	r26, Z+4	; 0x04
     bcc:	b5 81       	ldd	r27, Z+5	; 0x05
     bce:	10 97       	sbiw	r26, 0x00	; 0
     bd0:	89 f7       	brne	.-30     	; 0xbb4 <osEE_scheduler_task_wrapper_run+0x78>
     bd2:	de cf       	rjmp	.-68     	; 0xb90 <osEE_scheduler_task_wrapper_run+0x54>

00000bd4 <osEE_idle_hook_wrapper>:
     bd4:	e0 91 f1 01 	lds	r30, 0x01F1	; 0x8001f1 <osEE_cdb_var>
     bd8:	f0 91 f2 01 	lds	r31, 0x01F2	; 0x8001f2 <osEE_cdb_var+0x1>
     bdc:	80 85       	ldd	r24, Z+8	; 0x08
     bde:	91 85       	ldd	r25, Z+9	; 0x09
     be0:	02 97       	sbiw	r24, 0x02	; 2
     be2:	e1 f3       	breq	.-8      	; 0xbdc <osEE_idle_hook_wrapper+0x8>
     be4:	80 91 f3 01 	lds	r24, 0x01F3	; 0x8001f3 <osEE_cdb_var+0x2>
     be8:	90 91 f4 01 	lds	r25, 0x01F4	; 0x8001f4 <osEE_cdb_var+0x3>
     bec:	0c 94 19 08 	jmp	0x1032	; 0x1032 <osEE_idle_task_terminate>

00000bf0 <osEE_scheduler_core_rq_preempt_stk>:
     bf0:	0f 93       	push	r16
     bf2:	1f 93       	push	r17
     bf4:	cf 93       	push	r28
     bf6:	df 93       	push	r29
     bf8:	ec 01       	movw	r28, r24
     bfa:	a8 81       	ld	r26, Y
     bfc:	b9 81       	ldd	r27, Y+1	; 0x01
     bfe:	eb 01       	movw	r28, r22
     c00:	e8 81       	ld	r30, Y
     c02:	f9 81       	ldd	r31, Y+1	; 0x01
     c04:	16 96       	adiw	r26, 0x06	; 6
     c06:	cd 91       	ld	r28, X+
     c08:	dc 91       	ld	r29, X
     c0a:	17 97       	sbiw	r26, 0x07	; 7
     c0c:	20 97       	sbiw	r28, 0x00	; 0
     c0e:	c1 f1       	breq	.+112    	; 0xc80 <osEE_scheduler_core_rq_preempt_stk+0x90>
     c10:	8a 81       	ldd	r24, Y+2	; 0x02
     c12:	9b 81       	ldd	r25, Y+3	; 0x03
     c14:	30 97       	sbiw	r30, 0x00	; 0
     c16:	09 f4       	brne	.+2      	; 0xc1a <osEE_scheduler_core_rq_preempt_stk+0x2a>
     c18:	3f c0       	rjmp	.+126    	; 0xc98 <osEE_scheduler_core_rq_preempt_stk+0xa8>
     c1a:	ec 01       	movw	r28, r24
     c1c:	0c 81       	ldd	r16, Y+4	; 0x04
     c1e:	1d 81       	ldd	r17, Y+5	; 0x05
     c20:	22 81       	ldd	r18, Z+2	; 0x02
     c22:	33 81       	ldd	r19, Z+3	; 0x03
     c24:	e9 01       	movw	r28, r18
     c26:	4c 81       	ldd	r20, Y+4	; 0x04
     c28:	5d 81       	ldd	r21, Y+5	; 0x05
     c2a:	e8 01       	movw	r28, r16
     c2c:	39 81       	ldd	r19, Y+1	; 0x01
     c2e:	ea 01       	movw	r28, r20
     c30:	29 81       	ldd	r18, Y+1	; 0x01
     c32:	32 17       	cp	r19, r18
     c34:	88 f5       	brcc	.+98     	; 0xc98 <osEE_scheduler_core_rq_preempt_stk+0xa8>
     c36:	22 e0       	ldi	r18, 0x02	; 2
     c38:	30 e0       	ldi	r19, 0x00	; 0
     c3a:	e8 01       	movw	r28, r16
     c3c:	3b 83       	std	Y+3, r19	; 0x03
     c3e:	2a 83       	std	Y+2, r18	; 0x02
     c40:	20 81       	ld	r18, Z
     c42:	31 81       	ldd	r19, Z+1	; 0x01
     c44:	eb 01       	movw	r28, r22
     c46:	39 83       	std	Y+1, r19	; 0x01
     c48:	28 83       	st	Y, r18
     c4a:	c2 81       	ldd	r28, Z+2	; 0x02
     c4c:	d3 81       	ldd	r29, Z+3	; 0x03
     c4e:	2c 81       	ldd	r18, Y+4	; 0x04
     c50:	3d 81       	ldd	r19, Y+5	; 0x05
     c52:	16 96       	adiw	r26, 0x06	; 6
     c54:	4d 91       	ld	r20, X+
     c56:	5c 91       	ld	r21, X
     c58:	17 97       	sbiw	r26, 0x07	; 7
     c5a:	51 83       	std	Z+1, r21	; 0x01
     c5c:	40 83       	st	Z, r20
     c5e:	17 96       	adiw	r26, 0x07	; 7
     c60:	fc 93       	st	X, r31
     c62:	ee 93       	st	-X, r30
     c64:	16 97       	sbiw	r26, 0x06	; 6
     c66:	cd 93       	st	X+, r28
     c68:	dc 93       	st	X, r29
     c6a:	4c 85       	ldd	r20, Y+12	; 0x0c
     c6c:	f9 01       	movw	r30, r18
     c6e:	51 81       	ldd	r21, Z+1	; 0x01
     c70:	54 17       	cp	r21, r20
     c72:	08 f4       	brcc	.+2      	; 0xc76 <osEE_scheduler_core_rq_preempt_stk+0x86>
     c74:	41 83       	std	Z+1, r20	; 0x01
     c76:	df 91       	pop	r29
     c78:	cf 91       	pop	r28
     c7a:	1f 91       	pop	r17
     c7c:	0f 91       	pop	r16
     c7e:	08 95       	ret
     c80:	30 97       	sbiw	r30, 0x00	; 0
     c82:	51 f0       	breq	.+20     	; 0xc98 <osEE_scheduler_core_rq_preempt_stk+0xa8>
     c84:	ec 01       	movw	r28, r24
     c86:	8a 81       	ldd	r24, Y+2	; 0x02
     c88:	9b 81       	ldd	r25, Y+3	; 0x03
     c8a:	ec 01       	movw	r28, r24
     c8c:	4c 81       	ldd	r20, Y+4	; 0x04
     c8e:	5d 81       	ldd	r21, Y+5	; 0x05
     c90:	22 e0       	ldi	r18, 0x02	; 2
     c92:	30 e0       	ldi	r19, 0x00	; 0
     c94:	ea 01       	movw	r28, r20
     c96:	d2 cf       	rjmp	.-92     	; 0xc3c <osEE_scheduler_core_rq_preempt_stk+0x4c>
     c98:	90 e0       	ldi	r25, 0x00	; 0
     c9a:	80 e0       	ldi	r24, 0x00	; 0
     c9c:	ec cf       	rjmp	.-40     	; 0xc76 <osEE_scheduler_core_rq_preempt_stk+0x86>

00000c9e <osEE_sn_priority_insert>:
     c9e:	cf 93       	push	r28
     ca0:	df 93       	push	r29
     ca2:	db 01       	movw	r26, r22
     ca4:	12 96       	adiw	r26, 0x02	; 2
     ca6:	ed 91       	ld	r30, X+
     ca8:	fc 91       	ld	r31, X
     caa:	41 15       	cp	r20, r1
     cac:	51 05       	cpc	r21, r1
     cae:	a1 f0       	breq	.+40     	; 0xcd8 <osEE_sn_priority_insert+0x3a>
     cb0:	23 85       	ldd	r18, Z+11	; 0x0b
     cb2:	dc 01       	movw	r26, r24
     cb4:	ed 91       	ld	r30, X+
     cb6:	fc 91       	ld	r31, X
     cb8:	b0 e0       	ldi	r27, 0x00	; 0
     cba:	a0 e0       	ldi	r26, 0x00	; 0
     cbc:	30 97       	sbiw	r30, 0x00	; 0
     cbe:	89 f4       	brne	.+34     	; 0xce2 <osEE_sn_priority_insert+0x44>
     cc0:	10 97       	sbiw	r26, 0x00	; 0
     cc2:	09 f1       	breq	.+66     	; 0xd06 <osEE_sn_priority_insert+0x68>
     cc4:	6d 93       	st	X+, r22
     cc6:	7c 93       	st	X, r23
     cc8:	90 e0       	ldi	r25, 0x00	; 0
     cca:	80 e0       	ldi	r24, 0x00	; 0
     ccc:	db 01       	movw	r26, r22
     cce:	ed 93       	st	X+, r30
     cd0:	fc 93       	st	X, r31
     cd2:	df 91       	pop	r29
     cd4:	cf 91       	pop	r28
     cd6:	08 95       	ret
     cd8:	04 80       	ldd	r0, Z+4	; 0x04
     cda:	f5 81       	ldd	r31, Z+5	; 0x05
     cdc:	e0 2d       	mov	r30, r0
     cde:	21 81       	ldd	r18, Z+1	; 0x01
     ce0:	e8 cf       	rjmp	.-48     	; 0xcb2 <osEE_sn_priority_insert+0x14>
     ce2:	c2 81       	ldd	r28, Z+2	; 0x02
     ce4:	d3 81       	ldd	r29, Z+3	; 0x03
     ce6:	41 15       	cp	r20, r1
     ce8:	51 05       	cpc	r21, r1
     cea:	41 f0       	breq	.+16     	; 0xcfc <osEE_sn_priority_insert+0x5e>
     cec:	3b 85       	ldd	r19, Y+11	; 0x0b
     cee:	32 17       	cp	r19, r18
     cf0:	38 f3       	brcs	.-50     	; 0xcc0 <osEE_sn_priority_insert+0x22>
     cf2:	df 01       	movw	r26, r30
     cf4:	01 90       	ld	r0, Z+
     cf6:	f0 81       	ld	r31, Z
     cf8:	e0 2d       	mov	r30, r0
     cfa:	e0 cf       	rjmp	.-64     	; 0xcbc <osEE_sn_priority_insert+0x1e>
     cfc:	0c 80       	ldd	r0, Y+4	; 0x04
     cfe:	dd 81       	ldd	r29, Y+5	; 0x05
     d00:	c0 2d       	mov	r28, r0
     d02:	39 81       	ldd	r19, Y+1	; 0x01
     d04:	f4 cf       	rjmp	.-24     	; 0xcee <osEE_sn_priority_insert+0x50>
     d06:	dc 01       	movw	r26, r24
     d08:	6d 93       	st	X+, r22
     d0a:	7c 93       	st	X, r23
     d0c:	81 e0       	ldi	r24, 0x01	; 1
     d0e:	90 e0       	ldi	r25, 0x00	; 0
     d10:	dd cf       	rjmp	.-70     	; 0xccc <osEE_sn_priority_insert+0x2e>

00000d12 <osEE_scheduler_rq_insert>:
     d12:	fb 01       	movw	r30, r22
     d14:	53 83       	std	Z+3, r21	; 0x03
     d16:	42 83       	std	Z+2, r20	; 0x02
     d18:	41 e0       	ldi	r20, 0x01	; 1
     d1a:	50 e0       	ldi	r21, 0x00	; 0
     d1c:	0c 94 4f 06 	jmp	0xc9e	; 0xc9e <osEE_sn_priority_insert>

00000d20 <osEE_scheduler_core_pop_running>:
     d20:	ef 92       	push	r14
     d22:	ff 92       	push	r15
     d24:	0f 93       	push	r16
     d26:	1f 93       	push	r17
     d28:	cf 93       	push	r28
     d2a:	df 93       	push	r29
     d2c:	8c 01       	movw	r16, r24
     d2e:	fc 01       	movw	r30, r24
     d30:	c0 81       	ld	r28, Z
     d32:	d1 81       	ldd	r29, Z+1	; 0x01
     d34:	ee 80       	ldd	r14, Y+6	; 0x06
     d36:	ff 80       	ldd	r15, Y+7	; 0x07
     d38:	f7 01       	movw	r30, r14
     d3a:	80 81       	ld	r24, Z
     d3c:	91 81       	ldd	r25, Z+1	; 0x01
     d3e:	9f 83       	std	Y+7, r25	; 0x07
     d40:	8e 83       	std	Y+6, r24	; 0x06
     d42:	c8 01       	movw	r24, r16
     d44:	0e 94 f8 05 	call	0xbf0	; 0xbf0 <osEE_scheduler_core_rq_preempt_stk>
     d48:	89 2b       	or	r24, r25
     d4a:	41 f4       	brne	.+16     	; 0xd5c <osEE_scheduler_core_pop_running+0x3c>
     d4c:	ee 81       	ldd	r30, Y+6	; 0x06
     d4e:	ff 81       	ldd	r31, Y+7	; 0x07
     d50:	30 97       	sbiw	r30, 0x00	; 0
     d52:	61 f0       	breq	.+24     	; 0xd6c <osEE_scheduler_core_pop_running+0x4c>
     d54:	82 81       	ldd	r24, Z+2	; 0x02
     d56:	93 81       	ldd	r25, Z+3	; 0x03
     d58:	99 83       	std	Y+1, r25	; 0x01
     d5a:	88 83       	st	Y, r24
     d5c:	c7 01       	movw	r24, r14
     d5e:	df 91       	pop	r29
     d60:	cf 91       	pop	r28
     d62:	1f 91       	pop	r17
     d64:	0f 91       	pop	r16
     d66:	ff 90       	pop	r15
     d68:	ef 90       	pop	r14
     d6a:	08 95       	ret
     d6c:	f8 01       	movw	r30, r16
     d6e:	f2 cf       	rjmp	.-28     	; 0xd54 <osEE_scheduler_core_pop_running+0x34>

00000d70 <osEE_task_activated>:
     d70:	dc 01       	movw	r26, r24
     d72:	14 96       	adiw	r26, 0x04	; 4
     d74:	ed 91       	ld	r30, X+
     d76:	fc 91       	ld	r31, X
     d78:	15 97       	sbiw	r26, 0x05	; 5
     d7a:	90 81       	ld	r25, Z
     d7c:	1d 96       	adiw	r26, 0x0d	; 13
     d7e:	8c 91       	ld	r24, X
     d80:	98 17       	cp	r25, r24
     d82:	28 f4       	brcc	.+10     	; 0xd8e <osEE_task_activated+0x1e>
     d84:	9f 5f       	subi	r25, 0xFF	; 255
     d86:	90 83       	st	Z, r25
     d88:	90 e0       	ldi	r25, 0x00	; 0
     d8a:	80 e0       	ldi	r24, 0x00	; 0
     d8c:	08 95       	ret
     d8e:	84 e0       	ldi	r24, 0x04	; 4
     d90:	90 e0       	ldi	r25, 0x00	; 0
     d92:	08 95       	ret

00000d94 <osEE_task_end>:
     d94:	dc 01       	movw	r26, r24
     d96:	14 96       	adiw	r26, 0x04	; 4
     d98:	ed 91       	ld	r30, X+
     d9a:	fc 91       	ld	r31, X
     d9c:	15 97       	sbiw	r26, 0x05	; 5
     d9e:	1b 96       	adiw	r26, 0x0b	; 11
     da0:	8c 91       	ld	r24, X
     da2:	81 83       	std	Z+1, r24	; 0x01
     da4:	80 81       	ld	r24, Z
     da6:	81 50       	subi	r24, 0x01	; 1
     da8:	80 83       	st	Z, r24
     daa:	81 11       	cpse	r24, r1
     dac:	03 c0       	rjmp	.+6      	; 0xdb4 <osEE_task_end+0x20>
     dae:	13 82       	std	Z+3, r1	; 0x03
     db0:	12 82       	std	Z+2, r1	; 0x02
     db2:	08 95       	ret
     db4:	81 e0       	ldi	r24, 0x01	; 1
     db6:	90 e0       	ldi	r25, 0x00	; 0
     db8:	93 83       	std	Z+3, r25	; 0x03
     dba:	82 83       	std	Z+2, r24	; 0x02
     dbc:	08 95       	ret

00000dbe <osEE_activate_isr2>:
     dbe:	e0 91 e9 01 	lds	r30, 0x01E9	; 0x8001e9 <osEE_kdb_var+0x2>
     dc2:	f0 91 ea 01 	lds	r31, 0x01EA	; 0x8001ea <osEE_kdb_var+0x3>
     dc6:	90 e0       	ldi	r25, 0x00	; 0
     dc8:	88 0f       	add	r24, r24
     dca:	99 1f       	adc	r25, r25
     dcc:	e8 0f       	add	r30, r24
     dce:	f9 1f       	adc	r31, r25
     dd0:	60 81       	ld	r22, Z
     dd2:	71 81       	ldd	r23, Z+1	; 0x01
     dd4:	db 01       	movw	r26, r22
     dd6:	14 96       	adiw	r26, 0x04	; 4
     dd8:	ed 91       	ld	r30, X+
     dda:	fc 91       	ld	r31, X
     ddc:	80 81       	ld	r24, Z
     dde:	8f 5f       	subi	r24, 0xFF	; 255
     de0:	80 83       	st	Z, r24
     de2:	50 e0       	ldi	r21, 0x00	; 0
     de4:	40 e0       	ldi	r20, 0x00	; 0
     de6:	87 ee       	ldi	r24, 0xE7	; 231
     de8:	91 e0       	ldi	r25, 0x01	; 1
     dea:	0c 94 bb 07 	jmp	0xf76	; 0xf76 <osEE_scheduler_task_set_running>

00000dee <osEE_scheduler_task_activated>:
     dee:	ef 92       	push	r14
     df0:	ff 92       	push	r15
     df2:	0f 93       	push	r16
     df4:	1f 93       	push	r17
     df6:	cf 93       	push	r28
     df8:	df 93       	push	r29
     dfa:	db 01       	movw	r26, r22
     dfc:	14 96       	adiw	r26, 0x04	; 4
     dfe:	ed 90       	ld	r14, X+
     e00:	fc 90       	ld	r15, X
     e02:	e0 91 f1 01 	lds	r30, 0x01F1	; 0x8001f1 <osEE_cdb_var>
     e06:	f0 91 f2 01 	lds	r31, 0x01F2	; 0x8001f2 <osEE_cdb_var+0x1>
     e0a:	80 81       	ld	r24, Z
     e0c:	91 81       	ldd	r25, Z+1	; 0x01
     e0e:	ec 01       	movw	r28, r24
     e10:	4c 81       	ldd	r20, Y+4	; 0x04
     e12:	5d 81       	ldd	r21, Y+5	; 0x05
     e14:	a4 81       	ldd	r26, Z+4	; 0x04
     e16:	b5 81       	ldd	r27, Z+5	; 0x05
     e18:	2d 91       	ld	r18, X+
     e1a:	3c 91       	ld	r19, X
     e1c:	11 97       	sbiw	r26, 0x01	; 1
     e1e:	ea 01       	movw	r28, r20
     e20:	09 81       	ldd	r16, Y+1	; 0x01
     e22:	e7 01       	movw	r28, r14
     e24:	19 81       	ldd	r17, Y+1	; 0x01
     e26:	01 17       	cp	r16, r17
     e28:	10 f5       	brcc	.+68     	; 0xe6e <osEE_scheduler_task_activated+0x80>
     e2a:	35 83       	std	Z+5, r19	; 0x05
     e2c:	24 83       	std	Z+4, r18	; 0x04
     e2e:	22 e0       	ldi	r18, 0x02	; 2
     e30:	30 e0       	ldi	r19, 0x00	; 0
     e32:	ea 01       	movw	r28, r20
     e34:	3b 83       	std	Y+3, r19	; 0x03
     e36:	2a 83       	std	Y+2, r18	; 0x02
     e38:	13 96       	adiw	r26, 0x03	; 3
     e3a:	7c 93       	st	X, r23
     e3c:	6e 93       	st	-X, r22
     e3e:	12 97       	sbiw	r26, 0x02	; 2
     e40:	26 81       	ldd	r18, Z+6	; 0x06
     e42:	37 81       	ldd	r19, Z+7	; 0x07
     e44:	11 96       	adiw	r26, 0x01	; 1
     e46:	3c 93       	st	X, r19
     e48:	2e 93       	st	-X, r18
     e4a:	b7 83       	std	Z+7, r27	; 0x07
     e4c:	a6 83       	std	Z+6, r26	; 0x06
     e4e:	71 83       	std	Z+1, r23	; 0x01
     e50:	60 83       	st	Z, r22
     e52:	f7 01       	movw	r30, r14
     e54:	11 86       	std	Z+9, r1	; 0x09
     e56:	10 86       	std	Z+8, r1	; 0x08
     e58:	0e 94 f3 07 	call	0xfe6	; 0xfe6 <osEE_change_context_from_running>
     e5c:	81 e0       	ldi	r24, 0x01	; 1
     e5e:	90 e0       	ldi	r25, 0x00	; 0
     e60:	df 91       	pop	r29
     e62:	cf 91       	pop	r28
     e64:	1f 91       	pop	r17
     e66:	0f 91       	pop	r16
     e68:	ff 90       	pop	r15
     e6a:	ef 90       	pop	r14
     e6c:	08 95       	ret
     e6e:	8a 81       	ldd	r24, Y+2	; 0x02
     e70:	9b 81       	ldd	r25, Y+3	; 0x03
     e72:	89 2b       	or	r24, r25
     e74:	31 f4       	brne	.+12     	; 0xe82 <osEE_scheduler_task_activated+0x94>
     e76:	81 e0       	ldi	r24, 0x01	; 1
     e78:	90 e0       	ldi	r25, 0x00	; 0
     e7a:	9b 83       	std	Y+3, r25	; 0x03
     e7c:	8a 83       	std	Y+2, r24	; 0x02
     e7e:	19 86       	std	Y+9, r1	; 0x09
     e80:	18 86       	std	Y+8, r1	; 0x08
     e82:	35 83       	std	Z+5, r19	; 0x05
     e84:	24 83       	std	Z+4, r18	; 0x04
     e86:	11 96       	adiw	r26, 0x01	; 1
     e88:	1c 92       	st	X, r1
     e8a:	1e 92       	st	-X, r1
     e8c:	ab 01       	movw	r20, r22
     e8e:	bd 01       	movw	r22, r26
     e90:	cf 01       	movw	r24, r30
     e92:	02 96       	adiw	r24, 0x02	; 2
     e94:	0e 94 89 06 	call	0xd12	; 0xd12 <osEE_scheduler_rq_insert>
     e98:	90 e0       	ldi	r25, 0x00	; 0
     e9a:	80 e0       	ldi	r24, 0x00	; 0
     e9c:	e1 cf       	rjmp	.-62     	; 0xe60 <osEE_scheduler_task_activated+0x72>

00000e9e <osEE_scheduler_task_terminated>:
     e9e:	af 92       	push	r10
     ea0:	bf 92       	push	r11
     ea2:	cf 92       	push	r12
     ea4:	df 92       	push	r13
     ea6:	ef 92       	push	r14
     ea8:	ff 92       	push	r15
     eaa:	0f 93       	push	r16
     eac:	1f 93       	push	r17
     eae:	cf 93       	push	r28
     eb0:	df 93       	push	r29
     eb2:	c0 91 f1 01 	lds	r28, 0x01F1	; 0x8001f1 <osEE_cdb_var>
     eb6:	d0 91 f2 01 	lds	r29, 0x01F2	; 0x8001f2 <osEE_cdb_var+0x1>
     eba:	fe 01       	movw	r30, r28
     ebc:	e1 90       	ld	r14, Z+
     ebe:	f1 90       	ld	r15, Z+
     ec0:	6f 01       	movw	r12, r30
     ec2:	f7 01       	movw	r30, r14
     ec4:	04 81       	ldd	r16, Z+4	; 0x04
     ec6:	15 81       	ldd	r17, Z+5	; 0x05
     ec8:	fb 01       	movw	r30, r22
     eca:	f1 82       	std	Z+1, r15	; 0x01
     ecc:	e0 82       	st	Z, r14
     ece:	f8 01       	movw	r30, r16
     ed0:	82 81       	ldd	r24, Z+2	; 0x02
     ed2:	93 81       	ldd	r25, Z+3	; 0x03
     ed4:	04 97       	sbiw	r24, 0x04	; 4
     ed6:	31 f5       	brne	.+76     	; 0xf24 <osEE_scheduler_task_terminated+0x86>
     ed8:	b6 01       	movw	r22, r12
     eda:	81 ef       	ldi	r24, 0xF1	; 241
     edc:	91 e0       	ldi	r25, 0x01	; 1
     ede:	0e 94 90 06 	call	0xd20	; 0xd20 <osEE_scheduler_core_pop_running>
     ee2:	5c 01       	movw	r10, r24
     ee4:	c8 80       	ld	r12, Y
     ee6:	d9 80       	ldd	r13, Y+1	; 0x01
     ee8:	ec 14       	cp	r14, r12
     eea:	fd 04       	cpc	r15, r13
     eec:	b1 f0       	breq	.+44     	; 0xf1a <osEE_scheduler_task_terminated+0x7c>
     eee:	c7 01       	movw	r24, r14
     ef0:	0e 94 ca 06 	call	0xd94	; 0xd94 <osEE_task_end>
     ef4:	8c 81       	ldd	r24, Y+4	; 0x04
     ef6:	9d 81       	ldd	r25, Y+5	; 0x05
     ef8:	f5 01       	movw	r30, r10
     efa:	91 83       	std	Z+1, r25	; 0x01
     efc:	80 83       	st	Z, r24
     efe:	bd 82       	std	Y+5, r11	; 0x05
     f00:	ac 82       	std	Y+4, r10	; 0x04
     f02:	c6 01       	movw	r24, r12
     f04:	df 91       	pop	r29
     f06:	cf 91       	pop	r28
     f08:	1f 91       	pop	r17
     f0a:	0f 91       	pop	r16
     f0c:	ff 90       	pop	r15
     f0e:	ef 90       	pop	r14
     f10:	df 90       	pop	r13
     f12:	cf 90       	pop	r12
     f14:	bf 90       	pop	r11
     f16:	af 90       	pop	r10
     f18:	08 95       	ret
     f1a:	f8 01       	movw	r30, r16
     f1c:	80 81       	ld	r24, Z
     f1e:	81 50       	subi	r24, 0x01	; 1
     f20:	80 83       	st	Z, r24
     f22:	e8 cf       	rjmp	.-48     	; 0xef4 <osEE_scheduler_task_terminated+0x56>
     f24:	6e 81       	ldd	r22, Y+6	; 0x06
     f26:	7f 81       	ldd	r23, Y+7	; 0x07
     f28:	fb 01       	movw	r30, r22
     f2a:	80 81       	ld	r24, Z
     f2c:	91 81       	ldd	r25, Z+1	; 0x01
     f2e:	9f 83       	std	Y+7, r25	; 0x07
     f30:	8e 83       	std	Y+6, r24	; 0x06
     f32:	f7 01       	movw	r30, r14
     f34:	83 85       	ldd	r24, Z+11	; 0x0b
     f36:	f8 01       	movw	r30, r16
     f38:	81 83       	std	Z+1, r24	; 0x01
     f3a:	81 e0       	ldi	r24, 0x01	; 1
     f3c:	90 e0       	ldi	r25, 0x00	; 0
     f3e:	93 83       	std	Z+3, r25	; 0x03
     f40:	82 83       	std	Z+2, r24	; 0x02
     f42:	80 81       	ld	r24, Z
     f44:	81 30       	cpi	r24, 0x01	; 1
     f46:	11 f4       	brne	.+4      	; 0xf4c <osEE_scheduler_task_terminated+0xae>
     f48:	11 86       	std	Z+9, r1	; 0x09
     f4a:	10 86       	std	Z+8, r1	; 0x08
     f4c:	a7 01       	movw	r20, r14
     f4e:	c6 01       	movw	r24, r12
     f50:	0e 94 89 06 	call	0xd12	; 0xd12 <osEE_scheduler_rq_insert>
     f54:	b6 01       	movw	r22, r12
     f56:	81 ef       	ldi	r24, 0xF1	; 241
     f58:	91 e0       	ldi	r25, 0x01	; 1
     f5a:	0e 94 f8 05 	call	0xbf0	; 0xbf0 <osEE_scheduler_core_rq_preempt_stk>
     f5e:	89 2b       	or	r24, r25
     f60:	39 f4       	brne	.+14     	; 0xf70 <osEE_scheduler_task_terminated+0xd2>
     f62:	ee 81       	ldd	r30, Y+6	; 0x06
     f64:	ff 81       	ldd	r31, Y+7	; 0x07
     f66:	c2 80       	ldd	r12, Z+2	; 0x02
     f68:	d3 80       	ldd	r13, Z+3	; 0x03
     f6a:	d9 82       	std	Y+1, r13	; 0x01
     f6c:	c8 82       	st	Y, r12
     f6e:	c9 cf       	rjmp	.-110    	; 0xf02 <osEE_scheduler_task_terminated+0x64>
     f70:	c8 80       	ld	r12, Y
     f72:	d9 80       	ldd	r13, Y+1	; 0x01
     f74:	c6 cf       	rjmp	.-116    	; 0xf02 <osEE_scheduler_task_terminated+0x64>

00000f76 <osEE_scheduler_task_set_running>:
     f76:	cf 93       	push	r28
     f78:	df 93       	push	r29
     f7a:	e0 91 f1 01 	lds	r30, 0x01F1	; 0x8001f1 <osEE_cdb_var>
     f7e:	f0 91 f2 01 	lds	r31, 0x01F2	; 0x8001f2 <osEE_cdb_var+0x1>
     f82:	80 81       	ld	r24, Z
     f84:	91 81       	ldd	r25, Z+1	; 0x01
     f86:	26 81       	ldd	r18, Z+6	; 0x06
     f88:	37 81       	ldd	r19, Z+7	; 0x07
     f8a:	ec 01       	movw	r28, r24
     f8c:	ac 81       	ldd	r26, Y+4	; 0x04
     f8e:	bd 81       	ldd	r27, Y+5	; 0x05
     f90:	12 96       	adiw	r26, 0x02	; 2
     f92:	cd 91       	ld	r28, X+
     f94:	dc 91       	ld	r29, X
     f96:	13 97       	sbiw	r26, 0x03	; 3
     f98:	24 97       	sbiw	r28, 0x04	; 4
     f9a:	31 f4       	brne	.+12     	; 0xfa8 <osEE_scheduler_task_set_running+0x32>
     f9c:	c2 e0       	ldi	r28, 0x02	; 2
     f9e:	d0 e0       	ldi	r29, 0x00	; 0
     fa0:	13 96       	adiw	r26, 0x03	; 3
     fa2:	dc 93       	st	X, r29
     fa4:	ce 93       	st	-X, r28
     fa6:	12 97       	sbiw	r26, 0x02	; 2
     fa8:	71 83       	std	Z+1, r23	; 0x01
     faa:	60 83       	st	Z, r22
     fac:	41 15       	cp	r20, r1
     fae:	51 05       	cpc	r21, r1
     fb0:	b9 f4       	brne	.+46     	; 0xfe0 <osEE_scheduler_task_set_running+0x6a>
     fb2:	a4 81       	ldd	r26, Z+4	; 0x04
     fb4:	b5 81       	ldd	r27, Z+5	; 0x05
     fb6:	4d 91       	ld	r20, X+
     fb8:	5c 91       	ld	r21, X
     fba:	11 97       	sbiw	r26, 0x01	; 1
     fbc:	55 83       	std	Z+5, r21	; 0x05
     fbe:	44 83       	std	Z+4, r20	; 0x04
     fc0:	11 96       	adiw	r26, 0x01	; 1
     fc2:	1c 92       	st	X, r1
     fc4:	1e 92       	st	-X, r1
     fc6:	b7 83       	std	Z+7, r27	; 0x07
     fc8:	a6 83       	std	Z+6, r26	; 0x06
     fca:	06 80       	ldd	r0, Z+6	; 0x06
     fcc:	f7 81       	ldd	r31, Z+7	; 0x07
     fce:	e0 2d       	mov	r30, r0
     fd0:	73 83       	std	Z+3, r23	; 0x03
     fd2:	62 83       	std	Z+2, r22	; 0x02
     fd4:	31 83       	std	Z+1, r19	; 0x01
     fd6:	20 83       	st	Z, r18
     fd8:	df 91       	pop	r29
     fda:	cf 91       	pop	r28
     fdc:	0c 94 f3 07 	jmp	0xfe6	; 0xfe6 <osEE_change_context_from_running>
     fe0:	57 83       	std	Z+7, r21	; 0x07
     fe2:	46 83       	std	Z+6, r20	; 0x06
     fe4:	f2 cf       	rjmp	.-28     	; 0xfca <osEE_scheduler_task_set_running+0x54>

00000fe6 <osEE_change_context_from_running>:
     fe6:	fb 01       	movw	r30, r22
     fe8:	dc 01       	movw	r26, r24
     fea:	12 96       	adiw	r26, 0x02	; 2
     fec:	4d 91       	ld	r20, X+
     fee:	5c 91       	ld	r21, X
     ff0:	62 81       	ldd	r22, Z+2	; 0x02
     ff2:	73 81       	ldd	r23, Z+3	; 0x03
     ff4:	a4 81       	ldd	r26, Z+4	; 0x04
     ff6:	b5 81       	ldd	r27, Z+5	; 0x05
     ff8:	12 96       	adiw	r26, 0x02	; 2
     ffa:	8d 91       	ld	r24, X+
     ffc:	9c 91       	ld	r25, X
     ffe:	02 97       	sbiw	r24, 0x02	; 2
    1000:	19 f4       	brne	.+6      	; 0x1008 <osEE_change_context_from_running+0x22>
    1002:	cf 01       	movw	r24, r30
    1004:	0c 94 60 00 	jmp	0xc0	; 0xc0 <osEE_hal_save_ctx_and_restore_ctx>
    1008:	cf 01       	movw	r24, r30
    100a:	0c 94 a8 00 	jmp	0x150	; 0x150 <osEE_hal_save_ctx_and_ready2stacked>

0000100e <osEE_change_context_from_task_end>:
    100e:	cb 01       	movw	r24, r22
    1010:	db 01       	movw	r26, r22
    1012:	12 96       	adiw	r26, 0x02	; 2
    1014:	6d 91       	ld	r22, X+
    1016:	7c 91       	ld	r23, X
    1018:	13 97       	sbiw	r26, 0x03	; 3
    101a:	14 96       	adiw	r26, 0x04	; 4
    101c:	ed 91       	ld	r30, X+
    101e:	fc 91       	ld	r31, X
    1020:	22 81       	ldd	r18, Z+2	; 0x02
    1022:	33 81       	ldd	r19, Z+3	; 0x03
    1024:	22 30       	cpi	r18, 0x02	; 2
    1026:	31 05       	cpc	r19, r1
    1028:	11 f4       	brne	.+4      	; 0x102e <osEE_change_context_from_task_end+0x20>
    102a:	0c 94 80 00 	jmp	0x100	; 0x100 <osEE_hal_restore_ctx>
    102e:	0c 94 a0 00 	jmp	0x140	; 0x140 <osEE_hal_ready2stacked>

00001032 <osEE_idle_task_terminate>:
    1032:	dc 01       	movw	r26, r24
    1034:	12 96       	adiw	r26, 0x02	; 2
    1036:	6d 91       	ld	r22, X+
    1038:	7c 91       	ld	r23, X
    103a:	13 97       	sbiw	r26, 0x03	; 3
    103c:	ed 91       	ld	r30, X+
    103e:	fc 91       	ld	r31, X
    1040:	40 81       	ld	r20, Z
    1042:	51 81       	ldd	r21, Z+1	; 0x01
    1044:	db 01       	movw	r26, r22
    1046:	ed 91       	ld	r30, X+
    1048:	fc 91       	ld	r31, X
    104a:	22 89       	ldd	r18, Z+18	; 0x12
    104c:	33 89       	ldd	r19, Z+19	; 0x13
    104e:	21 15       	cp	r18, r1
    1050:	31 05       	cpc	r19, r1
    1052:	19 f0       	breq	.+6      	; 0x105a <osEE_idle_task_terminate+0x28>
    1054:	42 17       	cp	r20, r18
    1056:	53 07       	cpc	r21, r19
    1058:	29 f4       	brne	.+10     	; 0x1064 <osEE_idle_task_terminate+0x32>
    105a:	db 01       	movw	r26, r22
    105c:	ed 93       	st	X+, r30
    105e:	fc 93       	st	X, r31
    1060:	0c 94 80 00 	jmp	0x100	; 0x100 <osEE_hal_restore_ctx>
    1064:	f9 01       	movw	r30, r18
    1066:	f1 cf       	rjmp	.-30     	; 0x104a <osEE_idle_task_terminate+0x18>

00001068 <osEE_scheduler_task_end>:
    1068:	cf 93       	push	r28
    106a:	df 93       	push	r29
    106c:	00 d0       	rcall	.+0      	; 0x106e <osEE_scheduler_task_end+0x6>
    106e:	cd b7       	in	r28, 0x3d	; 61
    1070:	de b7       	in	r29, 0x3e	; 62
    1072:	be 01       	movw	r22, r28
    1074:	6f 5f       	subi	r22, 0xFF	; 255
    1076:	7f 4f       	sbci	r23, 0xFF	; 255
    1078:	87 ee       	ldi	r24, 0xE7	; 231
    107a:	91 e0       	ldi	r25, 0x01	; 1
    107c:	0e 94 4f 07 	call	0xe9e	; 0xe9e <osEE_scheduler_task_terminated>
    1080:	bc 01       	movw	r22, r24
    1082:	89 81       	ldd	r24, Y+1	; 0x01
    1084:	9a 81       	ldd	r25, Y+2	; 0x02
    1086:	0e 94 07 08 	call	0x100e	; 0x100e <osEE_change_context_from_task_end>
    108a:	0f 90       	pop	r0
    108c:	0f 90       	pop	r0
    108e:	df 91       	pop	r29
    1090:	cf 91       	pop	r28
    1092:	08 95       	ret

00001094 <__vector_default>:
    1094:	f8 94       	cli
    1096:	ff cf       	rjmp	.-2      	; 0x1096 <__vector_default+0x2>

00001098 <osEE_atmega_intvect>:
    1098:	e4 e9       	ldi	r30, 0x94	; 148
    109a:	08 95       	ret

0000109c <__vector_4>:
    109c:	8f 93       	push	r24
    109e:	9f 93       	push	r25
    10a0:	81 e0       	ldi	r24, 0x01	; 1
    10a2:	0e 94 5e 08 	call	0x10bc	; 0x10bc <osEE_avr8_isr2_stub>
    10a6:	9f 91       	pop	r25
    10a8:	8f 91       	pop	r24
    10aa:	18 95       	reti

000010ac <__vector_11>:
    10ac:	8f 93       	push	r24
    10ae:	9f 93       	push	r25
    10b0:	80 e0       	ldi	r24, 0x00	; 0
    10b2:	0e 94 5e 08 	call	0x10bc	; 0x10bc <osEE_avr8_isr2_stub>
    10b6:	9f 91       	pop	r25
    10b8:	8f 91       	pop	r24
    10ba:	18 95       	reti

000010bc <osEE_avr8_isr2_stub>:
    10bc:	1f 92       	push	r1
    10be:	0f 92       	push	r0
    10c0:	0f b6       	in	r0, 0x3f	; 63
    10c2:	0f 92       	push	r0
    10c4:	11 24       	eor	r1, r1
    10c6:	2f 93       	push	r18
    10c8:	3f 93       	push	r19
    10ca:	4f 93       	push	r20
    10cc:	5f 93       	push	r21
    10ce:	6f 93       	push	r22
    10d0:	7f 93       	push	r23
    10d2:	af 93       	push	r26
    10d4:	bf 93       	push	r27
    10d6:	ef 93       	push	r30
    10d8:	ff 93       	push	r31
    10da:	0e 94 df 06 	call	0xdbe	; 0xdbe <osEE_activate_isr2>
    10de:	ff 91       	pop	r31
    10e0:	ef 91       	pop	r30
    10e2:	bf 91       	pop	r27
    10e4:	af 91       	pop	r26
    10e6:	7f 91       	pop	r23
    10e8:	6f 91       	pop	r22
    10ea:	5f 91       	pop	r21
    10ec:	4f 91       	pop	r20
    10ee:	3f 91       	pop	r19
    10f0:	2f 91       	pop	r18
    10f2:	0f 90       	pop	r0
    10f4:	0f be       	out	0x3f, r0	; 63
    10f6:	0f 90       	pop	r0
    10f8:	1f 90       	pop	r1
    10fa:	08 95       	ret

000010fc <__udivmodsi4>:
    10fc:	a1 e2       	ldi	r26, 0x21	; 33
    10fe:	1a 2e       	mov	r1, r26
    1100:	aa 1b       	sub	r26, r26
    1102:	bb 1b       	sub	r27, r27
    1104:	fd 01       	movw	r30, r26
    1106:	0d c0       	rjmp	.+26     	; 0x1122 <__udivmodsi4_ep>

00001108 <__udivmodsi4_loop>:
    1108:	aa 1f       	adc	r26, r26
    110a:	bb 1f       	adc	r27, r27
    110c:	ee 1f       	adc	r30, r30
    110e:	ff 1f       	adc	r31, r31
    1110:	a2 17       	cp	r26, r18
    1112:	b3 07       	cpc	r27, r19
    1114:	e4 07       	cpc	r30, r20
    1116:	f5 07       	cpc	r31, r21
    1118:	20 f0       	brcs	.+8      	; 0x1122 <__udivmodsi4_ep>
    111a:	a2 1b       	sub	r26, r18
    111c:	b3 0b       	sbc	r27, r19
    111e:	e4 0b       	sbc	r30, r20
    1120:	f5 0b       	sbc	r31, r21

00001122 <__udivmodsi4_ep>:
    1122:	66 1f       	adc	r22, r22
    1124:	77 1f       	adc	r23, r23
    1126:	88 1f       	adc	r24, r24
    1128:	99 1f       	adc	r25, r25
    112a:	1a 94       	dec	r1
    112c:	69 f7       	brne	.-38     	; 0x1108 <__udivmodsi4_loop>
    112e:	60 95       	com	r22
    1130:	70 95       	com	r23
    1132:	80 95       	com	r24
    1134:	90 95       	com	r25
    1136:	9b 01       	movw	r18, r22
    1138:	ac 01       	movw	r20, r24
    113a:	bd 01       	movw	r22, r26
    113c:	cf 01       	movw	r24, r30
    113e:	08 95       	ret

00001140 <__tablejump2__>:
    1140:	ee 0f       	add	r30, r30
    1142:	ff 1f       	adc	r31, r31
    1144:	05 90       	lpm	r0, Z+
    1146:	f4 91       	lpm	r31, Z
    1148:	e0 2d       	mov	r30, r0
    114a:	09 94       	ijmp

0000114c <vsnprintf>:
    114c:	ae e0       	ldi	r26, 0x0E	; 14
    114e:	b0 e0       	ldi	r27, 0x00	; 0
    1150:	ec ea       	ldi	r30, 0xAC	; 172
    1152:	f8 e0       	ldi	r31, 0x08	; 8
    1154:	0c 94 5e 0b 	jmp	0x16bc	; 0x16bc <__prologue_saves__+0x1c>
    1158:	8c 01       	movw	r16, r24
    115a:	fa 01       	movw	r30, r20
    115c:	86 e0       	ldi	r24, 0x06	; 6
    115e:	8c 83       	std	Y+4, r24	; 0x04
    1160:	1a 83       	std	Y+2, r17	; 0x02
    1162:	09 83       	std	Y+1, r16	; 0x01
    1164:	77 ff       	sbrs	r23, 7
    1166:	02 c0       	rjmp	.+4      	; 0x116c <vsnprintf+0x20>
    1168:	60 e0       	ldi	r22, 0x00	; 0
    116a:	70 e8       	ldi	r23, 0x80	; 128
    116c:	61 50       	subi	r22, 0x01	; 1
    116e:	71 09       	sbc	r23, r1
    1170:	7e 83       	std	Y+6, r23	; 0x06
    1172:	6d 83       	std	Y+5, r22	; 0x05
    1174:	a9 01       	movw	r20, r18
    1176:	bf 01       	movw	r22, r30
    1178:	ce 01       	movw	r24, r28
    117a:	01 96       	adiw	r24, 0x01	; 1
    117c:	0e 94 d2 08 	call	0x11a4	; 0x11a4 <vfprintf>
    1180:	4d 81       	ldd	r20, Y+5	; 0x05
    1182:	5e 81       	ldd	r21, Y+6	; 0x06
    1184:	57 fd       	sbrc	r21, 7
    1186:	0a c0       	rjmp	.+20     	; 0x119c <vsnprintf+0x50>
    1188:	2f 81       	ldd	r18, Y+7	; 0x07
    118a:	38 85       	ldd	r19, Y+8	; 0x08
    118c:	42 17       	cp	r20, r18
    118e:	53 07       	cpc	r21, r19
    1190:	0c f4       	brge	.+2      	; 0x1194 <vsnprintf+0x48>
    1192:	9a 01       	movw	r18, r20
    1194:	02 0f       	add	r16, r18
    1196:	13 1f       	adc	r17, r19
    1198:	f8 01       	movw	r30, r16
    119a:	10 82       	st	Z, r1
    119c:	2e 96       	adiw	r28, 0x0e	; 14
    119e:	e4 e0       	ldi	r30, 0x04	; 4
    11a0:	0c 94 7a 0b 	jmp	0x16f4	; 0x16f4 <__epilogue_restores__+0x1c>

000011a4 <vfprintf>:
    11a4:	ab e0       	ldi	r26, 0x0B	; 11
    11a6:	b0 e0       	ldi	r27, 0x00	; 0
    11a8:	e8 ed       	ldi	r30, 0xD8	; 216
    11aa:	f8 e0       	ldi	r31, 0x08	; 8
    11ac:	0c 94 50 0b 	jmp	0x16a0	; 0x16a0 <__prologue_saves__>
    11b0:	7c 01       	movw	r14, r24
    11b2:	3b 01       	movw	r6, r22
    11b4:	8a 01       	movw	r16, r20
    11b6:	fc 01       	movw	r30, r24
    11b8:	17 82       	std	Z+7, r1	; 0x07
    11ba:	16 82       	std	Z+6, r1	; 0x06
    11bc:	83 81       	ldd	r24, Z+3	; 0x03
    11be:	81 ff       	sbrs	r24, 1
    11c0:	c8 c1       	rjmp	.+912    	; 0x1552 <vfprintf+0x3ae>
    11c2:	ce 01       	movw	r24, r28
    11c4:	01 96       	adiw	r24, 0x01	; 1
    11c6:	5c 01       	movw	r10, r24
    11c8:	f7 01       	movw	r30, r14
    11ca:	93 81       	ldd	r25, Z+3	; 0x03
    11cc:	f3 01       	movw	r30, r6
    11ce:	93 fd       	sbrc	r25, 3
    11d0:	85 91       	lpm	r24, Z+
    11d2:	93 ff       	sbrs	r25, 3
    11d4:	81 91       	ld	r24, Z+
    11d6:	3f 01       	movw	r6, r30
    11d8:	88 23       	and	r24, r24
    11da:	09 f4       	brne	.+2      	; 0x11de <vfprintf+0x3a>
    11dc:	53 c1       	rjmp	.+678    	; 0x1484 <vfprintf+0x2e0>
    11de:	85 32       	cpi	r24, 0x25	; 37
    11e0:	39 f4       	brne	.+14     	; 0x11f0 <vfprintf+0x4c>
    11e2:	93 fd       	sbrc	r25, 3
    11e4:	85 91       	lpm	r24, Z+
    11e6:	93 ff       	sbrs	r25, 3
    11e8:	81 91       	ld	r24, Z+
    11ea:	3f 01       	movw	r6, r30
    11ec:	85 32       	cpi	r24, 0x25	; 37
    11ee:	29 f4       	brne	.+10     	; 0x11fa <vfprintf+0x56>
    11f0:	b7 01       	movw	r22, r14
    11f2:	90 e0       	ldi	r25, 0x00	; 0
    11f4:	0e 94 c2 0a 	call	0x1584	; 0x1584 <fputc>
    11f8:	e7 cf       	rjmp	.-50     	; 0x11c8 <vfprintf+0x24>
    11fa:	91 2c       	mov	r9, r1
    11fc:	21 2c       	mov	r2, r1
    11fe:	31 2c       	mov	r3, r1
    1200:	ff e1       	ldi	r31, 0x1F	; 31
    1202:	f3 15       	cp	r31, r3
    1204:	38 f0       	brcs	.+14     	; 0x1214 <vfprintf+0x70>
    1206:	8b 32       	cpi	r24, 0x2B	; 43
    1208:	11 f1       	breq	.+68     	; 0x124e <vfprintf+0xaa>
    120a:	90 f4       	brcc	.+36     	; 0x1230 <vfprintf+0x8c>
    120c:	80 32       	cpi	r24, 0x20	; 32
    120e:	09 f1       	breq	.+66     	; 0x1252 <vfprintf+0xae>
    1210:	83 32       	cpi	r24, 0x23	; 35
    1212:	29 f1       	breq	.+74     	; 0x125e <vfprintf+0xba>
    1214:	37 fc       	sbrc	r3, 7
    1216:	3c c0       	rjmp	.+120    	; 0x1290 <vfprintf+0xec>
    1218:	20 ed       	ldi	r18, 0xD0	; 208
    121a:	28 0f       	add	r18, r24
    121c:	2a 30       	cpi	r18, 0x0A	; 10
    121e:	50 f5       	brcc	.+84     	; 0x1274 <vfprintf+0xd0>
    1220:	36 fe       	sbrs	r3, 6
    1222:	20 c0       	rjmp	.+64     	; 0x1264 <vfprintf+0xc0>
    1224:	8a e0       	ldi	r24, 0x0A	; 10
    1226:	98 9e       	mul	r9, r24
    1228:	20 0d       	add	r18, r0
    122a:	11 24       	eor	r1, r1
    122c:	92 2e       	mov	r9, r18
    122e:	06 c0       	rjmp	.+12     	; 0x123c <vfprintf+0x98>
    1230:	8d 32       	cpi	r24, 0x2D	; 45
    1232:	91 f0       	breq	.+36     	; 0x1258 <vfprintf+0xb4>
    1234:	80 33       	cpi	r24, 0x30	; 48
    1236:	71 f7       	brne	.-36     	; 0x1214 <vfprintf+0x70>
    1238:	68 94       	set
    123a:	30 f8       	bld	r3, 0
    123c:	f3 01       	movw	r30, r6
    123e:	93 fd       	sbrc	r25, 3
    1240:	85 91       	lpm	r24, Z+
    1242:	93 ff       	sbrs	r25, 3
    1244:	81 91       	ld	r24, Z+
    1246:	3f 01       	movw	r6, r30
    1248:	81 11       	cpse	r24, r1
    124a:	da cf       	rjmp	.-76     	; 0x1200 <vfprintf+0x5c>
    124c:	21 c0       	rjmp	.+66     	; 0x1290 <vfprintf+0xec>
    124e:	68 94       	set
    1250:	31 f8       	bld	r3, 1
    1252:	68 94       	set
    1254:	32 f8       	bld	r3, 2
    1256:	f2 cf       	rjmp	.-28     	; 0x123c <vfprintf+0x98>
    1258:	68 94       	set
    125a:	33 f8       	bld	r3, 3
    125c:	ef cf       	rjmp	.-34     	; 0x123c <vfprintf+0x98>
    125e:	68 94       	set
    1260:	34 f8       	bld	r3, 4
    1262:	ec cf       	rjmp	.-40     	; 0x123c <vfprintf+0x98>
    1264:	ea e0       	ldi	r30, 0x0A	; 10
    1266:	2e 9e       	mul	r2, r30
    1268:	20 0d       	add	r18, r0
    126a:	11 24       	eor	r1, r1
    126c:	22 2e       	mov	r2, r18
    126e:	68 94       	set
    1270:	35 f8       	bld	r3, 5
    1272:	e4 cf       	rjmp	.-56     	; 0x123c <vfprintf+0x98>
    1274:	8e 32       	cpi	r24, 0x2E	; 46
    1276:	29 f4       	brne	.+10     	; 0x1282 <vfprintf+0xde>
    1278:	36 fc       	sbrc	r3, 6
    127a:	04 c1       	rjmp	.+520    	; 0x1484 <vfprintf+0x2e0>
    127c:	68 94       	set
    127e:	36 f8       	bld	r3, 6
    1280:	dd cf       	rjmp	.-70     	; 0x123c <vfprintf+0x98>
    1282:	8c 36       	cpi	r24, 0x6C	; 108
    1284:	19 f4       	brne	.+6      	; 0x128c <vfprintf+0xe8>
    1286:	68 94       	set
    1288:	37 f8       	bld	r3, 7
    128a:	d8 cf       	rjmp	.-80     	; 0x123c <vfprintf+0x98>
    128c:	88 36       	cpi	r24, 0x68	; 104
    128e:	b1 f2       	breq	.-84     	; 0x123c <vfprintf+0x98>
    1290:	98 2f       	mov	r25, r24
    1292:	9f 7d       	andi	r25, 0xDF	; 223
    1294:	95 54       	subi	r25, 0x45	; 69
    1296:	93 30       	cpi	r25, 0x03	; 3
    1298:	e0 f0       	brcs	.+56     	; 0x12d2 <vfprintf+0x12e>
    129a:	83 36       	cpi	r24, 0x63	; 99
    129c:	a1 f1       	breq	.+104    	; 0x1306 <vfprintf+0x162>
    129e:	83 37       	cpi	r24, 0x73	; 115
    12a0:	c1 f1       	breq	.+112    	; 0x1312 <vfprintf+0x16e>
    12a2:	83 35       	cpi	r24, 0x53	; 83
    12a4:	09 f0       	breq	.+2      	; 0x12a8 <vfprintf+0x104>
    12a6:	63 c0       	rjmp	.+198    	; 0x136e <vfprintf+0x1ca>
    12a8:	28 01       	movw	r4, r16
    12aa:	f2 e0       	ldi	r31, 0x02	; 2
    12ac:	4f 0e       	add	r4, r31
    12ae:	51 1c       	adc	r5, r1
    12b0:	f8 01       	movw	r30, r16
    12b2:	c0 80       	ld	r12, Z
    12b4:	d1 80       	ldd	r13, Z+1	; 0x01
    12b6:	69 2d       	mov	r22, r9
    12b8:	70 e0       	ldi	r23, 0x00	; 0
    12ba:	36 fc       	sbrc	r3, 6
    12bc:	02 c0       	rjmp	.+4      	; 0x12c2 <vfprintf+0x11e>
    12be:	6f ef       	ldi	r22, 0xFF	; 255
    12c0:	7f ef       	ldi	r23, 0xFF	; 255
    12c2:	c6 01       	movw	r24, r12
    12c4:	0e 94 ac 0a 	call	0x1558	; 0x1558 <strnlen_P>
    12c8:	4c 01       	movw	r8, r24
    12ca:	68 94       	set
    12cc:	37 f8       	bld	r3, 7
    12ce:	82 01       	movw	r16, r4
    12d0:	0a c0       	rjmp	.+20     	; 0x12e6 <vfprintf+0x142>
    12d2:	0c 5f       	subi	r16, 0xFC	; 252
    12d4:	1f 4f       	sbci	r17, 0xFF	; 255
    12d6:	ff e3       	ldi	r31, 0x3F	; 63
    12d8:	f9 83       	std	Y+1, r31	; 0x01
    12da:	88 24       	eor	r8, r8
    12dc:	83 94       	inc	r8
    12de:	91 2c       	mov	r9, r1
    12e0:	65 01       	movw	r12, r10
    12e2:	e8 94       	clt
    12e4:	37 f8       	bld	r3, 7
    12e6:	33 fe       	sbrs	r3, 3
    12e8:	2d c0       	rjmp	.+90     	; 0x1344 <vfprintf+0x1a0>
    12ea:	52 2c       	mov	r5, r2
    12ec:	81 14       	cp	r8, r1
    12ee:	91 04       	cpc	r9, r1
    12f0:	71 f5       	brne	.+92     	; 0x134e <vfprintf+0x1aa>
    12f2:	55 20       	and	r5, r5
    12f4:	09 f4       	brne	.+2      	; 0x12f8 <vfprintf+0x154>
    12f6:	68 cf       	rjmp	.-304    	; 0x11c8 <vfprintf+0x24>
    12f8:	b7 01       	movw	r22, r14
    12fa:	80 e2       	ldi	r24, 0x20	; 32
    12fc:	90 e0       	ldi	r25, 0x00	; 0
    12fe:	0e 94 c2 0a 	call	0x1584	; 0x1584 <fputc>
    1302:	5a 94       	dec	r5
    1304:	f6 cf       	rjmp	.-20     	; 0x12f2 <vfprintf+0x14e>
    1306:	f8 01       	movw	r30, r16
    1308:	80 81       	ld	r24, Z
    130a:	89 83       	std	Y+1, r24	; 0x01
    130c:	0e 5f       	subi	r16, 0xFE	; 254
    130e:	1f 4f       	sbci	r17, 0xFF	; 255
    1310:	e4 cf       	rjmp	.-56     	; 0x12da <vfprintf+0x136>
    1312:	28 01       	movw	r4, r16
    1314:	f2 e0       	ldi	r31, 0x02	; 2
    1316:	4f 0e       	add	r4, r31
    1318:	51 1c       	adc	r5, r1
    131a:	f8 01       	movw	r30, r16
    131c:	c0 80       	ld	r12, Z
    131e:	d1 80       	ldd	r13, Z+1	; 0x01
    1320:	69 2d       	mov	r22, r9
    1322:	70 e0       	ldi	r23, 0x00	; 0
    1324:	36 fc       	sbrc	r3, 6
    1326:	02 c0       	rjmp	.+4      	; 0x132c <vfprintf+0x188>
    1328:	6f ef       	ldi	r22, 0xFF	; 255
    132a:	7f ef       	ldi	r23, 0xFF	; 255
    132c:	c6 01       	movw	r24, r12
    132e:	0e 94 b7 0a 	call	0x156e	; 0x156e <strnlen>
    1332:	4c 01       	movw	r8, r24
    1334:	82 01       	movw	r16, r4
    1336:	d5 cf       	rjmp	.-86     	; 0x12e2 <vfprintf+0x13e>
    1338:	b7 01       	movw	r22, r14
    133a:	80 e2       	ldi	r24, 0x20	; 32
    133c:	90 e0       	ldi	r25, 0x00	; 0
    133e:	0e 94 c2 0a 	call	0x1584	; 0x1584 <fputc>
    1342:	2a 94       	dec	r2
    1344:	28 14       	cp	r2, r8
    1346:	19 04       	cpc	r1, r9
    1348:	09 f0       	breq	.+2      	; 0x134c <vfprintf+0x1a8>
    134a:	b0 f7       	brcc	.-20     	; 0x1338 <vfprintf+0x194>
    134c:	ce cf       	rjmp	.-100    	; 0x12ea <vfprintf+0x146>
    134e:	f6 01       	movw	r30, r12
    1350:	37 fc       	sbrc	r3, 7
    1352:	85 91       	lpm	r24, Z+
    1354:	37 fe       	sbrs	r3, 7
    1356:	81 91       	ld	r24, Z+
    1358:	6f 01       	movw	r12, r30
    135a:	b7 01       	movw	r22, r14
    135c:	90 e0       	ldi	r25, 0x00	; 0
    135e:	0e 94 c2 0a 	call	0x1584	; 0x1584 <fputc>
    1362:	51 10       	cpse	r5, r1
    1364:	5a 94       	dec	r5
    1366:	f1 e0       	ldi	r31, 0x01	; 1
    1368:	8f 1a       	sub	r8, r31
    136a:	91 08       	sbc	r9, r1
    136c:	bf cf       	rjmp	.-130    	; 0x12ec <vfprintf+0x148>
    136e:	84 36       	cpi	r24, 0x64	; 100
    1370:	19 f0       	breq	.+6      	; 0x1378 <vfprintf+0x1d4>
    1372:	89 36       	cpi	r24, 0x69	; 105
    1374:	09 f0       	breq	.+2      	; 0x1378 <vfprintf+0x1d4>
    1376:	77 c0       	rjmp	.+238    	; 0x1466 <vfprintf+0x2c2>
    1378:	f8 01       	movw	r30, r16
    137a:	37 fe       	sbrs	r3, 7
    137c:	6b c0       	rjmp	.+214    	; 0x1454 <vfprintf+0x2b0>
    137e:	60 81       	ld	r22, Z
    1380:	71 81       	ldd	r23, Z+1	; 0x01
    1382:	82 81       	ldd	r24, Z+2	; 0x02
    1384:	93 81       	ldd	r25, Z+3	; 0x03
    1386:	0c 5f       	subi	r16, 0xFC	; 252
    1388:	1f 4f       	sbci	r17, 0xFF	; 255
    138a:	f3 2d       	mov	r31, r3
    138c:	ff 76       	andi	r31, 0x6F	; 111
    138e:	3f 2e       	mov	r3, r31
    1390:	97 ff       	sbrs	r25, 7
    1392:	09 c0       	rjmp	.+18     	; 0x13a6 <vfprintf+0x202>
    1394:	90 95       	com	r25
    1396:	80 95       	com	r24
    1398:	70 95       	com	r23
    139a:	61 95       	neg	r22
    139c:	7f 4f       	sbci	r23, 0xFF	; 255
    139e:	8f 4f       	sbci	r24, 0xFF	; 255
    13a0:	9f 4f       	sbci	r25, 0xFF	; 255
    13a2:	68 94       	set
    13a4:	37 f8       	bld	r3, 7
    13a6:	2a e0       	ldi	r18, 0x0A	; 10
    13a8:	30 e0       	ldi	r19, 0x00	; 0
    13aa:	a5 01       	movw	r20, r10
    13ac:	0e 94 f2 0a 	call	0x15e4	; 0x15e4 <__ultoa_invert>
    13b0:	c8 2e       	mov	r12, r24
    13b2:	ca 18       	sub	r12, r10
    13b4:	8c 2c       	mov	r8, r12
    13b6:	43 2c       	mov	r4, r3
    13b8:	36 fe       	sbrs	r3, 6
    13ba:	0c c0       	rjmp	.+24     	; 0x13d4 <vfprintf+0x230>
    13bc:	e8 94       	clt
    13be:	40 f8       	bld	r4, 0
    13c0:	c9 14       	cp	r12, r9
    13c2:	40 f4       	brcc	.+16     	; 0x13d4 <vfprintf+0x230>
    13c4:	34 fe       	sbrs	r3, 4
    13c6:	05 c0       	rjmp	.+10     	; 0x13d2 <vfprintf+0x22e>
    13c8:	32 fc       	sbrc	r3, 2
    13ca:	03 c0       	rjmp	.+6      	; 0x13d2 <vfprintf+0x22e>
    13cc:	f3 2d       	mov	r31, r3
    13ce:	fe 7e       	andi	r31, 0xEE	; 238
    13d0:	4f 2e       	mov	r4, r31
    13d2:	89 2c       	mov	r8, r9
    13d4:	44 fe       	sbrs	r4, 4
    13d6:	95 c0       	rjmp	.+298    	; 0x1502 <vfprintf+0x35e>
    13d8:	fe 01       	movw	r30, r28
    13da:	ec 0d       	add	r30, r12
    13dc:	f1 1d       	adc	r31, r1
    13de:	80 81       	ld	r24, Z
    13e0:	80 33       	cpi	r24, 0x30	; 48
    13e2:	09 f0       	breq	.+2      	; 0x13e6 <vfprintf+0x242>
    13e4:	87 c0       	rjmp	.+270    	; 0x14f4 <vfprintf+0x350>
    13e6:	24 2d       	mov	r18, r4
    13e8:	29 7e       	andi	r18, 0xE9	; 233
    13ea:	42 2e       	mov	r4, r18
    13ec:	84 2d       	mov	r24, r4
    13ee:	88 70       	andi	r24, 0x08	; 8
    13f0:	58 2e       	mov	r5, r24
    13f2:	43 fc       	sbrc	r4, 3
    13f4:	95 c0       	rjmp	.+298    	; 0x1520 <vfprintf+0x37c>
    13f6:	40 fe       	sbrs	r4, 0
    13f8:	8f c0       	rjmp	.+286    	; 0x1518 <vfprintf+0x374>
    13fa:	9c 2c       	mov	r9, r12
    13fc:	82 14       	cp	r8, r2
    13fe:	18 f4       	brcc	.+6      	; 0x1406 <vfprintf+0x262>
    1400:	2c 0c       	add	r2, r12
    1402:	92 2c       	mov	r9, r2
    1404:	98 18       	sub	r9, r8
    1406:	44 fe       	sbrs	r4, 4
    1408:	91 c0       	rjmp	.+290    	; 0x152c <vfprintf+0x388>
    140a:	b7 01       	movw	r22, r14
    140c:	80 e3       	ldi	r24, 0x30	; 48
    140e:	90 e0       	ldi	r25, 0x00	; 0
    1410:	0e 94 c2 0a 	call	0x1584	; 0x1584 <fputc>
    1414:	42 fe       	sbrs	r4, 2
    1416:	09 c0       	rjmp	.+18     	; 0x142a <vfprintf+0x286>
    1418:	88 e7       	ldi	r24, 0x78	; 120
    141a:	90 e0       	ldi	r25, 0x00	; 0
    141c:	41 fe       	sbrs	r4, 1
    141e:	02 c0       	rjmp	.+4      	; 0x1424 <vfprintf+0x280>
    1420:	88 e5       	ldi	r24, 0x58	; 88
    1422:	90 e0       	ldi	r25, 0x00	; 0
    1424:	b7 01       	movw	r22, r14
    1426:	0e 94 c2 0a 	call	0x1584	; 0x1584 <fputc>
    142a:	c9 14       	cp	r12, r9
    142c:	08 f4       	brcc	.+2      	; 0x1430 <vfprintf+0x28c>
    142e:	8a c0       	rjmp	.+276    	; 0x1544 <vfprintf+0x3a0>
    1430:	ca 94       	dec	r12
    1432:	d1 2c       	mov	r13, r1
    1434:	9f ef       	ldi	r25, 0xFF	; 255
    1436:	c9 1a       	sub	r12, r25
    1438:	d9 0a       	sbc	r13, r25
    143a:	ca 0c       	add	r12, r10
    143c:	db 1c       	adc	r13, r11
    143e:	f6 01       	movw	r30, r12
    1440:	82 91       	ld	r24, -Z
    1442:	6f 01       	movw	r12, r30
    1444:	b7 01       	movw	r22, r14
    1446:	90 e0       	ldi	r25, 0x00	; 0
    1448:	0e 94 c2 0a 	call	0x1584	; 0x1584 <fputc>
    144c:	ac 14       	cp	r10, r12
    144e:	bd 04       	cpc	r11, r13
    1450:	b1 f7       	brne	.-20     	; 0x143e <vfprintf+0x29a>
    1452:	4f cf       	rjmp	.-354    	; 0x12f2 <vfprintf+0x14e>
    1454:	60 81       	ld	r22, Z
    1456:	71 81       	ldd	r23, Z+1	; 0x01
    1458:	07 2e       	mov	r0, r23
    145a:	00 0c       	add	r0, r0
    145c:	88 0b       	sbc	r24, r24
    145e:	99 0b       	sbc	r25, r25
    1460:	0e 5f       	subi	r16, 0xFE	; 254
    1462:	1f 4f       	sbci	r17, 0xFF	; 255
    1464:	92 cf       	rjmp	.-220    	; 0x138a <vfprintf+0x1e6>
    1466:	d3 2c       	mov	r13, r3
    1468:	e8 94       	clt
    146a:	d4 f8       	bld	r13, 4
    146c:	2a e0       	ldi	r18, 0x0A	; 10
    146e:	30 e0       	ldi	r19, 0x00	; 0
    1470:	85 37       	cpi	r24, 0x75	; 117
    1472:	39 f1       	breq	.+78     	; 0x14c2 <vfprintf+0x31e>
    1474:	23 2d       	mov	r18, r3
    1476:	29 7f       	andi	r18, 0xF9	; 249
    1478:	d2 2e       	mov	r13, r18
    147a:	8f 36       	cpi	r24, 0x6F	; 111
    147c:	01 f1       	breq	.+64     	; 0x14be <vfprintf+0x31a>
    147e:	48 f4       	brcc	.+18     	; 0x1492 <vfprintf+0x2ee>
    1480:	88 35       	cpi	r24, 0x58	; 88
    1482:	a9 f0       	breq	.+42     	; 0x14ae <vfprintf+0x30a>
    1484:	f7 01       	movw	r30, r14
    1486:	86 81       	ldd	r24, Z+6	; 0x06
    1488:	97 81       	ldd	r25, Z+7	; 0x07
    148a:	2b 96       	adiw	r28, 0x0b	; 11
    148c:	e2 e1       	ldi	r30, 0x12	; 18
    148e:	0c 94 6c 0b 	jmp	0x16d8	; 0x16d8 <__epilogue_restores__>
    1492:	80 37       	cpi	r24, 0x70	; 112
    1494:	49 f0       	breq	.+18     	; 0x14a8 <vfprintf+0x304>
    1496:	88 37       	cpi	r24, 0x78	; 120
    1498:	a9 f7       	brne	.-22     	; 0x1484 <vfprintf+0x2e0>
    149a:	d4 fe       	sbrs	r13, 4
    149c:	02 c0       	rjmp	.+4      	; 0x14a2 <vfprintf+0x2fe>
    149e:	68 94       	set
    14a0:	d2 f8       	bld	r13, 2
    14a2:	20 e1       	ldi	r18, 0x10	; 16
    14a4:	30 e0       	ldi	r19, 0x00	; 0
    14a6:	0d c0       	rjmp	.+26     	; 0x14c2 <vfprintf+0x31e>
    14a8:	68 94       	set
    14aa:	d4 f8       	bld	r13, 4
    14ac:	f6 cf       	rjmp	.-20     	; 0x149a <vfprintf+0x2f6>
    14ae:	34 fe       	sbrs	r3, 4
    14b0:	03 c0       	rjmp	.+6      	; 0x14b8 <vfprintf+0x314>
    14b2:	82 2f       	mov	r24, r18
    14b4:	86 60       	ori	r24, 0x06	; 6
    14b6:	d8 2e       	mov	r13, r24
    14b8:	20 e1       	ldi	r18, 0x10	; 16
    14ba:	32 e0       	ldi	r19, 0x02	; 2
    14bc:	02 c0       	rjmp	.+4      	; 0x14c2 <vfprintf+0x31e>
    14be:	28 e0       	ldi	r18, 0x08	; 8
    14c0:	30 e0       	ldi	r19, 0x00	; 0
    14c2:	f8 01       	movw	r30, r16
    14c4:	d7 fe       	sbrs	r13, 7
    14c6:	0f c0       	rjmp	.+30     	; 0x14e6 <vfprintf+0x342>
    14c8:	60 81       	ld	r22, Z
    14ca:	71 81       	ldd	r23, Z+1	; 0x01
    14cc:	82 81       	ldd	r24, Z+2	; 0x02
    14ce:	93 81       	ldd	r25, Z+3	; 0x03
    14d0:	0c 5f       	subi	r16, 0xFC	; 252
    14d2:	1f 4f       	sbci	r17, 0xFF	; 255
    14d4:	a5 01       	movw	r20, r10
    14d6:	0e 94 f2 0a 	call	0x15e4	; 0x15e4 <__ultoa_invert>
    14da:	c8 2e       	mov	r12, r24
    14dc:	ca 18       	sub	r12, r10
    14de:	3d 2c       	mov	r3, r13
    14e0:	e8 94       	clt
    14e2:	37 f8       	bld	r3, 7
    14e4:	67 cf       	rjmp	.-306    	; 0x13b4 <vfprintf+0x210>
    14e6:	60 81       	ld	r22, Z
    14e8:	71 81       	ldd	r23, Z+1	; 0x01
    14ea:	90 e0       	ldi	r25, 0x00	; 0
    14ec:	80 e0       	ldi	r24, 0x00	; 0
    14ee:	0e 5f       	subi	r16, 0xFE	; 254
    14f0:	1f 4f       	sbci	r17, 0xFF	; 255
    14f2:	f0 cf       	rjmp	.-32     	; 0x14d4 <vfprintf+0x330>
    14f4:	42 fc       	sbrc	r4, 2
    14f6:	02 c0       	rjmp	.+4      	; 0x14fc <vfprintf+0x358>
    14f8:	83 94       	inc	r8
    14fa:	78 cf       	rjmp	.-272    	; 0x13ec <vfprintf+0x248>
    14fc:	83 94       	inc	r8
    14fe:	83 94       	inc	r8
    1500:	75 cf       	rjmp	.-278    	; 0x13ec <vfprintf+0x248>
    1502:	84 2d       	mov	r24, r4
    1504:	86 78       	andi	r24, 0x86	; 134
    1506:	09 f4       	brne	.+2      	; 0x150a <vfprintf+0x366>
    1508:	71 cf       	rjmp	.-286    	; 0x13ec <vfprintf+0x248>
    150a:	f6 cf       	rjmp	.-20     	; 0x14f8 <vfprintf+0x354>
    150c:	b7 01       	movw	r22, r14
    150e:	80 e2       	ldi	r24, 0x20	; 32
    1510:	90 e0       	ldi	r25, 0x00	; 0
    1512:	0e 94 c2 0a 	call	0x1584	; 0x1584 <fputc>
    1516:	83 94       	inc	r8
    1518:	82 14       	cp	r8, r2
    151a:	c0 f3       	brcs	.-16     	; 0x150c <vfprintf+0x368>
    151c:	51 2c       	mov	r5, r1
    151e:	73 cf       	rjmp	.-282    	; 0x1406 <vfprintf+0x262>
    1520:	52 2c       	mov	r5, r2
    1522:	58 18       	sub	r5, r8
    1524:	82 14       	cp	r8, r2
    1526:	08 f4       	brcc	.+2      	; 0x152a <vfprintf+0x386>
    1528:	6e cf       	rjmp	.-292    	; 0x1406 <vfprintf+0x262>
    152a:	f8 cf       	rjmp	.-16     	; 0x151c <vfprintf+0x378>
    152c:	84 2d       	mov	r24, r4
    152e:	86 78       	andi	r24, 0x86	; 134
    1530:	09 f4       	brne	.+2      	; 0x1534 <vfprintf+0x390>
    1532:	7b cf       	rjmp	.-266    	; 0x142a <vfprintf+0x286>
    1534:	8b e2       	ldi	r24, 0x2B	; 43
    1536:	41 fe       	sbrs	r4, 1
    1538:	80 e2       	ldi	r24, 0x20	; 32
    153a:	47 fc       	sbrc	r4, 7
    153c:	8d e2       	ldi	r24, 0x2D	; 45
    153e:	b7 01       	movw	r22, r14
    1540:	90 e0       	ldi	r25, 0x00	; 0
    1542:	71 cf       	rjmp	.-286    	; 0x1426 <vfprintf+0x282>
    1544:	b7 01       	movw	r22, r14
    1546:	80 e3       	ldi	r24, 0x30	; 48
    1548:	90 e0       	ldi	r25, 0x00	; 0
    154a:	0e 94 c2 0a 	call	0x1584	; 0x1584 <fputc>
    154e:	9a 94       	dec	r9
    1550:	6c cf       	rjmp	.-296    	; 0x142a <vfprintf+0x286>
    1552:	8f ef       	ldi	r24, 0xFF	; 255
    1554:	9f ef       	ldi	r25, 0xFF	; 255
    1556:	99 cf       	rjmp	.-206    	; 0x148a <vfprintf+0x2e6>

00001558 <strnlen_P>:
    1558:	fc 01       	movw	r30, r24
    155a:	05 90       	lpm	r0, Z+
    155c:	61 50       	subi	r22, 0x01	; 1
    155e:	70 40       	sbci	r23, 0x00	; 0
    1560:	01 10       	cpse	r0, r1
    1562:	d8 f7       	brcc	.-10     	; 0x155a <strnlen_P+0x2>
    1564:	80 95       	com	r24
    1566:	90 95       	com	r25
    1568:	8e 0f       	add	r24, r30
    156a:	9f 1f       	adc	r25, r31
    156c:	08 95       	ret

0000156e <strnlen>:
    156e:	fc 01       	movw	r30, r24
    1570:	61 50       	subi	r22, 0x01	; 1
    1572:	70 40       	sbci	r23, 0x00	; 0
    1574:	01 90       	ld	r0, Z+
    1576:	01 10       	cpse	r0, r1
    1578:	d8 f7       	brcc	.-10     	; 0x1570 <strnlen+0x2>
    157a:	80 95       	com	r24
    157c:	90 95       	com	r25
    157e:	8e 0f       	add	r24, r30
    1580:	9f 1f       	adc	r25, r31
    1582:	08 95       	ret

00001584 <fputc>:
    1584:	0f 93       	push	r16
    1586:	1f 93       	push	r17
    1588:	cf 93       	push	r28
    158a:	df 93       	push	r29
    158c:	18 2f       	mov	r17, r24
    158e:	09 2f       	mov	r16, r25
    1590:	eb 01       	movw	r28, r22
    1592:	8b 81       	ldd	r24, Y+3	; 0x03
    1594:	81 fd       	sbrc	r24, 1
    1596:	09 c0       	rjmp	.+18     	; 0x15aa <fputc+0x26>
    1598:	1f ef       	ldi	r17, 0xFF	; 255
    159a:	0f ef       	ldi	r16, 0xFF	; 255
    159c:	81 2f       	mov	r24, r17
    159e:	90 2f       	mov	r25, r16
    15a0:	df 91       	pop	r29
    15a2:	cf 91       	pop	r28
    15a4:	1f 91       	pop	r17
    15a6:	0f 91       	pop	r16
    15a8:	08 95       	ret
    15aa:	82 ff       	sbrs	r24, 2
    15ac:	14 c0       	rjmp	.+40     	; 0x15d6 <fputc+0x52>
    15ae:	2e 81       	ldd	r18, Y+6	; 0x06
    15b0:	3f 81       	ldd	r19, Y+7	; 0x07
    15b2:	8c 81       	ldd	r24, Y+4	; 0x04
    15b4:	9d 81       	ldd	r25, Y+5	; 0x05
    15b6:	28 17       	cp	r18, r24
    15b8:	39 07       	cpc	r19, r25
    15ba:	3c f4       	brge	.+14     	; 0x15ca <fputc+0x46>
    15bc:	e8 81       	ld	r30, Y
    15be:	f9 81       	ldd	r31, Y+1	; 0x01
    15c0:	cf 01       	movw	r24, r30
    15c2:	01 96       	adiw	r24, 0x01	; 1
    15c4:	99 83       	std	Y+1, r25	; 0x01
    15c6:	88 83       	st	Y, r24
    15c8:	10 83       	st	Z, r17
    15ca:	8e 81       	ldd	r24, Y+6	; 0x06
    15cc:	9f 81       	ldd	r25, Y+7	; 0x07
    15ce:	01 96       	adiw	r24, 0x01	; 1
    15d0:	9f 83       	std	Y+7, r25	; 0x07
    15d2:	8e 83       	std	Y+6, r24	; 0x06
    15d4:	e3 cf       	rjmp	.-58     	; 0x159c <fputc+0x18>
    15d6:	e8 85       	ldd	r30, Y+8	; 0x08
    15d8:	f9 85       	ldd	r31, Y+9	; 0x09
    15da:	81 2f       	mov	r24, r17
    15dc:	09 95       	icall
    15de:	89 2b       	or	r24, r25
    15e0:	a1 f3       	breq	.-24     	; 0x15ca <fputc+0x46>
    15e2:	da cf       	rjmp	.-76     	; 0x1598 <fputc+0x14>

000015e4 <__ultoa_invert>:
    15e4:	fa 01       	movw	r30, r20
    15e6:	aa 27       	eor	r26, r26
    15e8:	28 30       	cpi	r18, 0x08	; 8
    15ea:	51 f1       	breq	.+84     	; 0x1640 <__ultoa_invert+0x5c>
    15ec:	20 31       	cpi	r18, 0x10	; 16
    15ee:	81 f1       	breq	.+96     	; 0x1650 <__ultoa_invert+0x6c>
    15f0:	e8 94       	clt
    15f2:	6f 93       	push	r22
    15f4:	6e 7f       	andi	r22, 0xFE	; 254
    15f6:	6e 5f       	subi	r22, 0xFE	; 254
    15f8:	7f 4f       	sbci	r23, 0xFF	; 255
    15fa:	8f 4f       	sbci	r24, 0xFF	; 255
    15fc:	9f 4f       	sbci	r25, 0xFF	; 255
    15fe:	af 4f       	sbci	r26, 0xFF	; 255
    1600:	b1 e0       	ldi	r27, 0x01	; 1
    1602:	3e d0       	rcall	.+124    	; 0x1680 <__ultoa_invert+0x9c>
    1604:	b4 e0       	ldi	r27, 0x04	; 4
    1606:	3c d0       	rcall	.+120    	; 0x1680 <__ultoa_invert+0x9c>
    1608:	67 0f       	add	r22, r23
    160a:	78 1f       	adc	r23, r24
    160c:	89 1f       	adc	r24, r25
    160e:	9a 1f       	adc	r25, r26
    1610:	a1 1d       	adc	r26, r1
    1612:	68 0f       	add	r22, r24
    1614:	79 1f       	adc	r23, r25
    1616:	8a 1f       	adc	r24, r26
    1618:	91 1d       	adc	r25, r1
    161a:	a1 1d       	adc	r26, r1
    161c:	6a 0f       	add	r22, r26
    161e:	71 1d       	adc	r23, r1
    1620:	81 1d       	adc	r24, r1
    1622:	91 1d       	adc	r25, r1
    1624:	a1 1d       	adc	r26, r1
    1626:	20 d0       	rcall	.+64     	; 0x1668 <__ultoa_invert+0x84>
    1628:	09 f4       	brne	.+2      	; 0x162c <__ultoa_invert+0x48>
    162a:	68 94       	set
    162c:	3f 91       	pop	r19
    162e:	2a e0       	ldi	r18, 0x0A	; 10
    1630:	26 9f       	mul	r18, r22
    1632:	11 24       	eor	r1, r1
    1634:	30 19       	sub	r19, r0
    1636:	30 5d       	subi	r19, 0xD0	; 208
    1638:	31 93       	st	Z+, r19
    163a:	de f6       	brtc	.-74     	; 0x15f2 <__ultoa_invert+0xe>
    163c:	cf 01       	movw	r24, r30
    163e:	08 95       	ret
    1640:	46 2f       	mov	r20, r22
    1642:	47 70       	andi	r20, 0x07	; 7
    1644:	40 5d       	subi	r20, 0xD0	; 208
    1646:	41 93       	st	Z+, r20
    1648:	b3 e0       	ldi	r27, 0x03	; 3
    164a:	0f d0       	rcall	.+30     	; 0x166a <__ultoa_invert+0x86>
    164c:	c9 f7       	brne	.-14     	; 0x1640 <__ultoa_invert+0x5c>
    164e:	f6 cf       	rjmp	.-20     	; 0x163c <__ultoa_invert+0x58>
    1650:	46 2f       	mov	r20, r22
    1652:	4f 70       	andi	r20, 0x0F	; 15
    1654:	40 5d       	subi	r20, 0xD0	; 208
    1656:	4a 33       	cpi	r20, 0x3A	; 58
    1658:	18 f0       	brcs	.+6      	; 0x1660 <__ultoa_invert+0x7c>
    165a:	49 5d       	subi	r20, 0xD9	; 217
    165c:	31 fd       	sbrc	r19, 1
    165e:	40 52       	subi	r20, 0x20	; 32
    1660:	41 93       	st	Z+, r20
    1662:	02 d0       	rcall	.+4      	; 0x1668 <__ultoa_invert+0x84>
    1664:	a9 f7       	brne	.-22     	; 0x1650 <__ultoa_invert+0x6c>
    1666:	ea cf       	rjmp	.-44     	; 0x163c <__ultoa_invert+0x58>
    1668:	b4 e0       	ldi	r27, 0x04	; 4
    166a:	a6 95       	lsr	r26
    166c:	97 95       	ror	r25
    166e:	87 95       	ror	r24
    1670:	77 95       	ror	r23
    1672:	67 95       	ror	r22
    1674:	ba 95       	dec	r27
    1676:	c9 f7       	brne	.-14     	; 0x166a <__ultoa_invert+0x86>
    1678:	00 97       	sbiw	r24, 0x00	; 0
    167a:	61 05       	cpc	r22, r1
    167c:	71 05       	cpc	r23, r1
    167e:	08 95       	ret
    1680:	9b 01       	movw	r18, r22
    1682:	ac 01       	movw	r20, r24
    1684:	0a 2e       	mov	r0, r26
    1686:	06 94       	lsr	r0
    1688:	57 95       	ror	r21
    168a:	47 95       	ror	r20
    168c:	37 95       	ror	r19
    168e:	27 95       	ror	r18
    1690:	ba 95       	dec	r27
    1692:	c9 f7       	brne	.-14     	; 0x1686 <__ultoa_invert+0xa2>
    1694:	62 0f       	add	r22, r18
    1696:	73 1f       	adc	r23, r19
    1698:	84 1f       	adc	r24, r20
    169a:	95 1f       	adc	r25, r21
    169c:	a0 1d       	adc	r26, r0
    169e:	08 95       	ret

000016a0 <__prologue_saves__>:
    16a0:	2f 92       	push	r2
    16a2:	3f 92       	push	r3
    16a4:	4f 92       	push	r4
    16a6:	5f 92       	push	r5
    16a8:	6f 92       	push	r6
    16aa:	7f 92       	push	r7
    16ac:	8f 92       	push	r8
    16ae:	9f 92       	push	r9
    16b0:	af 92       	push	r10
    16b2:	bf 92       	push	r11
    16b4:	cf 92       	push	r12
    16b6:	df 92       	push	r13
    16b8:	ef 92       	push	r14
    16ba:	ff 92       	push	r15
    16bc:	0f 93       	push	r16
    16be:	1f 93       	push	r17
    16c0:	cf 93       	push	r28
    16c2:	df 93       	push	r29
    16c4:	cd b7       	in	r28, 0x3d	; 61
    16c6:	de b7       	in	r29, 0x3e	; 62
    16c8:	ca 1b       	sub	r28, r26
    16ca:	db 0b       	sbc	r29, r27
    16cc:	0f b6       	in	r0, 0x3f	; 63
    16ce:	f8 94       	cli
    16d0:	de bf       	out	0x3e, r29	; 62
    16d2:	0f be       	out	0x3f, r0	; 63
    16d4:	cd bf       	out	0x3d, r28	; 61
    16d6:	09 94       	ijmp

000016d8 <__epilogue_restores__>:
    16d8:	2a 88       	ldd	r2, Y+18	; 0x12
    16da:	39 88       	ldd	r3, Y+17	; 0x11
    16dc:	48 88       	ldd	r4, Y+16	; 0x10
    16de:	5f 84       	ldd	r5, Y+15	; 0x0f
    16e0:	6e 84       	ldd	r6, Y+14	; 0x0e
    16e2:	7d 84       	ldd	r7, Y+13	; 0x0d
    16e4:	8c 84       	ldd	r8, Y+12	; 0x0c
    16e6:	9b 84       	ldd	r9, Y+11	; 0x0b
    16e8:	aa 84       	ldd	r10, Y+10	; 0x0a
    16ea:	b9 84       	ldd	r11, Y+9	; 0x09
    16ec:	c8 84       	ldd	r12, Y+8	; 0x08
    16ee:	df 80       	ldd	r13, Y+7	; 0x07
    16f0:	ee 80       	ldd	r14, Y+6	; 0x06
    16f2:	fd 80       	ldd	r15, Y+5	; 0x05
    16f4:	0c 81       	ldd	r16, Y+4	; 0x04
    16f6:	1b 81       	ldd	r17, Y+3	; 0x03
    16f8:	aa 81       	ldd	r26, Y+2	; 0x02
    16fa:	b9 81       	ldd	r27, Y+1	; 0x01
    16fc:	ce 0f       	add	r28, r30
    16fe:	d1 1d       	adc	r29, r1
    1700:	0f b6       	in	r0, 0x3f	; 63
    1702:	f8 94       	cli
    1704:	de bf       	out	0x3e, r29	; 62
    1706:	0f be       	out	0x3f, r0	; 63
    1708:	cd bf       	out	0x3d, r28	; 61
    170a:	ed 01       	movw	r28, r26
    170c:	08 95       	ret

0000170e <_exit>:
    170e:	f8 94       	cli

00001710 <__stop_program>:
    1710:	ff cf       	rjmp	.-2      	; 0x1710 <__stop_program>
