
arduino.elf:     file format elf32-avr

Sections:
Idx Name          Size      VMA       LMA       File off  Algn
  0 .data         000002b6  00800100  00001aa4  00001b38  2**0
                  CONTENTS, ALLOC, LOAD, DATA
  1 .text         00001aa4  00000000  00000000  00000094  2**2
                  CONTENTS, ALLOC, LOAD, READONLY, CODE
  2 .bss          000003c0  008003b6  008003b6  00001dee  2**0
                  ALLOC
  3 .comment      00000011  00000000  00000000  00001dee  2**0
                  CONTENTS, READONLY
  4 .note.gnu.avr.deviceinfo 00000040  00000000  00000000  00001e00  2**2
                  CONTENTS, READONLY
  5 .debug_aranges 00000100  00000000  00000000  00001e40  2**3
                  CONTENTS, READONLY, DEBUGGING
  6 .debug_info   00000bcc  00000000  00000000  00001f40  2**0
                  CONTENTS, READONLY, DEBUGGING
  7 .debug_abbrev 00000642  00000000  00000000  00002b0c  2**0
                  CONTENTS, READONLY, DEBUGGING
  8 .debug_line   000005be  00000000  00000000  0000314e  2**0
                  CONTENTS, READONLY, DEBUGGING
  9 .debug_str    00000208  00000000  00000000  0000370c  2**0
                  CONTENTS, READONLY, DEBUGGING

Disassembly of section .text:

00000000 <__vectors>:
       0:	0c 94 35 00 	jmp	0x6a	; 0x6a <__ctors_end>
       4:	0c 94 5d 00 	jmp	0xba	; 0xba <__bad_interrupt>
       8:	0c 94 5d 00 	jmp	0xba	; 0xba <__bad_interrupt>
       c:	0c 94 5d 00 	jmp	0xba	; 0xba <__bad_interrupt>
      10:	0c 94 5d 00 	jmp	0xba	; 0xba <__bad_interrupt>
      14:	0c 94 5d 00 	jmp	0xba	; 0xba <__bad_interrupt>
      18:	0c 94 5d 00 	jmp	0xba	; 0xba <__bad_interrupt>
      1c:	0c 94 5d 00 	jmp	0xba	; 0xba <__bad_interrupt>
      20:	0c 94 5d 00 	jmp	0xba	; 0xba <__bad_interrupt>
      24:	0c 94 5d 00 	jmp	0xba	; 0xba <__bad_interrupt>
      28:	0c 94 5d 00 	jmp	0xba	; 0xba <__bad_interrupt>
      2c:	0c 94 1f 0a 	jmp	0x143e	; 0x143e <__vector_11>
      30:	0c 94 5d 00 	jmp	0xba	; 0xba <__bad_interrupt>
      34:	0c 94 5d 00 	jmp	0xba	; 0xba <__bad_interrupt>
      38:	0c 94 5d 00 	jmp	0xba	; 0xba <__bad_interrupt>
      3c:	0c 94 5d 00 	jmp	0xba	; 0xba <__bad_interrupt>
      40:	0c 94 e6 02 	jmp	0x5cc	; 0x5cc <__vector_16>
      44:	0c 94 5d 00 	jmp	0xba	; 0xba <__bad_interrupt>
      48:	0c 94 a5 04 	jmp	0x94a	; 0x94a <__vector_18>
      4c:	0c 94 d7 04 	jmp	0x9ae	; 0x9ae <__vector_19>
      50:	0c 94 5d 00 	jmp	0xba	; 0xba <__bad_interrupt>
      54:	0c 94 5d 00 	jmp	0xba	; 0xba <__bad_interrupt>
      58:	0c 94 5d 00 	jmp	0xba	; 0xba <__bad_interrupt>
      5c:	0c 94 5d 00 	jmp	0xba	; 0xba <__bad_interrupt>
      60:	0c 94 5d 00 	jmp	0xba	; 0xba <__bad_interrupt>
      64:	0c 94 5d 00 	jmp	0xba	; 0xba <__bad_interrupt>

00000068 <__ctors_start>:
      68:	fd 04       	cpc	r15, r13

0000006a <__ctors_end>:
      6a:	11 24       	eor	r1, r1
      6c:	1f be       	out	0x3f, r1	; 63
      6e:	cf ef       	ldi	r28, 0xFF	; 255
      70:	d8 e0       	ldi	r29, 0x08	; 8
      72:	de bf       	out	0x3e, r29	; 62
      74:	cd bf       	out	0x3d, r28	; 61

00000076 <__do_copy_data>:
      76:	13 e0       	ldi	r17, 0x03	; 3
      78:	a0 e0       	ldi	r26, 0x00	; 0
      7a:	b1 e0       	ldi	r27, 0x01	; 1
      7c:	e4 ea       	ldi	r30, 0xA4	; 164
      7e:	fa e1       	ldi	r31, 0x1A	; 26
      80:	02 c0       	rjmp	.+4      	; 0x86 <__do_copy_data+0x10>
      82:	05 90       	lpm	r0, Z+
      84:	0d 92       	st	X+, r0
      86:	a6 3b       	cpi	r26, 0xB6	; 182
      88:	b1 07       	cpc	r27, r17
      8a:	d9 f7       	brne	.-10     	; 0x82 <__do_copy_data+0xc>

0000008c <__do_clear_bss>:
      8c:	27 e0       	ldi	r18, 0x07	; 7
      8e:	a6 eb       	ldi	r26, 0xB6	; 182
      90:	b3 e0       	ldi	r27, 0x03	; 3
      92:	01 c0       	rjmp	.+2      	; 0x96 <.do_clear_bss_start>

00000094 <.do_clear_bss_loop>:
      94:	1d 92       	st	X+, r1

00000096 <.do_clear_bss_start>:
      96:	a6 37       	cpi	r26, 0x76	; 118
      98:	b2 07       	cpc	r27, r18
      9a:	e1 f7       	brne	.-8      	; 0x94 <.do_clear_bss_loop>

0000009c <__do_global_ctors>:
      9c:	10 e0       	ldi	r17, 0x00	; 0
      9e:	c5 e3       	ldi	r28, 0x35	; 53
      a0:	d0 e0       	ldi	r29, 0x00	; 0
      a2:	04 c0       	rjmp	.+8      	; 0xac <__do_global_ctors+0x10>
      a4:	21 97       	sbiw	r28, 0x01	; 1
      a6:	fe 01       	movw	r30, r28
      a8:	0e 94 69 0a 	call	0x14d2	; 0x14d2 <__tablejump2__>
      ac:	c4 33       	cpi	r28, 0x34	; 52
      ae:	d1 07       	cpc	r29, r17
      b0:	c9 f7       	brne	.-14     	; 0xa4 <__do_global_ctors+0x8>
      b2:	0e 94 90 02 	call	0x520	; 0x520 <main>
      b6:	0c 94 50 0d 	jmp	0x1aa0	; 0x1aa0 <_exit>

000000ba <__bad_interrupt>:
      ba:	0c 94 1b 0a 	jmp	0x1436	; 0x1436 <__vector_default>
	...

000000c0 <osEE_hal_save_ctx_and_restore_ctx>:
      c0:	2f 92       	push	r2
      c2:	3f 92       	push	r3
      c4:	4f 92       	push	r4
      c6:	5f 92       	push	r5
      c8:	6f 92       	push	r6
      ca:	7f 92       	push	r7
      cc:	8f 92       	push	r8
      ce:	9f 92       	push	r9
      d0:	af 92       	push	r10
      d2:	bf 92       	push	r11
      d4:	cf 92       	push	r12
      d6:	df 92       	push	r13
      d8:	ef 92       	push	r14
      da:	ff 92       	push	r15
      dc:	0f 93       	push	r16
      de:	1f 93       	push	r17
      e0:	cf 93       	push	r28
      e2:	df 93       	push	r29
      e4:	e4 2f       	mov	r30, r20
      e6:	f5 2f       	mov	r31, r21
      e8:	41 90       	ld	r4, Z+
      ea:	50 80       	ld	r5, Z
      ec:	4f 92       	push	r4
      ee:	5f 92       	push	r5
      f0:	e4 2f       	mov	r30, r20
      f2:	f5 2f       	mov	r31, r21
      f4:	4d b6       	in	r4, 0x3d	; 61
      f6:	5e b6       	in	r5, 0x3e	; 62
      f8:	41 92       	st	Z+, r4
      fa:	50 82       	st	Z, r5
      fc:	0c 94 80 00 	jmp	0x100	; 0x100 <osEE_hal_restore_ctx>

00000100 <osEE_hal_restore_ctx>:
     100:	e6 2f       	mov	r30, r22
     102:	f7 2f       	mov	r31, r23
     104:	41 90       	ld	r4, Z+
     106:	50 80       	ld	r5, Z
     108:	4d be       	out	0x3d, r4	; 61
     10a:	5e be       	out	0x3e, r5	; 62
     10c:	5f 90       	pop	r5
     10e:	4f 90       	pop	r4
     110:	e6 2f       	mov	r30, r22
     112:	f7 2f       	mov	r31, r23
     114:	41 92       	st	Z+, r4
     116:	50 82       	st	Z, r5
     118:	df 91       	pop	r29
     11a:	cf 91       	pop	r28
     11c:	1f 91       	pop	r17
     11e:	0f 91       	pop	r16
     120:	ff 90       	pop	r15
     122:	ef 90       	pop	r14
     124:	df 90       	pop	r13
     126:	cf 90       	pop	r12
     128:	bf 90       	pop	r11
     12a:	af 90       	pop	r10
     12c:	9f 90       	pop	r9
     12e:	8f 90       	pop	r8
     130:	7f 90       	pop	r7
     132:	6f 90       	pop	r6
     134:	5f 90       	pop	r5
     136:	4f 90       	pop	r4
     138:	3f 90       	pop	r3
     13a:	2f 90       	pop	r2
     13c:	0c 94 fe 06 	jmp	0xdfc	; 0xdfc <osEE_scheduler_task_wrapper_restore>

00000140 <osEE_hal_ready2stacked>:
     140:	e6 2f       	mov	r30, r22
     142:	f7 2f       	mov	r31, r23
     144:	41 91       	ld	r20, Z+
     146:	50 81       	ld	r21, Z
     148:	4d bf       	out	0x3d, r20	; 61
     14a:	5e bf       	out	0x3e, r21	; 62
     14c:	0c 94 07 07 	jmp	0xe0e	; 0xe0e <osEE_scheduler_task_wrapper_run>

00000150 <osEE_hal_save_ctx_and_ready2stacked>:
     150:	2f 92       	push	r2
     152:	3f 92       	push	r3
     154:	4f 92       	push	r4
     156:	5f 92       	push	r5
     158:	6f 92       	push	r6
     15a:	7f 92       	push	r7
     15c:	8f 92       	push	r8
     15e:	9f 92       	push	r9
     160:	af 92       	push	r10
     162:	bf 92       	push	r11
     164:	cf 92       	push	r12
     166:	df 92       	push	r13
     168:	ef 92       	push	r14
     16a:	ff 92       	push	r15
     16c:	0f 93       	push	r16
     16e:	1f 93       	push	r17
     170:	cf 93       	push	r28
     172:	df 93       	push	r29
     174:	e4 2f       	mov	r30, r20
     176:	f5 2f       	mov	r31, r21
     178:	41 90       	ld	r4, Z+
     17a:	50 80       	ld	r5, Z
     17c:	4f 92       	push	r4
     17e:	5f 92       	push	r5
     180:	e4 2f       	mov	r30, r20
     182:	f5 2f       	mov	r31, r21
     184:	4d b6       	in	r4, 0x3d	; 61
     186:	5e b6       	in	r5, 0x3e	; 62
     188:	41 92       	st	Z+, r4
     18a:	50 82       	st	Z, r5
     18c:	0c 94 a0 00 	jmp	0x140	; 0x140 <osEE_hal_ready2stacked>

00000190 <osEE_hal_terminate_ctx>:
     190:	e8 2f       	mov	r30, r24
     192:	f9 2f       	mov	r31, r25
     194:	41 91       	ld	r20, Z+
     196:	50 81       	ld	r21, Z
     198:	4d bf       	out	0x3d, r20	; 61
     19a:	5e bf       	out	0x3e, r21	; 62
     19c:	e6 2f       	mov	r30, r22
     19e:	f7 2f       	mov	r31, r23
     1a0:	09 94       	ijmp
	...

000001a4 <TimerISR>:
     1a4:	80 91 00 01 	lds	r24, 0x0100	; 0x800100 <__data_start>
     1a8:	90 91 01 01 	lds	r25, 0x0101	; 0x800101 <__data_start+0x1>
     1ac:	a0 91 02 01 	lds	r26, 0x0102	; 0x800102 <__data_start+0x2>
     1b0:	b0 91 03 01 	lds	r27, 0x0103	; 0x800103 <__data_start+0x3>
     1b4:	01 96       	adiw	r24, 0x01	; 1
     1b6:	a1 1d       	adc	r26, r1
     1b8:	b1 1d       	adc	r27, r1
     1ba:	80 93 00 01 	sts	0x0100, r24	; 0x800100 <__data_start>
     1be:	90 93 01 01 	sts	0x0101, r25	; 0x800101 <__data_start+0x1>
     1c2:	a0 93 02 01 	sts	0x0102, r26	; 0x800102 <__data_start+0x2>
     1c6:	b0 93 03 01 	sts	0x0103, r27	; 0x800103 <__data_start+0x3>
     1ca:	bf 93       	push	r27
     1cc:	af 93       	push	r26
     1ce:	9f 93       	push	r25
     1d0:	8f 93       	push	r24
     1d2:	8a e6       	ldi	r24, 0x6A	; 106
     1d4:	91 e0       	ldi	r25, 0x01	; 1
     1d6:	9f 93       	push	r25
     1d8:	8f 93       	push	r24
     1da:	0e 94 58 02 	call	0x4b0	; 0x4b0 <printfSerial>
     1de:	80 91 00 01 	lds	r24, 0x0100	; 0x800100 <__data_start>
     1e2:	90 91 01 01 	lds	r25, 0x0101	; 0x800101 <__data_start+0x1>
     1e6:	a0 91 02 01 	lds	r26, 0x0102	; 0x800102 <__data_start+0x2>
     1ea:	b0 91 03 01 	lds	r27, 0x0103	; 0x800103 <__data_start+0x3>
     1ee:	0f 90       	pop	r0
     1f0:	0f 90       	pop	r0
     1f2:	0f 90       	pop	r0
     1f4:	0f 90       	pop	r0
     1f6:	0f 90       	pop	r0
     1f8:	0f 90       	pop	r0
     1fa:	8c 3f       	cpi	r24, 0xFC	; 252
     1fc:	2f ef       	ldi	r18, 0xFF	; 255
     1fe:	92 07       	cpc	r25, r18
     200:	a2 07       	cpc	r26, r18
     202:	b2 07       	cpc	r27, r18
     204:	61 f4       	brne	.+24     	; 0x21e <TimerISR+0x7a>
     206:	61 e0       	ldi	r22, 0x01	; 1
     208:	70 e0       	ldi	r23, 0x00	; 0
     20a:	8b e6       	ldi	r24, 0x6B	; 107
     20c:	97 e0       	ldi	r25, 0x07	; 7
     20e:	0e 94 b2 02 	call	0x564	; 0x564 <InitMutex>
     212:	62 e0       	ldi	r22, 0x02	; 2
     214:	70 e0       	ldi	r23, 0x00	; 0
     216:	80 e7       	ldi	r24, 0x70	; 112
     218:	97 e0       	ldi	r25, 0x07	; 7
     21a:	0c 94 b2 02 	jmp	0x564	; 0x564 <InitMutex>
     21e:	00 97       	sbiw	r24, 0x00	; 0
     220:	a1 05       	cpc	r26, r1
     222:	b1 05       	cpc	r27, r1
     224:	19 f4       	brne	.+6      	; 0x22c <TimerISR+0x88>
     226:	83 e0       	ldi	r24, 0x03	; 3
     228:	0c 94 0d 06 	jmp	0xc1a	; 0xc1a <ActivateTask>
     22c:	83 30       	cpi	r24, 0x03	; 3
     22e:	91 05       	cpc	r25, r1
     230:	a1 05       	cpc	r26, r1
     232:	b1 05       	cpc	r27, r1
     234:	11 f4       	brne	.+4      	; 0x23a <TimerISR+0x96>
     236:	82 e0       	ldi	r24, 0x02	; 2
     238:	f7 cf       	rjmp	.-18     	; 0x228 <TimerISR+0x84>
     23a:	05 97       	sbiw	r24, 0x05	; 5
     23c:	a1 05       	cpc	r26, r1
     23e:	b1 05       	cpc	r27, r1
     240:	11 f4       	brne	.+4      	; 0x246 <TimerISR+0xa2>
     242:	81 e0       	ldi	r24, 0x01	; 1
     244:	f1 cf       	rjmp	.-30     	; 0x228 <TimerISR+0x84>
     246:	08 95       	ret

00000248 <FuncTaskH>:
     248:	82 e7       	ldi	r24, 0x72	; 114
     24a:	91 e0       	ldi	r25, 0x01	; 1
     24c:	9f 93       	push	r25
     24e:	8f 93       	push	r24
     250:	0e 94 58 02 	call	0x4b0	; 0x4b0 <printfSerial>
     254:	68 ee       	ldi	r22, 0xE8	; 232
     256:	73 e0       	ldi	r23, 0x03	; 3
     258:	80 e0       	ldi	r24, 0x00	; 0
     25a:	90 e0       	ldi	r25, 0x00	; 0
     25c:	0e 94 10 02 	call	0x420	; 0x420 <mdelay>
     260:	83 e8       	ldi	r24, 0x83	; 131
     262:	91 e0       	ldi	r25, 0x01	; 1
     264:	9f 93       	push	r25
     266:	8f 93       	push	r24
     268:	0e 94 58 02 	call	0x4b0	; 0x4b0 <printfSerial>
     26c:	80 e7       	ldi	r24, 0x70	; 112
     26e:	97 e0       	ldi	r25, 0x07	; 7
     270:	0e 94 b9 02 	call	0x572	; 0x572 <GetMutex>
     274:	8a e9       	ldi	r24, 0x9A	; 154
     276:	91 e0       	ldi	r25, 0x01	; 1
     278:	9f 93       	push	r25
     27a:	8f 93       	push	r24
     27c:	0e 94 58 02 	call	0x4b0	; 0x4b0 <printfSerial>
     280:	68 eb       	ldi	r22, 0xB8	; 184
     282:	7b e0       	ldi	r23, 0x0B	; 11
     284:	80 e0       	ldi	r24, 0x00	; 0
     286:	90 e0       	ldi	r25, 0x00	; 0
     288:	0e 94 10 02 	call	0x420	; 0x420 <mdelay>
     28c:	81 eb       	ldi	r24, 0xB1	; 177
     28e:	91 e0       	ldi	r25, 0x01	; 1
     290:	9f 93       	push	r25
     292:	8f 93       	push	r24
     294:	0e 94 58 02 	call	0x4b0	; 0x4b0 <printfSerial>
     298:	8b e6       	ldi	r24, 0x6B	; 107
     29a:	97 e0       	ldi	r25, 0x07	; 7
     29c:	0e 94 b9 02 	call	0x572	; 0x572 <GetMutex>
     2a0:	88 ec       	ldi	r24, 0xC8	; 200
     2a2:	91 e0       	ldi	r25, 0x01	; 1
     2a4:	9f 93       	push	r25
     2a6:	8f 93       	push	r24
     2a8:	0e 94 58 02 	call	0x4b0	; 0x4b0 <printfSerial>
     2ac:	68 eb       	ldi	r22, 0xB8	; 184
     2ae:	7b e0       	ldi	r23, 0x0B	; 11
     2b0:	80 e0       	ldi	r24, 0x00	; 0
     2b2:	90 e0       	ldi	r25, 0x00	; 0
     2b4:	0e 94 10 02 	call	0x420	; 0x420 <mdelay>
     2b8:	8f ed       	ldi	r24, 0xDF	; 223
     2ba:	91 e0       	ldi	r25, 0x01	; 1
     2bc:	9f 93       	push	r25
     2be:	8f 93       	push	r24
     2c0:	0e 94 58 02 	call	0x4b0	; 0x4b0 <printfSerial>
     2c4:	8b e6       	ldi	r24, 0x6B	; 107
     2c6:	97 e0       	ldi	r25, 0x07	; 7
     2c8:	0e 94 d7 02 	call	0x5ae	; 0x5ae <ReleaseMutex>
     2cc:	68 ee       	ldi	r22, 0xE8	; 232
     2ce:	73 e0       	ldi	r23, 0x03	; 3
     2d0:	80 e0       	ldi	r24, 0x00	; 0
     2d2:	90 e0       	ldi	r25, 0x00	; 0
     2d4:	0e 94 10 02 	call	0x420	; 0x420 <mdelay>
     2d8:	8a ef       	ldi	r24, 0xFA	; 250
     2da:	91 e0       	ldi	r25, 0x01	; 1
     2dc:	9f 93       	push	r25
     2de:	8f 93       	push	r24
     2e0:	0e 94 58 02 	call	0x4b0	; 0x4b0 <printfSerial>
     2e4:	80 e7       	ldi	r24, 0x70	; 112
     2e6:	97 e0       	ldi	r25, 0x07	; 7
     2e8:	0e 94 d7 02 	call	0x5ae	; 0x5ae <ReleaseMutex>
     2ec:	68 ee       	ldi	r22, 0xE8	; 232
     2ee:	73 e0       	ldi	r23, 0x03	; 3
     2f0:	80 e0       	ldi	r24, 0x00	; 0
     2f2:	90 e0       	ldi	r25, 0x00	; 0
     2f4:	0e 94 10 02 	call	0x420	; 0x420 <mdelay>
     2f8:	85 e1       	ldi	r24, 0x15	; 21
     2fa:	92 e0       	ldi	r25, 0x02	; 2
     2fc:	9f 93       	push	r25
     2fe:	8f 93       	push	r24
     300:	0e 94 58 02 	call	0x4b0	; 0x4b0 <printfSerial>
     304:	8d b7       	in	r24, 0x3d	; 61
     306:	9e b7       	in	r25, 0x3e	; 62
     308:	40 96       	adiw	r24, 0x10	; 16
     30a:	0f b6       	in	r0, 0x3f	; 63
     30c:	f8 94       	cli
     30e:	9e bf       	out	0x3e, r25	; 62
     310:	0f be       	out	0x3f, r0	; 63
     312:	8d bf       	out	0x3d, r24	; 61
     314:	0c 94 42 06 	jmp	0xc84	; 0xc84 <TerminateTask>

00000318 <FuncTaskM>:
     318:	84 e2       	ldi	r24, 0x24	; 36
     31a:	92 e0       	ldi	r25, 0x02	; 2
     31c:	9f 93       	push	r25
     31e:	8f 93       	push	r24
     320:	0e 94 58 02 	call	0x4b0	; 0x4b0 <printfSerial>
     324:	68 ee       	ldi	r22, 0xE8	; 232
     326:	73 e0       	ldi	r23, 0x03	; 3
     328:	80 e0       	ldi	r24, 0x00	; 0
     32a:	90 e0       	ldi	r25, 0x00	; 0
     32c:	0e 94 10 02 	call	0x420	; 0x420 <mdelay>
     330:	85 e3       	ldi	r24, 0x35	; 53
     332:	92 e0       	ldi	r25, 0x02	; 2
     334:	9f 93       	push	r25
     336:	8f 93       	push	r24
     338:	0e 94 58 02 	call	0x4b0	; 0x4b0 <printfSerial>
     33c:	80 e7       	ldi	r24, 0x70	; 112
     33e:	97 e0       	ldi	r25, 0x07	; 7
     340:	0e 94 b9 02 	call	0x572	; 0x572 <GetMutex>
     344:	8c e4       	ldi	r24, 0x4C	; 76
     346:	92 e0       	ldi	r25, 0x02	; 2
     348:	9f 93       	push	r25
     34a:	8f 93       	push	r24
     34c:	0e 94 58 02 	call	0x4b0	; 0x4b0 <printfSerial>
     350:	60 ed       	ldi	r22, 0xD0	; 208
     352:	77 e0       	ldi	r23, 0x07	; 7
     354:	80 e0       	ldi	r24, 0x00	; 0
     356:	90 e0       	ldi	r25, 0x00	; 0
     358:	0e 94 10 02 	call	0x420	; 0x420 <mdelay>
     35c:	83 e6       	ldi	r24, 0x63	; 99
     35e:	92 e0       	ldi	r25, 0x02	; 2
     360:	9f 93       	push	r25
     362:	8f 93       	push	r24
     364:	0e 94 58 02 	call	0x4b0	; 0x4b0 <printfSerial>
     368:	80 e7       	ldi	r24, 0x70	; 112
     36a:	97 e0       	ldi	r25, 0x07	; 7
     36c:	0e 94 d7 02 	call	0x5ae	; 0x5ae <ReleaseMutex>
     370:	68 ee       	ldi	r22, 0xE8	; 232
     372:	73 e0       	ldi	r23, 0x03	; 3
     374:	80 e0       	ldi	r24, 0x00	; 0
     376:	90 e0       	ldi	r25, 0x00	; 0
     378:	0e 94 10 02 	call	0x420	; 0x420 <mdelay>
     37c:	8e e7       	ldi	r24, 0x7E	; 126
     37e:	92 e0       	ldi	r25, 0x02	; 2
     380:	9f 93       	push	r25
     382:	8f 93       	push	r24
     384:	0e 94 58 02 	call	0x4b0	; 0x4b0 <printfSerial>
     388:	8d b7       	in	r24, 0x3d	; 61
     38a:	9e b7       	in	r25, 0x3e	; 62
     38c:	0a 96       	adiw	r24, 0x0a	; 10
     38e:	0f b6       	in	r0, 0x3f	; 63
     390:	f8 94       	cli
     392:	9e bf       	out	0x3e, r25	; 62
     394:	0f be       	out	0x3f, r0	; 63
     396:	8d bf       	out	0x3d, r24	; 61
     398:	0c 94 42 06 	jmp	0xc84	; 0xc84 <TerminateTask>

0000039c <FuncTaskL>:
     39c:	8d e8       	ldi	r24, 0x8D	; 141
     39e:	92 e0       	ldi	r25, 0x02	; 2
     3a0:	9f 93       	push	r25
     3a2:	8f 93       	push	r24
     3a4:	0e 94 58 02 	call	0x4b0	; 0x4b0 <printfSerial>
     3a8:	60 ed       	ldi	r22, 0xD0	; 208
     3aa:	77 e0       	ldi	r23, 0x07	; 7
     3ac:	80 e0       	ldi	r24, 0x00	; 0
     3ae:	90 e0       	ldi	r25, 0x00	; 0
     3b0:	0e 94 10 02 	call	0x420	; 0x420 <mdelay>
     3b4:	8e e9       	ldi	r24, 0x9E	; 158
     3b6:	92 e0       	ldi	r25, 0x02	; 2
     3b8:	9f 93       	push	r25
     3ba:	8f 93       	push	r24
     3bc:	0e 94 58 02 	call	0x4b0	; 0x4b0 <printfSerial>
     3c0:	8b e6       	ldi	r24, 0x6B	; 107
     3c2:	97 e0       	ldi	r25, 0x07	; 7
     3c4:	0e 94 b9 02 	call	0x572	; 0x572 <GetMutex>
     3c8:	85 eb       	ldi	r24, 0xB5	; 181
     3ca:	92 e0       	ldi	r25, 0x02	; 2
     3cc:	9f 93       	push	r25
     3ce:	8f 93       	push	r24
     3d0:	0e 94 58 02 	call	0x4b0	; 0x4b0 <printfSerial>
     3d4:	60 ea       	ldi	r22, 0xA0	; 160
     3d6:	7f e0       	ldi	r23, 0x0F	; 15
     3d8:	80 e0       	ldi	r24, 0x00	; 0
     3da:	90 e0       	ldi	r25, 0x00	; 0
     3dc:	0e 94 10 02 	call	0x420	; 0x420 <mdelay>
     3e0:	8c ec       	ldi	r24, 0xCC	; 204
     3e2:	92 e0       	ldi	r25, 0x02	; 2
     3e4:	9f 93       	push	r25
     3e6:	8f 93       	push	r24
     3e8:	0e 94 58 02 	call	0x4b0	; 0x4b0 <printfSerial>
     3ec:	8b e6       	ldi	r24, 0x6B	; 107
     3ee:	97 e0       	ldi	r25, 0x07	; 7
     3f0:	0e 94 d7 02 	call	0x5ae	; 0x5ae <ReleaseMutex>
     3f4:	68 ee       	ldi	r22, 0xE8	; 232
     3f6:	73 e0       	ldi	r23, 0x03	; 3
     3f8:	80 e0       	ldi	r24, 0x00	; 0
     3fa:	90 e0       	ldi	r25, 0x00	; 0
     3fc:	0e 94 10 02 	call	0x420	; 0x420 <mdelay>
     400:	87 ee       	ldi	r24, 0xE7	; 231
     402:	92 e0       	ldi	r25, 0x02	; 2
     404:	9f 93       	push	r25
     406:	8f 93       	push	r24
     408:	0e 94 58 02 	call	0x4b0	; 0x4b0 <printfSerial>
     40c:	8d b7       	in	r24, 0x3d	; 61
     40e:	9e b7       	in	r25, 0x3e	; 62
     410:	0a 96       	adiw	r24, 0x0a	; 10
     412:	0f b6       	in	r0, 0x3f	; 63
     414:	f8 94       	cli
     416:	9e bf       	out	0x3e, r25	; 62
     418:	0f be       	out	0x3f, r0	; 63
     41a:	8d bf       	out	0x3d, r24	; 61
     41c:	0c 94 42 06 	jmp	0xc84	; 0xc84 <TerminateTask>

00000420 <mdelay>:
     420:	4f 92       	push	r4
     422:	5f 92       	push	r5
     424:	6f 92       	push	r6
     426:	7f 92       	push	r7
     428:	8f 92       	push	r8
     42a:	9f 92       	push	r9
     42c:	af 92       	push	r10
     42e:	bf 92       	push	r11
     430:	cf 92       	push	r12
     432:	df 92       	push	r13
     434:	ef 92       	push	r14
     436:	ff 92       	push	r15
     438:	6b 01       	movw	r12, r22
     43a:	7c 01       	movw	r14, r24
     43c:	0e 94 30 03 	call	0x660	; 0x660 <millis>
     440:	4b 01       	movw	r8, r22
     442:	5c 01       	movw	r10, r24
     444:	0e 94 30 03 	call	0x660	; 0x660 <millis>
     448:	c7 01       	movw	r24, r14
     44a:	b6 01       	movw	r22, r12
     44c:	24 e1       	ldi	r18, 0x14	; 20
     44e:	30 e0       	ldi	r19, 0x00	; 0
     450:	40 e0       	ldi	r20, 0x00	; 0
     452:	50 e0       	ldi	r21, 0x00	; 0
     454:	0e 94 47 0a 	call	0x148e	; 0x148e <__udivmodsi4>
     458:	29 01       	movw	r4, r18
     45a:	3a 01       	movw	r6, r20
     45c:	c1 2c       	mov	r12, r1
     45e:	d1 2c       	mov	r13, r1
     460:	76 01       	movw	r14, r12
     462:	4c 14       	cp	r4, r12
     464:	5d 04       	cpc	r5, r13
     466:	6e 04       	cpc	r6, r14
     468:	7f 04       	cpc	r7, r15
     46a:	a9 f0       	breq	.+42     	; 0x496 <mdelay+0x76>
     46c:	0e 94 30 03 	call	0x660	; 0x660 <millis>
     470:	68 19       	sub	r22, r8
     472:	79 09       	sbc	r23, r9
     474:	8a 09       	sbc	r24, r10
     476:	9b 09       	sbc	r25, r11
     478:	64 31       	cpi	r22, 0x14	; 20
     47a:	71 05       	cpc	r23, r1
     47c:	81 05       	cpc	r24, r1
     47e:	91 05       	cpc	r25, r1
     480:	80 f3       	brcs	.-32     	; 0x462 <mdelay+0x42>
     482:	8f ef       	ldi	r24, 0xFF	; 255
     484:	c8 1a       	sub	r12, r24
     486:	d8 0a       	sbc	r13, r24
     488:	e8 0a       	sbc	r14, r24
     48a:	f8 0a       	sbc	r15, r24
     48c:	0e 94 30 03 	call	0x660	; 0x660 <millis>
     490:	4b 01       	movw	r8, r22
     492:	5c 01       	movw	r10, r24
     494:	e6 cf       	rjmp	.-52     	; 0x462 <mdelay+0x42>
     496:	ff 90       	pop	r15
     498:	ef 90       	pop	r14
     49a:	df 90       	pop	r13
     49c:	cf 90       	pop	r12
     49e:	bf 90       	pop	r11
     4a0:	af 90       	pop	r10
     4a2:	9f 90       	pop	r9
     4a4:	8f 90       	pop	r8
     4a6:	7f 90       	pop	r7
     4a8:	6f 90       	pop	r6
     4aa:	5f 90       	pop	r5
     4ac:	4f 90       	pop	r4
     4ae:	08 95       	ret

000004b0 <printfSerial>:
     4b0:	cf 93       	push	r28
     4b2:	df 93       	push	r29
     4b4:	cd b7       	in	r28, 0x3d	; 61
     4b6:	de b7       	in	r29, 0x3e	; 62
     4b8:	c0 58       	subi	r28, 0x80	; 128
     4ba:	d1 09       	sbc	r29, r1
     4bc:	0f b6       	in	r0, 0x3f	; 63
     4be:	f8 94       	cli
     4c0:	de bf       	out	0x3e, r29	; 62
     4c2:	0f be       	out	0x3f, r0	; 63
     4c4:	cd bf       	out	0x3d, r28	; 61
     4c6:	9e 01       	movw	r18, r28
     4c8:	2b 57       	subi	r18, 0x7B	; 123
     4ca:	3f 4f       	sbci	r19, 0xFF	; 255
     4cc:	f9 01       	movw	r30, r18
     4ce:	41 91       	ld	r20, Z+
     4d0:	51 91       	ld	r21, Z+
     4d2:	9f 01       	movw	r18, r30
     4d4:	60 e8       	ldi	r22, 0x80	; 128
     4d6:	70 e0       	ldi	r23, 0x00	; 0
     4d8:	ce 01       	movw	r24, r28
     4da:	01 96       	adiw	r24, 0x01	; 1
     4dc:	0e 94 6f 0a 	call	0x14de	; 0x14de <vsnprintf>
     4e0:	be 01       	movw	r22, r28
     4e2:	6f 5f       	subi	r22, 0xFF	; 255
     4e4:	7f 4f       	sbci	r23, 0xFF	; 255
     4e6:	8e ec       	ldi	r24, 0xCE	; 206
     4e8:	96 e0       	ldi	r25, 0x06	; 6
     4ea:	0e 94 66 05 	call	0xacc	; 0xacc <_ZN5Print5printEPKc>
     4ee:	c0 58       	subi	r28, 0x80	; 128
     4f0:	df 4f       	sbci	r29, 0xFF	; 255
     4f2:	0f b6       	in	r0, 0x3f	; 63
     4f4:	f8 94       	cli
     4f6:	de bf       	out	0x3e, r29	; 62
     4f8:	0f be       	out	0x3f, r0	; 63
     4fa:	cd bf       	out	0x3d, r28	; 61
     4fc:	df 91       	pop	r29
     4fe:	cf 91       	pop	r28
     500:	08 95       	ret

00000502 <setup>:
     502:	26 e0       	ldi	r18, 0x06	; 6
     504:	40 e8       	ldi	r20, 0x80	; 128
     506:	55 e2       	ldi	r21, 0x25	; 37
     508:	60 e0       	ldi	r22, 0x00	; 0
     50a:	70 e0       	ldi	r23, 0x00	; 0
     50c:	8e ec       	ldi	r24, 0xCE	; 206
     50e:	96 e0       	ldi	r25, 0x06	; 6
     510:	0e 94 43 04 	call	0x886	; 0x886 <_ZN14HardwareSerial5beginEmh>
     514:	60 e4       	ldi	r22, 0x40	; 64
     516:	72 e4       	ldi	r23, 0x42	; 66
     518:	8f e0       	ldi	r24, 0x0F	; 15
     51a:	90 e0       	ldi	r25, 0x00	; 0
     51c:	0c 94 6e 05 	jmp	0xadc	; 0xadc <OsEE_atmega_startTimer1>

00000520 <main>:
     520:	0e 94 3c 03 	call	0x678	; 0x678 <init>
     524:	0e 94 81 02 	call	0x502	; 0x502 <setup>
     528:	86 ef       	ldi	r24, 0xF6	; 246
     52a:	92 e0       	ldi	r25, 0x02	; 2
     52c:	9f 93       	push	r25
     52e:	8f 93       	push	r24
     530:	0e 94 58 02 	call	0x4b0	; 0x4b0 <printfSerial>
     534:	88 e0       	ldi	r24, 0x08	; 8
     536:	93 e0       	ldi	r25, 0x03	; 3
     538:	9f 93       	push	r25
     53a:	8f 93       	push	r24
     53c:	0e 94 58 02 	call	0x4b0	; 0x4b0 <printfSerial>
     540:	87 ef       	ldi	r24, 0xF7	; 247
     542:	92 e0       	ldi	r25, 0x02	; 2
     544:	9f 93       	push	r25
     546:	8f 93       	push	r24
     548:	0e 94 58 02 	call	0x4b0	; 0x4b0 <printfSerial>
     54c:	80 e0       	ldi	r24, 0x00	; 0
     54e:	0e 94 cc 05 	call	0xb98	; 0xb98 <StartOS>
     552:	0f 90       	pop	r0
     554:	0f 90       	pop	r0
     556:	0f 90       	pop	r0
     558:	0f 90       	pop	r0
     55a:	0f 90       	pop	r0
     55c:	0f 90       	pop	r0
     55e:	90 e0       	ldi	r25, 0x00	; 0
     560:	80 e0       	ldi	r24, 0x00	; 0
     562:	08 95       	ret

00000564 <InitMutex>:
     564:	fc 01       	movw	r30, r24
     566:	11 82       	std	Z+1, r1	; 0x01
     568:	10 82       	st	Z, r1
     56a:	14 82       	std	Z+4, r1	; 0x04
     56c:	73 83       	std	Z+3, r23	; 0x03
     56e:	62 83       	std	Z+2, r22	; 0x02
     570:	08 95       	ret

00000572 <GetMutex>:
     572:	cf 93       	push	r28
     574:	df 93       	push	r29
     576:	ec 01       	movw	r28, r24
     578:	88 81       	ld	r24, Y
     57a:	99 81       	ldd	r25, Y+1	; 0x01
     57c:	01 97       	sbiw	r24, 0x01	; 1
     57e:	81 f4       	brne	.+32     	; 0x5a0 <GetMutex+0x2e>
     580:	86 e9       	ldi	r24, 0x96	; 150
     582:	93 e0       	ldi	r25, 0x03	; 3
     584:	9f 93       	push	r25
     586:	8f 93       	push	r24
     588:	0e 94 58 02 	call	0x4b0	; 0x4b0 <printfSerial>
     58c:	ce 01       	movw	r24, r28
     58e:	04 96       	adiw	r24, 0x04	; 4
     590:	0e 94 5c 06 	call	0xcb8	; 0xcb8 <GetTaskID>
     594:	8a 81       	ldd	r24, Y+2	; 0x02
     596:	9b 81       	ldd	r25, Y+3	; 0x03
     598:	0e 94 88 06 	call	0xd10	; 0xd10 <WaitEvent>
     59c:	0f 90       	pop	r0
     59e:	0f 90       	pop	r0
     5a0:	81 e0       	ldi	r24, 0x01	; 1
     5a2:	90 e0       	ldi	r25, 0x00	; 0
     5a4:	99 83       	std	Y+1, r25	; 0x01
     5a6:	88 83       	st	Y, r24
     5a8:	df 91       	pop	r29
     5aa:	cf 91       	pop	r28
     5ac:	08 95       	ret

000005ae <ReleaseMutex>:
     5ae:	fc 01       	movw	r30, r24
     5b0:	80 81       	ld	r24, Z
     5b2:	91 81       	ldd	r25, Z+1	; 0x01
     5b4:	01 97       	sbiw	r24, 0x01	; 1
     5b6:	49 f4       	brne	.+18     	; 0x5ca <ReleaseMutex+0x1c>
     5b8:	11 82       	std	Z+1, r1	; 0x01
     5ba:	10 82       	st	Z, r1
     5bc:	84 81       	ldd	r24, Z+4	; 0x04
     5be:	88 23       	and	r24, r24
     5c0:	21 f0       	breq	.+8      	; 0x5ca <ReleaseMutex+0x1c>
     5c2:	62 81       	ldd	r22, Z+2	; 0x02
     5c4:	73 81       	ldd	r23, Z+3	; 0x03
     5c6:	0c 94 c3 06 	jmp	0xd86	; 0xd86 <SetEvent>
     5ca:	08 95       	ret

000005cc <__vector_16>:
     5cc:	1f 92       	push	r1
     5ce:	0f 92       	push	r0
     5d0:	0f b6       	in	r0, 0x3f	; 63
     5d2:	0f 92       	push	r0
     5d4:	11 24       	eor	r1, r1
     5d6:	2f 93       	push	r18
     5d8:	3f 93       	push	r19
     5da:	8f 93       	push	r24
     5dc:	9f 93       	push	r25
     5de:	af 93       	push	r26
     5e0:	bf 93       	push	r27
     5e2:	80 91 c6 06 	lds	r24, 0x06C6	; 0x8006c6 <timer0_millis>
     5e6:	90 91 c7 06 	lds	r25, 0x06C7	; 0x8006c7 <timer0_millis+0x1>
     5ea:	a0 91 c8 06 	lds	r26, 0x06C8	; 0x8006c8 <timer0_millis+0x2>
     5ee:	b0 91 c9 06 	lds	r27, 0x06C9	; 0x8006c9 <timer0_millis+0x3>
     5f2:	30 91 c5 06 	lds	r19, 0x06C5	; 0x8006c5 <timer0_fract>
     5f6:	23 e0       	ldi	r18, 0x03	; 3
     5f8:	23 0f       	add	r18, r19
     5fa:	2d 37       	cpi	r18, 0x7D	; 125
     5fc:	58 f5       	brcc	.+86     	; 0x654 <__vector_16+0x88>
     5fe:	01 96       	adiw	r24, 0x01	; 1
     600:	a1 1d       	adc	r26, r1
     602:	b1 1d       	adc	r27, r1
     604:	20 93 c5 06 	sts	0x06C5, r18	; 0x8006c5 <timer0_fract>
     608:	80 93 c6 06 	sts	0x06C6, r24	; 0x8006c6 <timer0_millis>
     60c:	90 93 c7 06 	sts	0x06C7, r25	; 0x8006c7 <timer0_millis+0x1>
     610:	a0 93 c8 06 	sts	0x06C8, r26	; 0x8006c8 <timer0_millis+0x2>
     614:	b0 93 c9 06 	sts	0x06C9, r27	; 0x8006c9 <timer0_millis+0x3>
     618:	80 91 ca 06 	lds	r24, 0x06CA	; 0x8006ca <timer0_overflow_count>
     61c:	90 91 cb 06 	lds	r25, 0x06CB	; 0x8006cb <timer0_overflow_count+0x1>
     620:	a0 91 cc 06 	lds	r26, 0x06CC	; 0x8006cc <timer0_overflow_count+0x2>
     624:	b0 91 cd 06 	lds	r27, 0x06CD	; 0x8006cd <timer0_overflow_count+0x3>
     628:	01 96       	adiw	r24, 0x01	; 1
     62a:	a1 1d       	adc	r26, r1
     62c:	b1 1d       	adc	r27, r1
     62e:	80 93 ca 06 	sts	0x06CA, r24	; 0x8006ca <timer0_overflow_count>
     632:	90 93 cb 06 	sts	0x06CB, r25	; 0x8006cb <timer0_overflow_count+0x1>
     636:	a0 93 cc 06 	sts	0x06CC, r26	; 0x8006cc <timer0_overflow_count+0x2>
     63a:	b0 93 cd 06 	sts	0x06CD, r27	; 0x8006cd <timer0_overflow_count+0x3>
     63e:	bf 91       	pop	r27
     640:	af 91       	pop	r26
     642:	9f 91       	pop	r25
     644:	8f 91       	pop	r24
     646:	3f 91       	pop	r19
     648:	2f 91       	pop	r18
     64a:	0f 90       	pop	r0
     64c:	0f be       	out	0x3f, r0	; 63
     64e:	0f 90       	pop	r0
     650:	1f 90       	pop	r1
     652:	18 95       	reti
     654:	26 e8       	ldi	r18, 0x86	; 134
     656:	23 0f       	add	r18, r19
     658:	02 96       	adiw	r24, 0x02	; 2
     65a:	a1 1d       	adc	r26, r1
     65c:	b1 1d       	adc	r27, r1
     65e:	d2 cf       	rjmp	.-92     	; 0x604 <__vector_16+0x38>

00000660 <millis>:
     660:	2f b7       	in	r18, 0x3f	; 63
     662:	f8 94       	cli
     664:	60 91 c6 06 	lds	r22, 0x06C6	; 0x8006c6 <timer0_millis>
     668:	70 91 c7 06 	lds	r23, 0x06C7	; 0x8006c7 <timer0_millis+0x1>
     66c:	80 91 c8 06 	lds	r24, 0x06C8	; 0x8006c8 <timer0_millis+0x2>
     670:	90 91 c9 06 	lds	r25, 0x06C9	; 0x8006c9 <timer0_millis+0x3>
     674:	2f bf       	out	0x3f, r18	; 63
     676:	08 95       	ret

00000678 <init>:
     678:	78 94       	sei
     67a:	84 b5       	in	r24, 0x24	; 36
     67c:	82 60       	ori	r24, 0x02	; 2
     67e:	84 bd       	out	0x24, r24	; 36
     680:	84 b5       	in	r24, 0x24	; 36
     682:	81 60       	ori	r24, 0x01	; 1
     684:	84 bd       	out	0x24, r24	; 36
     686:	85 b5       	in	r24, 0x25	; 37
     688:	82 60       	ori	r24, 0x02	; 2
     68a:	85 bd       	out	0x25, r24	; 37
     68c:	85 b5       	in	r24, 0x25	; 37
     68e:	81 60       	ori	r24, 0x01	; 1
     690:	85 bd       	out	0x25, r24	; 37
     692:	ee e6       	ldi	r30, 0x6E	; 110
     694:	f0 e0       	ldi	r31, 0x00	; 0
     696:	80 81       	ld	r24, Z
     698:	81 60       	ori	r24, 0x01	; 1
     69a:	80 83       	st	Z, r24
     69c:	e1 e8       	ldi	r30, 0x81	; 129
     69e:	f0 e0       	ldi	r31, 0x00	; 0
     6a0:	10 82       	st	Z, r1
     6a2:	80 81       	ld	r24, Z
     6a4:	82 60       	ori	r24, 0x02	; 2
     6a6:	80 83       	st	Z, r24
     6a8:	80 81       	ld	r24, Z
     6aa:	81 60       	ori	r24, 0x01	; 1
     6ac:	80 83       	st	Z, r24
     6ae:	e0 e8       	ldi	r30, 0x80	; 128
     6b0:	f0 e0       	ldi	r31, 0x00	; 0
     6b2:	80 81       	ld	r24, Z
     6b4:	81 60       	ori	r24, 0x01	; 1
     6b6:	80 83       	st	Z, r24
     6b8:	e1 eb       	ldi	r30, 0xB1	; 177
     6ba:	f0 e0       	ldi	r31, 0x00	; 0
     6bc:	80 81       	ld	r24, Z
     6be:	84 60       	ori	r24, 0x04	; 4
     6c0:	80 83       	st	Z, r24
     6c2:	e0 eb       	ldi	r30, 0xB0	; 176
     6c4:	f0 e0       	ldi	r31, 0x00	; 0
     6c6:	80 81       	ld	r24, Z
     6c8:	81 60       	ori	r24, 0x01	; 1
     6ca:	80 83       	st	Z, r24
     6cc:	ea e7       	ldi	r30, 0x7A	; 122
     6ce:	f0 e0       	ldi	r31, 0x00	; 0
     6d0:	80 81       	ld	r24, Z
     6d2:	84 60       	ori	r24, 0x04	; 4
     6d4:	80 83       	st	Z, r24
     6d6:	80 81       	ld	r24, Z
     6d8:	82 60       	ori	r24, 0x02	; 2
     6da:	80 83       	st	Z, r24
     6dc:	80 81       	ld	r24, Z
     6de:	81 60       	ori	r24, 0x01	; 1
     6e0:	80 83       	st	Z, r24
     6e2:	80 81       	ld	r24, Z
     6e4:	80 68       	ori	r24, 0x80	; 128
     6e6:	80 83       	st	Z, r24
     6e8:	10 92 c1 00 	sts	0x00C1, r1	; 0x8000c1 <__DATA_REGION_ORIGIN__+0x61>
     6ec:	08 95       	ret

000006ee <_ZN14HardwareSerial9availableEv>:
     6ee:	fc 01       	movw	r30, r24
     6f0:	91 8d       	ldd	r25, Z+25	; 0x19
     6f2:	22 8d       	ldd	r18, Z+26	; 0x1a
     6f4:	89 2f       	mov	r24, r25
     6f6:	90 e0       	ldi	r25, 0x00	; 0
     6f8:	80 5c       	subi	r24, 0xC0	; 192
     6fa:	9f 4f       	sbci	r25, 0xFF	; 255
     6fc:	82 1b       	sub	r24, r18
     6fe:	91 09       	sbc	r25, r1
     700:	8f 73       	andi	r24, 0x3F	; 63
     702:	99 27       	eor	r25, r25
     704:	08 95       	ret

00000706 <_ZN14HardwareSerial4peekEv>:
     706:	fc 01       	movw	r30, r24
     708:	91 8d       	ldd	r25, Z+25	; 0x19
     70a:	82 8d       	ldd	r24, Z+26	; 0x1a
     70c:	98 17       	cp	r25, r24
     70e:	31 f0       	breq	.+12     	; 0x71c <_ZN14HardwareSerial4peekEv+0x16>
     710:	82 8d       	ldd	r24, Z+26	; 0x1a
     712:	e8 0f       	add	r30, r24
     714:	f1 1d       	adc	r31, r1
     716:	85 8d       	ldd	r24, Z+29	; 0x1d
     718:	90 e0       	ldi	r25, 0x00	; 0
     71a:	08 95       	ret
     71c:	8f ef       	ldi	r24, 0xFF	; 255
     71e:	9f ef       	ldi	r25, 0xFF	; 255
     720:	08 95       	ret

00000722 <_ZN14HardwareSerial4readEv>:
     722:	fc 01       	movw	r30, r24
     724:	91 8d       	ldd	r25, Z+25	; 0x19
     726:	82 8d       	ldd	r24, Z+26	; 0x1a
     728:	98 17       	cp	r25, r24
     72a:	61 f0       	breq	.+24     	; 0x744 <_ZN14HardwareSerial4readEv+0x22>
     72c:	a2 8d       	ldd	r26, Z+26	; 0x1a
     72e:	ae 0f       	add	r26, r30
     730:	bf 2f       	mov	r27, r31
     732:	b1 1d       	adc	r27, r1
     734:	5d 96       	adiw	r26, 0x1d	; 29
     736:	8c 91       	ld	r24, X
     738:	92 8d       	ldd	r25, Z+26	; 0x1a
     73a:	9f 5f       	subi	r25, 0xFF	; 255
     73c:	9f 73       	andi	r25, 0x3F	; 63
     73e:	92 8f       	std	Z+26, r25	; 0x1a
     740:	90 e0       	ldi	r25, 0x00	; 0
     742:	08 95       	ret
     744:	8f ef       	ldi	r24, 0xFF	; 255
     746:	9f ef       	ldi	r25, 0xFF	; 255
     748:	08 95       	ret

0000074a <_ZN14HardwareSerial17availableForWriteEv>:
     74a:	fc 01       	movw	r30, r24
     74c:	53 8d       	ldd	r21, Z+27	; 0x1b
     74e:	44 8d       	ldd	r20, Z+28	; 0x1c
     750:	25 2f       	mov	r18, r21
     752:	30 e0       	ldi	r19, 0x00	; 0
     754:	84 2f       	mov	r24, r20
     756:	90 e0       	ldi	r25, 0x00	; 0
     758:	82 1b       	sub	r24, r18
     75a:	93 0b       	sbc	r25, r19
     75c:	54 17       	cp	r21, r20
     75e:	10 f0       	brcs	.+4      	; 0x764 <_ZN14HardwareSerial17availableForWriteEv+0x1a>
     760:	cf 96       	adiw	r24, 0x3f	; 63
     762:	08 95       	ret
     764:	01 97       	sbiw	r24, 0x01	; 1
     766:	08 95       	ret

00000768 <_ZN14HardwareSerial17_tx_udr_empty_irqEv>:
     768:	fc 01       	movw	r30, r24
     76a:	a4 8d       	ldd	r26, Z+28	; 0x1c
     76c:	a8 0f       	add	r26, r24
     76e:	b9 2f       	mov	r27, r25
     770:	b1 1d       	adc	r27, r1
     772:	a3 5a       	subi	r26, 0xA3	; 163
     774:	bf 4f       	sbci	r27, 0xFF	; 255
     776:	2c 91       	ld	r18, X
     778:	84 8d       	ldd	r24, Z+28	; 0x1c
     77a:	90 e0       	ldi	r25, 0x00	; 0
     77c:	01 96       	adiw	r24, 0x01	; 1
     77e:	8f 73       	andi	r24, 0x3F	; 63
     780:	99 27       	eor	r25, r25
     782:	84 8f       	std	Z+28, r24	; 0x1c
     784:	a6 89       	ldd	r26, Z+22	; 0x16
     786:	b7 89       	ldd	r27, Z+23	; 0x17
     788:	2c 93       	st	X, r18
     78a:	a0 89       	ldd	r26, Z+16	; 0x10
     78c:	b1 89       	ldd	r27, Z+17	; 0x11
     78e:	8c 91       	ld	r24, X
     790:	83 70       	andi	r24, 0x03	; 3
     792:	80 64       	ori	r24, 0x40	; 64
     794:	8c 93       	st	X, r24
     796:	93 8d       	ldd	r25, Z+27	; 0x1b
     798:	84 8d       	ldd	r24, Z+28	; 0x1c
     79a:	98 13       	cpse	r25, r24
     79c:	06 c0       	rjmp	.+12     	; 0x7aa <_ZN14HardwareSerial17_tx_udr_empty_irqEv+0x42>
     79e:	02 88       	ldd	r0, Z+18	; 0x12
     7a0:	f3 89       	ldd	r31, Z+19	; 0x13
     7a2:	e0 2d       	mov	r30, r0
     7a4:	80 81       	ld	r24, Z
     7a6:	8f 7d       	andi	r24, 0xDF	; 223
     7a8:	80 83       	st	Z, r24
     7aa:	08 95       	ret

000007ac <_ZN14HardwareSerial5flushEv>:
     7ac:	cf 93       	push	r28
     7ae:	df 93       	push	r29
     7b0:	ec 01       	movw	r28, r24
     7b2:	88 8d       	ldd	r24, Y+24	; 0x18
     7b4:	88 23       	and	r24, r24
     7b6:	b9 f0       	breq	.+46     	; 0x7e6 <_ZN14HardwareSerial5flushEv+0x3a>
     7b8:	aa 89       	ldd	r26, Y+18	; 0x12
     7ba:	bb 89       	ldd	r27, Y+19	; 0x13
     7bc:	e8 89       	ldd	r30, Y+16	; 0x10
     7be:	f9 89       	ldd	r31, Y+17	; 0x11
     7c0:	8c 91       	ld	r24, X
     7c2:	85 fd       	sbrc	r24, 5
     7c4:	03 c0       	rjmp	.+6      	; 0x7cc <_ZN14HardwareSerial5flushEv+0x20>
     7c6:	80 81       	ld	r24, Z
     7c8:	86 fd       	sbrc	r24, 6
     7ca:	0d c0       	rjmp	.+26     	; 0x7e6 <_ZN14HardwareSerial5flushEv+0x3a>
     7cc:	0f b6       	in	r0, 0x3f	; 63
     7ce:	07 fc       	sbrc	r0, 7
     7d0:	f7 cf       	rjmp	.-18     	; 0x7c0 <_ZN14HardwareSerial5flushEv+0x14>
     7d2:	8c 91       	ld	r24, X
     7d4:	85 ff       	sbrs	r24, 5
     7d6:	f2 cf       	rjmp	.-28     	; 0x7bc <_ZN14HardwareSerial5flushEv+0x10>
     7d8:	80 81       	ld	r24, Z
     7da:	85 ff       	sbrs	r24, 5
     7dc:	ed cf       	rjmp	.-38     	; 0x7b8 <_ZN14HardwareSerial5flushEv+0xc>
     7de:	ce 01       	movw	r24, r28
     7e0:	0e 94 b4 03 	call	0x768	; 0x768 <_ZN14HardwareSerial17_tx_udr_empty_irqEv>
     7e4:	e9 cf       	rjmp	.-46     	; 0x7b8 <_ZN14HardwareSerial5flushEv+0xc>
     7e6:	df 91       	pop	r29
     7e8:	cf 91       	pop	r28
     7ea:	08 95       	ret

000007ec <_ZN14HardwareSerial5writeEh>:
     7ec:	ef 92       	push	r14
     7ee:	ff 92       	push	r15
     7f0:	0f 93       	push	r16
     7f2:	1f 93       	push	r17
     7f4:	cf 93       	push	r28
     7f6:	df 93       	push	r29
     7f8:	ec 01       	movw	r28, r24
     7fa:	81 e0       	ldi	r24, 0x01	; 1
     7fc:	88 8f       	std	Y+24, r24	; 0x18
     7fe:	9b 8d       	ldd	r25, Y+27	; 0x1b
     800:	8c 8d       	ldd	r24, Y+28	; 0x1c
     802:	98 13       	cpse	r25, r24
     804:	1a c0       	rjmp	.+52     	; 0x83a <_ZN14HardwareSerial5writeEh+0x4e>
     806:	e8 89       	ldd	r30, Y+16	; 0x10
     808:	f9 89       	ldd	r31, Y+17	; 0x11
     80a:	80 81       	ld	r24, Z
     80c:	85 ff       	sbrs	r24, 5
     80e:	15 c0       	rjmp	.+42     	; 0x83a <_ZN14HardwareSerial5writeEh+0x4e>
     810:	9f b7       	in	r25, 0x3f	; 63
     812:	f8 94       	cli
     814:	ee 89       	ldd	r30, Y+22	; 0x16
     816:	ff 89       	ldd	r31, Y+23	; 0x17
     818:	60 83       	st	Z, r22
     81a:	e8 89       	ldd	r30, Y+16	; 0x10
     81c:	f9 89       	ldd	r31, Y+17	; 0x11
     81e:	80 81       	ld	r24, Z
     820:	83 70       	andi	r24, 0x03	; 3
     822:	80 64       	ori	r24, 0x40	; 64
     824:	80 83       	st	Z, r24
     826:	9f bf       	out	0x3f, r25	; 63
     828:	81 e0       	ldi	r24, 0x01	; 1
     82a:	90 e0       	ldi	r25, 0x00	; 0
     82c:	df 91       	pop	r29
     82e:	cf 91       	pop	r28
     830:	1f 91       	pop	r17
     832:	0f 91       	pop	r16
     834:	ff 90       	pop	r15
     836:	ef 90       	pop	r14
     838:	08 95       	ret
     83a:	f6 2e       	mov	r15, r22
     83c:	0b 8d       	ldd	r16, Y+27	; 0x1b
     83e:	10 e0       	ldi	r17, 0x00	; 0
     840:	0f 5f       	subi	r16, 0xFF	; 255
     842:	1f 4f       	sbci	r17, 0xFF	; 255
     844:	0f 73       	andi	r16, 0x3F	; 63
     846:	11 27       	eor	r17, r17
     848:	e0 2e       	mov	r14, r16
     84a:	8c 8d       	ldd	r24, Y+28	; 0x1c
     84c:	8e 11       	cpse	r24, r14
     84e:	0c c0       	rjmp	.+24     	; 0x868 <_ZN14HardwareSerial5writeEh+0x7c>
     850:	0f b6       	in	r0, 0x3f	; 63
     852:	07 fc       	sbrc	r0, 7
     854:	fa cf       	rjmp	.-12     	; 0x84a <_ZN14HardwareSerial5writeEh+0x5e>
     856:	e8 89       	ldd	r30, Y+16	; 0x10
     858:	f9 89       	ldd	r31, Y+17	; 0x11
     85a:	80 81       	ld	r24, Z
     85c:	85 ff       	sbrs	r24, 5
     85e:	f5 cf       	rjmp	.-22     	; 0x84a <_ZN14HardwareSerial5writeEh+0x5e>
     860:	ce 01       	movw	r24, r28
     862:	0e 94 b4 03 	call	0x768	; 0x768 <_ZN14HardwareSerial17_tx_udr_empty_irqEv>
     866:	f1 cf       	rjmp	.-30     	; 0x84a <_ZN14HardwareSerial5writeEh+0x5e>
     868:	eb 8d       	ldd	r30, Y+27	; 0x1b
     86a:	ec 0f       	add	r30, r28
     86c:	fd 2f       	mov	r31, r29
     86e:	f1 1d       	adc	r31, r1
     870:	e3 5a       	subi	r30, 0xA3	; 163
     872:	ff 4f       	sbci	r31, 0xFF	; 255
     874:	f0 82       	st	Z, r15
     876:	9f b7       	in	r25, 0x3f	; 63
     878:	f8 94       	cli
     87a:	0b 8f       	std	Y+27, r16	; 0x1b
     87c:	ea 89       	ldd	r30, Y+18	; 0x12
     87e:	fb 89       	ldd	r31, Y+19	; 0x13
     880:	80 81       	ld	r24, Z
     882:	80 62       	ori	r24, 0x20	; 32
     884:	cf cf       	rjmp	.-98     	; 0x824 <_ZN14HardwareSerial5writeEh+0x38>

00000886 <_ZN14HardwareSerial5beginEmh>:
     886:	cf 92       	push	r12
     888:	df 92       	push	r13
     88a:	ef 92       	push	r14
     88c:	ff 92       	push	r15
     88e:	1f 93       	push	r17
     890:	cf 93       	push	r28
     892:	df 93       	push	r29
     894:	ec 01       	movw	r28, r24
     896:	6a 01       	movw	r12, r20
     898:	7b 01       	movw	r14, r22
     89a:	12 2f       	mov	r17, r18
     89c:	e8 89       	ldd	r30, Y+16	; 0x10
     89e:	f9 89       	ldd	r31, Y+17	; 0x11
     8a0:	82 e0       	ldi	r24, 0x02	; 2
     8a2:	80 83       	st	Z, r24
     8a4:	c1 14       	cp	r12, r1
     8a6:	81 ee       	ldi	r24, 0xE1	; 225
     8a8:	d8 06       	cpc	r13, r24
     8aa:	e1 04       	cpc	r14, r1
     8ac:	f1 04       	cpc	r15, r1
     8ae:	a1 f0       	breq	.+40     	; 0x8d8 <_ZN14HardwareSerial5beginEmh+0x52>
     8b0:	60 e0       	ldi	r22, 0x00	; 0
     8b2:	79 e0       	ldi	r23, 0x09	; 9
     8b4:	8d e3       	ldi	r24, 0x3D	; 61
     8b6:	90 e0       	ldi	r25, 0x00	; 0
     8b8:	a7 01       	movw	r20, r14
     8ba:	96 01       	movw	r18, r12
     8bc:	0e 94 47 0a 	call	0x148e	; 0x148e <__udivmodsi4>
     8c0:	21 50       	subi	r18, 0x01	; 1
     8c2:	31 09       	sbc	r19, r1
     8c4:	41 09       	sbc	r20, r1
     8c6:	51 09       	sbc	r21, r1
     8c8:	56 95       	lsr	r21
     8ca:	47 95       	ror	r20
     8cc:	37 95       	ror	r19
     8ce:	27 95       	ror	r18
     8d0:	21 15       	cp	r18, r1
     8d2:	80 e1       	ldi	r24, 0x10	; 16
     8d4:	38 07       	cpc	r19, r24
     8d6:	98 f0       	brcs	.+38     	; 0x8fe <_ZN14HardwareSerial5beginEmh+0x78>
     8d8:	e8 89       	ldd	r30, Y+16	; 0x10
     8da:	f9 89       	ldd	r31, Y+17	; 0x11
     8dc:	10 82       	st	Z, r1
     8de:	60 e8       	ldi	r22, 0x80	; 128
     8e0:	74 e8       	ldi	r23, 0x84	; 132
     8e2:	8e e1       	ldi	r24, 0x1E	; 30
     8e4:	90 e0       	ldi	r25, 0x00	; 0
     8e6:	a7 01       	movw	r20, r14
     8e8:	96 01       	movw	r18, r12
     8ea:	0e 94 47 0a 	call	0x148e	; 0x148e <__udivmodsi4>
     8ee:	21 50       	subi	r18, 0x01	; 1
     8f0:	31 09       	sbc	r19, r1
     8f2:	41 09       	sbc	r20, r1
     8f4:	51 09       	sbc	r21, r1
     8f6:	56 95       	lsr	r21
     8f8:	47 95       	ror	r20
     8fa:	37 95       	ror	r19
     8fc:	27 95       	ror	r18
     8fe:	ec 85       	ldd	r30, Y+12	; 0x0c
     900:	fd 85       	ldd	r31, Y+13	; 0x0d
     902:	30 83       	st	Z, r19
     904:	ee 85       	ldd	r30, Y+14	; 0x0e
     906:	ff 85       	ldd	r31, Y+15	; 0x0f
     908:	20 83       	st	Z, r18
     90a:	18 8e       	std	Y+24, r1	; 0x18
     90c:	ec 89       	ldd	r30, Y+20	; 0x14
     90e:	fd 89       	ldd	r31, Y+21	; 0x15
     910:	10 83       	st	Z, r17
     912:	ea 89       	ldd	r30, Y+18	; 0x12
     914:	fb 89       	ldd	r31, Y+19	; 0x13
     916:	80 81       	ld	r24, Z
     918:	80 61       	ori	r24, 0x10	; 16
     91a:	80 83       	st	Z, r24
     91c:	ea 89       	ldd	r30, Y+18	; 0x12
     91e:	fb 89       	ldd	r31, Y+19	; 0x13
     920:	80 81       	ld	r24, Z
     922:	88 60       	ori	r24, 0x08	; 8
     924:	80 83       	st	Z, r24
     926:	ea 89       	ldd	r30, Y+18	; 0x12
     928:	fb 89       	ldd	r31, Y+19	; 0x13
     92a:	80 81       	ld	r24, Z
     92c:	80 68       	ori	r24, 0x80	; 128
     92e:	80 83       	st	Z, r24
     930:	ea 89       	ldd	r30, Y+18	; 0x12
     932:	fb 89       	ldd	r31, Y+19	; 0x13
     934:	80 81       	ld	r24, Z
     936:	8f 7d       	andi	r24, 0xDF	; 223
     938:	80 83       	st	Z, r24
     93a:	df 91       	pop	r29
     93c:	cf 91       	pop	r28
     93e:	1f 91       	pop	r17
     940:	ff 90       	pop	r15
     942:	ef 90       	pop	r14
     944:	df 90       	pop	r13
     946:	cf 90       	pop	r12
     948:	08 95       	ret

0000094a <__vector_18>:
     94a:	1f 92       	push	r1
     94c:	0f 92       	push	r0
     94e:	0f b6       	in	r0, 0x3f	; 63
     950:	0f 92       	push	r0
     952:	11 24       	eor	r1, r1
     954:	2f 93       	push	r18
     956:	8f 93       	push	r24
     958:	9f 93       	push	r25
     95a:	ef 93       	push	r30
     95c:	ff 93       	push	r31
     95e:	e0 91 de 06 	lds	r30, 0x06DE	; 0x8006de <Serial+0x10>
     962:	f0 91 df 06 	lds	r31, 0x06DF	; 0x8006df <Serial+0x11>
     966:	80 81       	ld	r24, Z
     968:	e0 91 e4 06 	lds	r30, 0x06E4	; 0x8006e4 <Serial+0x16>
     96c:	f0 91 e5 06 	lds	r31, 0x06E5	; 0x8006e5 <Serial+0x17>
     970:	82 fd       	sbrc	r24, 2
     972:	1b c0       	rjmp	.+54     	; 0x9aa <__vector_18+0x60>
     974:	90 81       	ld	r25, Z
     976:	80 91 e7 06 	lds	r24, 0x06E7	; 0x8006e7 <Serial+0x19>
     97a:	8f 5f       	subi	r24, 0xFF	; 255
     97c:	8f 73       	andi	r24, 0x3F	; 63
     97e:	20 91 e8 06 	lds	r18, 0x06E8	; 0x8006e8 <Serial+0x1a>
     982:	82 17       	cp	r24, r18
     984:	41 f0       	breq	.+16     	; 0x996 <__vector_18+0x4c>
     986:	e0 91 e7 06 	lds	r30, 0x06E7	; 0x8006e7 <Serial+0x19>
     98a:	f0 e0       	ldi	r31, 0x00	; 0
     98c:	e2 53       	subi	r30, 0x32	; 50
     98e:	f9 4f       	sbci	r31, 0xF9	; 249
     990:	95 8f       	std	Z+29, r25	; 0x1d
     992:	80 93 e7 06 	sts	0x06E7, r24	; 0x8006e7 <Serial+0x19>
     996:	ff 91       	pop	r31
     998:	ef 91       	pop	r30
     99a:	9f 91       	pop	r25
     99c:	8f 91       	pop	r24
     99e:	2f 91       	pop	r18
     9a0:	0f 90       	pop	r0
     9a2:	0f be       	out	0x3f, r0	; 63
     9a4:	0f 90       	pop	r0
     9a6:	1f 90       	pop	r1
     9a8:	18 95       	reti
     9aa:	80 81       	ld	r24, Z
     9ac:	f4 cf       	rjmp	.-24     	; 0x996 <__vector_18+0x4c>

000009ae <__vector_19>:
     9ae:	1f 92       	push	r1
     9b0:	0f 92       	push	r0
     9b2:	0f b6       	in	r0, 0x3f	; 63
     9b4:	0f 92       	push	r0
     9b6:	11 24       	eor	r1, r1
     9b8:	2f 93       	push	r18
     9ba:	3f 93       	push	r19
     9bc:	4f 93       	push	r20
     9be:	5f 93       	push	r21
     9c0:	6f 93       	push	r22
     9c2:	7f 93       	push	r23
     9c4:	8f 93       	push	r24
     9c6:	9f 93       	push	r25
     9c8:	af 93       	push	r26
     9ca:	bf 93       	push	r27
     9cc:	ef 93       	push	r30
     9ce:	ff 93       	push	r31
     9d0:	8e ec       	ldi	r24, 0xCE	; 206
     9d2:	96 e0       	ldi	r25, 0x06	; 6
     9d4:	0e 94 b4 03 	call	0x768	; 0x768 <_ZN14HardwareSerial17_tx_udr_empty_irqEv>
     9d8:	ff 91       	pop	r31
     9da:	ef 91       	pop	r30
     9dc:	bf 91       	pop	r27
     9de:	af 91       	pop	r26
     9e0:	9f 91       	pop	r25
     9e2:	8f 91       	pop	r24
     9e4:	7f 91       	pop	r23
     9e6:	6f 91       	pop	r22
     9e8:	5f 91       	pop	r21
     9ea:	4f 91       	pop	r20
     9ec:	3f 91       	pop	r19
     9ee:	2f 91       	pop	r18
     9f0:	0f 90       	pop	r0
     9f2:	0f be       	out	0x3f, r0	; 63
     9f4:	0f 90       	pop	r0
     9f6:	1f 90       	pop	r1
     9f8:	18 95       	reti

000009fa <_GLOBAL__sub_I___vector_18>:
     9fa:	ee ec       	ldi	r30, 0xCE	; 206
     9fc:	f6 e0       	ldi	r31, 0x06	; 6
     9fe:	13 82       	std	Z+3, r1	; 0x03
     a00:	12 82       	std	Z+2, r1	; 0x02
     a02:	88 ee       	ldi	r24, 0xE8	; 232
     a04:	93 e0       	ldi	r25, 0x03	; 3
     a06:	a0 e0       	ldi	r26, 0x00	; 0
     a08:	b0 e0       	ldi	r27, 0x00	; 0
     a0a:	84 83       	std	Z+4, r24	; 0x04
     a0c:	95 83       	std	Z+5, r25	; 0x05
     a0e:	a6 83       	std	Z+6, r26	; 0x06
     a10:	b7 83       	std	Z+7, r27	; 0x07
     a12:	87 ea       	ldi	r24, 0xA7	; 167
     a14:	93 e0       	ldi	r25, 0x03	; 3
     a16:	91 83       	std	Z+1, r25	; 0x01
     a18:	80 83       	st	Z, r24
     a1a:	85 ec       	ldi	r24, 0xC5	; 197
     a1c:	90 e0       	ldi	r25, 0x00	; 0
     a1e:	95 87       	std	Z+13, r25	; 0x0d
     a20:	84 87       	std	Z+12, r24	; 0x0c
     a22:	84 ec       	ldi	r24, 0xC4	; 196
     a24:	90 e0       	ldi	r25, 0x00	; 0
     a26:	97 87       	std	Z+15, r25	; 0x0f
     a28:	86 87       	std	Z+14, r24	; 0x0e
     a2a:	80 ec       	ldi	r24, 0xC0	; 192
     a2c:	90 e0       	ldi	r25, 0x00	; 0
     a2e:	91 8b       	std	Z+17, r25	; 0x11
     a30:	80 8b       	std	Z+16, r24	; 0x10
     a32:	81 ec       	ldi	r24, 0xC1	; 193
     a34:	90 e0       	ldi	r25, 0x00	; 0
     a36:	93 8b       	std	Z+19, r25	; 0x13
     a38:	82 8b       	std	Z+18, r24	; 0x12
     a3a:	82 ec       	ldi	r24, 0xC2	; 194
     a3c:	90 e0       	ldi	r25, 0x00	; 0
     a3e:	95 8b       	std	Z+21, r25	; 0x15
     a40:	84 8b       	std	Z+20, r24	; 0x14
     a42:	86 ec       	ldi	r24, 0xC6	; 198
     a44:	90 e0       	ldi	r25, 0x00	; 0
     a46:	97 8b       	std	Z+23, r25	; 0x17
     a48:	86 8b       	std	Z+22, r24	; 0x16
     a4a:	11 8e       	std	Z+25, r1	; 0x19
     a4c:	12 8e       	std	Z+26, r1	; 0x1a
     a4e:	13 8e       	std	Z+27, r1	; 0x1b
     a50:	14 8e       	std	Z+28, r1	; 0x1c
     a52:	08 95       	ret

00000a54 <_ZN5Print5writeEPKhj>:
     a54:	af 92       	push	r10
     a56:	bf 92       	push	r11
     a58:	cf 92       	push	r12
     a5a:	df 92       	push	r13
     a5c:	ef 92       	push	r14
     a5e:	ff 92       	push	r15
     a60:	0f 93       	push	r16
     a62:	1f 93       	push	r17
     a64:	cf 93       	push	r28
     a66:	df 93       	push	r29
     a68:	6c 01       	movw	r12, r24
     a6a:	7b 01       	movw	r14, r22
     a6c:	8b 01       	movw	r16, r22
     a6e:	04 0f       	add	r16, r20
     a70:	15 1f       	adc	r17, r21
     a72:	eb 01       	movw	r28, r22
     a74:	5e 01       	movw	r10, r28
     a76:	ae 18       	sub	r10, r14
     a78:	bf 08       	sbc	r11, r15
     a7a:	c0 17       	cp	r28, r16
     a7c:	d1 07       	cpc	r29, r17
     a7e:	59 f0       	breq	.+22     	; 0xa96 <_ZN5Print5writeEPKhj+0x42>
     a80:	69 91       	ld	r22, Y+
     a82:	d6 01       	movw	r26, r12
     a84:	ed 91       	ld	r30, X+
     a86:	fc 91       	ld	r31, X
     a88:	01 90       	ld	r0, Z+
     a8a:	f0 81       	ld	r31, Z
     a8c:	e0 2d       	mov	r30, r0
     a8e:	c6 01       	movw	r24, r12
     a90:	09 95       	icall
     a92:	89 2b       	or	r24, r25
     a94:	79 f7       	brne	.-34     	; 0xa74 <_ZN5Print5writeEPKhj+0x20>
     a96:	c5 01       	movw	r24, r10
     a98:	df 91       	pop	r29
     a9a:	cf 91       	pop	r28
     a9c:	1f 91       	pop	r17
     a9e:	0f 91       	pop	r16
     aa0:	ff 90       	pop	r15
     aa2:	ef 90       	pop	r14
     aa4:	df 90       	pop	r13
     aa6:	cf 90       	pop	r12
     aa8:	bf 90       	pop	r11
     aaa:	af 90       	pop	r10
     aac:	08 95       	ret

00000aae <_ZN5Print5writeEPKc.part.2>:
     aae:	fb 01       	movw	r30, r22
     ab0:	01 90       	ld	r0, Z+
     ab2:	00 20       	and	r0, r0
     ab4:	e9 f7       	brne	.-6      	; 0xab0 <_ZN5Print5writeEPKc.part.2+0x2>
     ab6:	31 97       	sbiw	r30, 0x01	; 1
     ab8:	af 01       	movw	r20, r30
     aba:	46 1b       	sub	r20, r22
     abc:	57 0b       	sbc	r21, r23
     abe:	dc 01       	movw	r26, r24
     ac0:	ed 91       	ld	r30, X+
     ac2:	fc 91       	ld	r31, X
     ac4:	02 80       	ldd	r0, Z+2	; 0x02
     ac6:	f3 81       	ldd	r31, Z+3	; 0x03
     ac8:	e0 2d       	mov	r30, r0
     aca:	09 94       	ijmp

00000acc <_ZN5Print5printEPKc>:
     acc:	61 15       	cp	r22, r1
     ace:	71 05       	cpc	r23, r1
     ad0:	11 f0       	breq	.+4      	; 0xad6 <_ZN5Print5printEPKc+0xa>
     ad2:	0c 94 57 05 	jmp	0xaae	; 0xaae <_ZN5Print5writeEPKc.part.2>
     ad6:	90 e0       	ldi	r25, 0x00	; 0
     ad8:	80 e0       	ldi	r24, 0x00	; 0
     ada:	08 95       	ret

00000adc <OsEE_atmega_startTimer1>:
     adc:	10 92 81 00 	sts	0x0081, r1	; 0x800081 <__DATA_REGION_ORIGIN__+0x21>
     ae0:	10 92 80 00 	sts	0x0080, r1	; 0x800080 <__DATA_REGION_ORIGIN__+0x20>
     ae4:	10 92 82 00 	sts	0x0082, r1	; 0x800082 <__DATA_REGION_ORIGIN__+0x22>
     ae8:	10 92 85 00 	sts	0x0085, r1	; 0x800085 <__DATA_REGION_ORIGIN__+0x25>
     aec:	10 92 84 00 	sts	0x0084, r1	; 0x800084 <__DATA_REGION_ORIGIN__+0x24>
     af0:	61 15       	cp	r22, r1
     af2:	20 e1       	ldi	r18, 0x10	; 16
     af4:	72 07       	cpc	r23, r18
     af6:	81 05       	cpc	r24, r1
     af8:	91 05       	cpc	r25, r1
     afa:	a0 f4       	brcc	.+40     	; 0xb24 <OsEE_atmega_startTimer1+0x48>
     afc:	e4 e0       	ldi	r30, 0x04	; 4
     afe:	66 0f       	add	r22, r22
     b00:	77 1f       	adc	r23, r23
     b02:	ea 95       	dec	r30
     b04:	e1 f7       	brne	.-8      	; 0xafe <OsEE_atmega_startTimer1+0x22>
     b06:	61 50       	subi	r22, 0x01	; 1
     b08:	71 09       	sbc	r23, r1
     b0a:	81 e0       	ldi	r24, 0x01	; 1
     b0c:	92 e0       	ldi	r25, 0x02	; 2
     b0e:	96 bb       	out	0x16, r25	; 22
     b10:	90 93 6f 00 	sts	0x006F, r25	; 0x80006f <__DATA_REGION_ORIGIN__+0xf>
     b14:	70 93 89 00 	sts	0x0089, r23	; 0x800089 <__DATA_REGION_ORIGIN__+0x29>
     b18:	60 93 88 00 	sts	0x0088, r22	; 0x800088 <__DATA_REGION_ORIGIN__+0x28>
     b1c:	88 60       	ori	r24, 0x08	; 8
     b1e:	80 93 81 00 	sts	0x0081, r24	; 0x800081 <__DATA_REGION_ORIGIN__+0x21>
     b22:	08 95       	ret
     b24:	61 15       	cp	r22, r1
     b26:	20 e8       	ldi	r18, 0x80	; 128
     b28:	72 07       	cpc	r23, r18
     b2a:	81 05       	cpc	r24, r1
     b2c:	91 05       	cpc	r25, r1
     b2e:	30 f4       	brcc	.+12     	; 0xb3c <OsEE_atmega_startTimer1+0x60>
     b30:	66 0f       	add	r22, r22
     b32:	77 1f       	adc	r23, r23
     b34:	61 50       	subi	r22, 0x01	; 1
     b36:	71 09       	sbc	r23, r1
     b38:	82 e0       	ldi	r24, 0x02	; 2
     b3a:	e8 cf       	rjmp	.-48     	; 0xb0c <OsEE_atmega_startTimer1+0x30>
     b3c:	6c 3f       	cpi	r22, 0xFC	; 252
     b3e:	2f ef       	ldi	r18, 0xFF	; 255
     b40:	72 07       	cpc	r23, r18
     b42:	23 e0       	ldi	r18, 0x03	; 3
     b44:	82 07       	cpc	r24, r18
     b46:	91 05       	cpc	r25, r1
     b48:	58 f4       	brcc	.+22     	; 0xb60 <OsEE_atmega_startTimer1+0x84>
     b4a:	42 e0       	ldi	r20, 0x02	; 2
     b4c:	96 95       	lsr	r25
     b4e:	87 95       	ror	r24
     b50:	77 95       	ror	r23
     b52:	67 95       	ror	r22
     b54:	4a 95       	dec	r20
     b56:	d1 f7       	brne	.-12     	; 0xb4c <OsEE_atmega_startTimer1+0x70>
     b58:	61 50       	subi	r22, 0x01	; 1
     b5a:	71 09       	sbc	r23, r1
     b5c:	83 e0       	ldi	r24, 0x03	; 3
     b5e:	d6 cf       	rjmp	.-84     	; 0xb0c <OsEE_atmega_startTimer1+0x30>
     b60:	61 15       	cp	r22, r1
     b62:	71 05       	cpc	r23, r1
     b64:	20 e1       	ldi	r18, 0x10	; 16
     b66:	82 07       	cpc	r24, r18
     b68:	91 05       	cpc	r25, r1
     b6a:	58 f4       	brcc	.+22     	; 0xb82 <OsEE_atmega_startTimer1+0xa6>
     b6c:	34 e0       	ldi	r19, 0x04	; 4
     b6e:	96 95       	lsr	r25
     b70:	87 95       	ror	r24
     b72:	77 95       	ror	r23
     b74:	67 95       	ror	r22
     b76:	3a 95       	dec	r19
     b78:	d1 f7       	brne	.-12     	; 0xb6e <OsEE_atmega_startTimer1+0x92>
     b7a:	61 50       	subi	r22, 0x01	; 1
     b7c:	71 09       	sbc	r23, r1
     b7e:	84 e0       	ldi	r24, 0x04	; 4
     b80:	c5 cf       	rjmp	.-118    	; 0xb0c <OsEE_atmega_startTimer1+0x30>
     b82:	26 e0       	ldi	r18, 0x06	; 6
     b84:	96 95       	lsr	r25
     b86:	87 95       	ror	r24
     b88:	77 95       	ror	r23
     b8a:	67 95       	ror	r22
     b8c:	2a 95       	dec	r18
     b8e:	d1 f7       	brne	.-12     	; 0xb84 <OsEE_atmega_startTimer1+0xa8>
     b90:	61 50       	subi	r22, 0x01	; 1
     b92:	71 09       	sbc	r23, r1
     b94:	85 e0       	ldi	r24, 0x05	; 5
     b96:	ba cf       	rjmp	.-140    	; 0xb0c <OsEE_atmega_startTimer1+0x30>

00000b98 <StartOS>:
     b98:	0f 93       	push	r16
     b9a:	1f 93       	push	r17
     b9c:	cf 93       	push	r28
     b9e:	df 93       	push	r29
     ba0:	00 d0       	rcall	.+0      	; 0xba2 <StartOS+0xa>
     ba2:	cd b7       	in	r28, 0x3d	; 61
     ba4:	de b7       	in	r29, 0x3e	; 62
     ba6:	e0 91 23 03 	lds	r30, 0x0323	; 0x800323 <osEE_cdb_var>
     baa:	f0 91 24 03 	lds	r31, 0x0324	; 0x800324 <osEE_cdb_var+0x1>
     bae:	9f b7       	in	r25, 0x3f	; 63
     bb0:	f8 94       	cli
     bb2:	20 85       	ldd	r18, Z+8	; 0x08
     bb4:	31 85       	ldd	r19, Z+9	; 0x09
     bb6:	23 2b       	or	r18, r19
     bb8:	51 f0       	breq	.+20     	; 0xbce <StartOS+0x36>
     bba:	9f bf       	out	0x3f, r25	; 63
     bbc:	81 e0       	ldi	r24, 0x01	; 1
     bbe:	90 e0       	ldi	r25, 0x00	; 0
     bc0:	0f 90       	pop	r0
     bc2:	0f 90       	pop	r0
     bc4:	df 91       	pop	r29
     bc6:	cf 91       	pop	r28
     bc8:	1f 91       	pop	r17
     bca:	0f 91       	pop	r16
     bcc:	08 95       	ret
     bce:	2d e1       	ldi	r18, 0x1D	; 29
     bd0:	3a e0       	ldi	r19, 0x0A	; 10
     bd2:	3a 83       	std	Y+2, r19	; 0x02
     bd4:	29 83       	std	Y+1, r18	; 0x01
     bd6:	00 91 25 03 	lds	r16, 0x0325	; 0x800325 <osEE_cdb_var+0x2>
     bda:	10 91 26 03 	lds	r17, 0x0326	; 0x800326 <osEE_cdb_var+0x3>
     bde:	21 e0       	ldi	r18, 0x01	; 1
     be0:	30 e0       	ldi	r19, 0x00	; 0
     be2:	31 87       	std	Z+9, r19	; 0x09
     be4:	20 87       	std	Z+8, r18	; 0x08
     be6:	82 87       	std	Z+10, r24	; 0x0a
     be8:	80 85       	ldd	r24, Z+8	; 0x08
     bea:	91 85       	ldd	r25, Z+9	; 0x09
     bec:	01 97       	sbiw	r24, 0x01	; 1
     bee:	21 f4       	brne	.+8      	; 0xbf8 <StartOS+0x60>
     bf0:	82 e0       	ldi	r24, 0x02	; 2
     bf2:	90 e0       	ldi	r25, 0x00	; 0
     bf4:	91 87       	std	Z+9, r25	; 0x09
     bf6:	80 87       	std	Z+8, r24	; 0x08
     bf8:	80 85       	ldd	r24, Z+8	; 0x08
     bfa:	91 85       	ldd	r25, Z+9	; 0x09
     bfc:	02 97       	sbiw	r24, 0x02	; 2
     bfe:	51 f4       	brne	.+20     	; 0xc14 <StartOS+0x7c>
     c00:	f8 01       	movw	r30, r16
     c02:	62 81       	ldd	r22, Z+2	; 0x02
     c04:	73 81       	ldd	r23, Z+3	; 0x03
     c06:	ab 01       	movw	r20, r22
     c08:	c8 01       	movw	r24, r16
     c0a:	0e 94 a8 00 	call	0x150	; 0x150 <osEE_hal_save_ctx_and_ready2stacked>
     c0e:	c8 01       	movw	r24, r16
     c10:	0e 94 33 08 	call	0x1066	; 0x1066 <osEE_task_end>
     c14:	90 e0       	ldi	r25, 0x00	; 0
     c16:	80 e0       	ldi	r24, 0x00	; 0
     c18:	d3 cf       	rjmp	.-90     	; 0xbc0 <StartOS+0x28>

00000c1a <ActivateTask>:
     c1a:	ff 92       	push	r15
     c1c:	0f 93       	push	r16
     c1e:	1f 93       	push	r17
     c20:	cf 93       	push	r28
     c22:	df 93       	push	r29
     c24:	90 e0       	ldi	r25, 0x00	; 0
     c26:	20 91 1d 03 	lds	r18, 0x031D	; 0x80031d <osEE_kdb_var+0x4>
     c2a:	30 91 1e 03 	lds	r19, 0x031E	; 0x80031e <osEE_kdb_var+0x5>
     c2e:	82 17       	cp	r24, r18
     c30:	93 07       	cpc	r25, r19
     c32:	28 f5       	brcc	.+74     	; 0xc7e <ActivateTask+0x64>
     c34:	20 91 1b 03 	lds	r18, 0x031B	; 0x80031b <osEE_kdb_var+0x2>
     c38:	30 91 1c 03 	lds	r19, 0x031C	; 0x80031c <osEE_kdb_var+0x3>
     c3c:	88 0f       	add	r24, r24
     c3e:	99 1f       	adc	r25, r25
     c40:	82 0f       	add	r24, r18
     c42:	93 1f       	adc	r25, r19
     c44:	fc 01       	movw	r30, r24
     c46:	00 81       	ld	r16, Z
     c48:	11 81       	ldd	r17, Z+1	; 0x01
     c4a:	f8 01       	movw	r30, r16
     c4c:	87 81       	ldd	r24, Z+7	; 0x07
     c4e:	90 85       	ldd	r25, Z+8	; 0x08
     c50:	02 97       	sbiw	r24, 0x02	; 2
     c52:	a8 f4       	brcc	.+42     	; 0xc7e <ActivateTask+0x64>
     c54:	ff b6       	in	r15, 0x3f	; 63
     c56:	f8 94       	cli
     c58:	c8 01       	movw	r24, r16
     c5a:	0e 94 21 08 	call	0x1042	; 0x1042 <osEE_task_activated>
     c5e:	ec 01       	movw	r28, r24
     c60:	89 2b       	or	r24, r25
     c62:	29 f4       	brne	.+10     	; 0xc6e <ActivateTask+0x54>
     c64:	b8 01       	movw	r22, r16
     c66:	89 e1       	ldi	r24, 0x19	; 25
     c68:	93 e0       	ldi	r25, 0x03	; 3
     c6a:	0e 94 7d 08 	call	0x10fa	; 0x10fa <osEE_scheduler_task_activated>
     c6e:	ff be       	out	0x3f, r15	; 63
     c70:	ce 01       	movw	r24, r28
     c72:	df 91       	pop	r29
     c74:	cf 91       	pop	r28
     c76:	1f 91       	pop	r17
     c78:	0f 91       	pop	r16
     c7a:	ff 90       	pop	r15
     c7c:	08 95       	ret
     c7e:	c3 e0       	ldi	r28, 0x03	; 3
     c80:	d0 e0       	ldi	r29, 0x00	; 0
     c82:	f6 cf       	rjmp	.-20     	; 0xc70 <ActivateTask+0x56>

00000c84 <TerminateTask>:
     c84:	e0 91 23 03 	lds	r30, 0x0323	; 0x800323 <osEE_cdb_var>
     c88:	f0 91 24 03 	lds	r31, 0x0324	; 0x800324 <osEE_cdb_var+0x1>
     c8c:	a0 81       	ld	r26, Z
     c8e:	b1 81       	ldd	r27, Z+1	; 0x01
     c90:	87 85       	ldd	r24, Z+15	; 0x0f
     c92:	88 23       	and	r24, r24
     c94:	19 f0       	breq	.+6      	; 0xc9c <TerminateTask+0x18>
     c96:	17 86       	std	Z+15, r1	; 0x0f
     c98:	85 85       	ldd	r24, Z+13	; 0x0d
     c9a:	8f bf       	out	0x3f, r24	; 63
     c9c:	81 89       	ldd	r24, Z+17	; 0x11
     c9e:	88 23       	and	r24, r24
     ca0:	11 f0       	breq	.+4      	; 0xca6 <TerminateTask+0x22>
     ca2:	11 8a       	std	Z+17, r1	; 0x11
     ca4:	78 94       	sei
     ca6:	8f b7       	in	r24, 0x3f	; 63
     ca8:	f8 94       	cli
     caa:	65 e0       	ldi	r22, 0x05	; 5
     cac:	7a e0       	ldi	r23, 0x0A	; 10
     cae:	12 96       	adiw	r26, 0x02	; 2
     cb0:	8d 91       	ld	r24, X+
     cb2:	9c 91       	ld	r25, X
     cb4:	0e 94 c8 00 	call	0x190	; 0x190 <osEE_hal_terminate_ctx>

00000cb8 <GetTaskID>:
     cb8:	cf 93       	push	r28
     cba:	df 93       	push	r29
     cbc:	dc 01       	movw	r26, r24
     cbe:	e0 91 23 03 	lds	r30, 0x0323	; 0x800323 <osEE_cdb_var>
     cc2:	f0 91 24 03 	lds	r31, 0x0324	; 0x800324 <osEE_cdb_var+0x1>
     cc6:	8e e0       	ldi	r24, 0x0E	; 14
     cc8:	90 e0       	ldi	r25, 0x00	; 0
     cca:	10 97       	sbiw	r26, 0x00	; 0
     ccc:	59 f0       	breq	.+22     	; 0xce4 <GetTaskID+0x2c>
     cce:	c0 81       	ld	r28, Z
     cd0:	d1 81       	ldd	r29, Z+1	; 0x01
     cd2:	8f 81       	ldd	r24, Y+7	; 0x07
     cd4:	98 85       	ldd	r25, Y+8	; 0x08
     cd6:	82 30       	cpi	r24, 0x02	; 2
     cd8:	91 05       	cpc	r25, r1
     cda:	38 f4       	brcc	.+14     	; 0xcea <GetTaskID+0x32>
     cdc:	9e 81       	ldd	r25, Y+6	; 0x06
     cde:	9c 93       	st	X, r25
     ce0:	90 e0       	ldi	r25, 0x00	; 0
     ce2:	80 e0       	ldi	r24, 0x00	; 0
     ce4:	df 91       	pop	r29
     ce6:	cf 91       	pop	r28
     ce8:	08 95       	ret
     cea:	02 97       	sbiw	r24, 0x02	; 2
     cec:	41 f4       	brne	.+16     	; 0xcfe <GetTaskID+0x46>
     cee:	06 80       	ldd	r0, Z+6	; 0x06
     cf0:	f7 81       	ldd	r31, Z+7	; 0x07
     cf2:	e0 2d       	mov	r30, r0
     cf4:	01 90       	ld	r0, Z+
     cf6:	f0 81       	ld	r31, Z
     cf8:	e0 2d       	mov	r30, r0
     cfa:	30 97       	sbiw	r30, 0x00	; 0
     cfc:	11 f4       	brne	.+4      	; 0xd02 <GetTaskID+0x4a>
     cfe:	9f ef       	ldi	r25, 0xFF	; 255
     d00:	ee cf       	rjmp	.-36     	; 0xcde <GetTaskID+0x26>
     d02:	c2 81       	ldd	r28, Z+2	; 0x02
     d04:	d3 81       	ldd	r29, Z+3	; 0x03
     d06:	8f 81       	ldd	r24, Y+7	; 0x07
     d08:	98 85       	ldd	r25, Y+8	; 0x08
     d0a:	02 97       	sbiw	r24, 0x02	; 2
     d0c:	98 f7       	brcc	.-26     	; 0xcf4 <GetTaskID+0x3c>
     d0e:	e6 cf       	rjmp	.-52     	; 0xcdc <GetTaskID+0x24>

00000d10 <WaitEvent>:
     d10:	df 92       	push	r13
     d12:	ef 92       	push	r14
     d14:	ff 92       	push	r15
     d16:	0f 93       	push	r16
     d18:	1f 93       	push	r17
     d1a:	cf 93       	push	r28
     d1c:	df 93       	push	r29
     d1e:	00 91 23 03 	lds	r16, 0x0323	; 0x800323 <osEE_cdb_var>
     d22:	10 91 24 03 	lds	r17, 0x0324	; 0x800324 <osEE_cdb_var+0x1>
     d26:	f8 01       	movw	r30, r16
     d28:	e0 80       	ld	r14, Z
     d2a:	f1 80       	ldd	r15, Z+1	; 0x01
     d2c:	f7 01       	movw	r30, r14
     d2e:	c4 81       	ldd	r28, Z+4	; 0x04
     d30:	d5 81       	ldd	r29, Z+5	; 0x05
     d32:	df b6       	in	r13, 0x3f	; 63
     d34:	f8 94       	cli
     d36:	28 85       	ldd	r18, Y+8	; 0x08
     d38:	39 85       	ldd	r19, Y+9	; 0x09
     d3a:	28 23       	and	r18, r24
     d3c:	39 23       	and	r19, r25
     d3e:	23 2b       	or	r18, r19
     d40:	b9 f4       	brne	.+46     	; 0xd70 <WaitEvent+0x60>
     d42:	9f 83       	std	Y+7, r25	; 0x07
     d44:	8e 83       	std	Y+6, r24	; 0x06
     d46:	b8 01       	movw	r22, r16
     d48:	6e 5f       	subi	r22, 0xFE	; 254
     d4a:	7f 4f       	sbci	r23, 0xFF	; 255
     d4c:	83 e2       	ldi	r24, 0x23	; 35
     d4e:	93 e0       	ldi	r25, 0x03	; 3
     d50:	0e 94 f9 07 	call	0xff2	; 0xff2 <osEE_scheduler_core_pop_running>
     d54:	9b 87       	std	Y+11, r25	; 0x0b
     d56:	8a 87       	std	Y+10, r24	; 0x0a
     d58:	83 e0       	ldi	r24, 0x03	; 3
     d5a:	90 e0       	ldi	r25, 0x00	; 0
     d5c:	9b 83       	std	Y+3, r25	; 0x03
     d5e:	8a 83       	std	Y+2, r24	; 0x02
     d60:	f8 01       	movw	r30, r16
     d62:	60 81       	ld	r22, Z
     d64:	71 81       	ldd	r23, Z+1	; 0x01
     d66:	c7 01       	movw	r24, r14
     d68:	0e 94 c4 09 	call	0x1388	; 0x1388 <osEE_change_context_from_running>
     d6c:	1f 82       	std	Y+7, r1	; 0x07
     d6e:	1e 82       	std	Y+6, r1	; 0x06
     d70:	df be       	out	0x3f, r13	; 63
     d72:	90 e0       	ldi	r25, 0x00	; 0
     d74:	80 e0       	ldi	r24, 0x00	; 0
     d76:	df 91       	pop	r29
     d78:	cf 91       	pop	r28
     d7a:	1f 91       	pop	r17
     d7c:	0f 91       	pop	r16
     d7e:	ff 90       	pop	r15
     d80:	ef 90       	pop	r14
     d82:	df 90       	pop	r13
     d84:	08 95       	ret

00000d86 <SetEvent>:
     d86:	1f 93       	push	r17
     d88:	cf 93       	push	r28
     d8a:	df 93       	push	r29
     d8c:	00 d0       	rcall	.+0      	; 0xd8e <SetEvent+0x8>
     d8e:	cd b7       	in	r28, 0x3d	; 61
     d90:	de b7       	in	r29, 0x3e	; 62
     d92:	90 e0       	ldi	r25, 0x00	; 0
     d94:	20 91 1d 03 	lds	r18, 0x031D	; 0x80031d <osEE_kdb_var+0x4>
     d98:	30 91 1e 03 	lds	r19, 0x031E	; 0x80031e <osEE_kdb_var+0x5>
     d9c:	82 17       	cp	r24, r18
     d9e:	93 07       	cpc	r25, r19
     da0:	60 f0       	brcs	.+24     	; 0xdba <SetEvent+0x34>
     da2:	83 e0       	ldi	r24, 0x03	; 3
     da4:	90 e0       	ldi	r25, 0x00	; 0
     da6:	9a 83       	std	Y+2, r25	; 0x02
     da8:	89 83       	std	Y+1, r24	; 0x01
     daa:	89 81       	ldd	r24, Y+1	; 0x01
     dac:	9a 81       	ldd	r25, Y+2	; 0x02
     dae:	0f 90       	pop	r0
     db0:	0f 90       	pop	r0
     db2:	df 91       	pop	r29
     db4:	cf 91       	pop	r28
     db6:	1f 91       	pop	r17
     db8:	08 95       	ret
     dba:	20 91 1b 03 	lds	r18, 0x031B	; 0x80031b <osEE_kdb_var+0x2>
     dbe:	30 91 1c 03 	lds	r19, 0x031C	; 0x80031c <osEE_kdb_var+0x3>
     dc2:	88 0f       	add	r24, r24
     dc4:	99 1f       	adc	r25, r25
     dc6:	82 0f       	add	r24, r18
     dc8:	93 1f       	adc	r25, r19
     dca:	fc 01       	movw	r30, r24
     dcc:	80 81       	ld	r24, Z
     dce:	91 81       	ldd	r25, Z+1	; 0x01
     dd0:	1f b7       	in	r17, 0x3f	; 63
     dd2:	f8 94       	cli
     dd4:	ae 01       	movw	r20, r28
     dd6:	4f 5f       	subi	r20, 0xFF	; 255
     dd8:	5f 4f       	sbci	r21, 0xFF	; 255
     dda:	0e 94 48 08 	call	0x1090	; 0x1090 <osEE_task_event_set_mask>
     dde:	00 97       	sbiw	r24, 0x00	; 0
     de0:	59 f0       	breq	.+22     	; 0xdf8 <SetEvent+0x72>
     de2:	bc 01       	movw	r22, r24
     de4:	89 e1       	ldi	r24, 0x19	; 25
     de6:	93 e0       	ldi	r25, 0x03	; 3
     de8:	0e 94 d5 08 	call	0x11aa	; 0x11aa <osEE_scheduler_task_unblocked>
     dec:	89 2b       	or	r24, r25
     dee:	21 f0       	breq	.+8      	; 0xdf8 <SetEvent+0x72>
     df0:	89 e1       	ldi	r24, 0x19	; 25
     df2:	93 e0       	ldi	r25, 0x03	; 3
     df4:	0e 94 71 09 	call	0x12e2	; 0x12e2 <osEE_scheduler_task_preemption_point>
     df8:	1f bf       	out	0x3f, r17	; 63
     dfa:	d7 cf       	rjmp	.-82     	; 0xdaa <SetEvent+0x24>

00000dfc <osEE_scheduler_task_wrapper_restore>:
     dfc:	dc 01       	movw	r26, r24
     dfe:	14 96       	adiw	r26, 0x04	; 4
     e00:	ed 91       	ld	r30, X+
     e02:	fc 91       	ld	r31, X
     e04:	84 e0       	ldi	r24, 0x04	; 4
     e06:	90 e0       	ldi	r25, 0x00	; 0
     e08:	93 83       	std	Z+3, r25	; 0x03
     e0a:	82 83       	std	Z+2, r24	; 0x02
     e0c:	08 95       	ret

00000e0e <osEE_scheduler_task_wrapper_run>:
     e0e:	ec 01       	movw	r28, r24
     e10:	ec 81       	ldd	r30, Y+4	; 0x04
     e12:	fd 81       	ldd	r31, Y+5	; 0x05
     e14:	81 81       	ldd	r24, Z+1	; 0x01
     e16:	24 e0       	ldi	r18, 0x04	; 4
     e18:	30 e0       	ldi	r19, 0x00	; 0
     e1a:	33 83       	std	Z+3, r19	; 0x03
     e1c:	22 83       	std	Z+2, r18	; 0x02
     e1e:	8f 3f       	cpi	r24, 0xFF	; 255
     e20:	09 f0       	breq	.+2      	; 0xe24 <osEE_scheduler_task_wrapper_run+0x16>
     e22:	78 94       	sei
     e24:	e9 85       	ldd	r30, Y+9	; 0x09
     e26:	fa 85       	ldd	r31, Y+10	; 0x0a
     e28:	09 95       	icall
     e2a:	e0 91 23 03 	lds	r30, 0x0323	; 0x800323 <osEE_cdb_var>
     e2e:	f0 91 24 03 	lds	r31, 0x0324	; 0x800324 <osEE_cdb_var+0x1>
     e32:	10 8a       	std	Z+16, r1	; 0x10
     e34:	87 85       	ldd	r24, Z+15	; 0x0f
     e36:	88 23       	and	r24, r24
     e38:	19 f0       	breq	.+6      	; 0xe40 <osEE_scheduler_task_wrapper_run+0x32>
     e3a:	17 86       	std	Z+15, r1	; 0x0f
     e3c:	85 85       	ldd	r24, Z+13	; 0x0d
     e3e:	8f bf       	out	0x3f, r24	; 63
     e40:	81 89       	ldd	r24, Z+17	; 0x11
     e42:	88 23       	and	r24, r24
     e44:	11 f0       	breq	.+4      	; 0xe4a <osEE_scheduler_task_wrapper_run+0x3c>
     e46:	11 8a       	std	Z+17, r1	; 0x11
     e48:	78 94       	sei
     e4a:	8f b7       	in	r24, 0x3f	; 63
     e4c:	f8 94       	cli
     e4e:	8f 81       	ldd	r24, Y+7	; 0x07
     e50:	98 85       	ldd	r25, Y+8	; 0x08
     e52:	ec 81       	ldd	r30, Y+4	; 0x04
     e54:	fd 81       	ldd	r31, Y+5	; 0x05
     e56:	02 97       	sbiw	r24, 0x02	; 2
     e58:	09 f5       	brne	.+66     	; 0xe9c <osEE_scheduler_task_wrapper_run+0x8e>
     e5a:	a4 81       	ldd	r26, Z+4	; 0x04
     e5c:	b5 81       	ldd	r27, Z+5	; 0x05
     e5e:	10 97       	sbiw	r26, 0x00	; 0
     e60:	31 f4       	brne	.+12     	; 0xe6e <osEE_scheduler_task_wrapper_run+0x60>
     e62:	65 e0       	ldi	r22, 0x05	; 5
     e64:	7a e0       	ldi	r23, 0x0A	; 10
     e66:	8a 81       	ldd	r24, Y+2	; 0x02
     e68:	9b 81       	ldd	r25, Y+3	; 0x03
     e6a:	0e 94 c8 00 	call	0x190	; 0x190 <osEE_hal_terminate_ctx>
     e6e:	0d 90       	ld	r0, X+
     e70:	bc 91       	ld	r27, X
     e72:	a0 2d       	mov	r26, r0
     e74:	14 96       	adiw	r26, 0x04	; 4
     e76:	1c 92       	st	X, r1
     e78:	1e 92       	st	-X, r1
     e7a:	13 97       	sbiw	r26, 0x03	; 3
     e7c:	8d 91       	ld	r24, X+
     e7e:	9c 91       	ld	r25, X
     e80:	95 83       	std	Z+5, r25	; 0x05
     e82:	84 83       	std	Z+4, r24	; 0x04
     e84:	ea cf       	rjmp	.-44     	; 0xe5a <osEE_scheduler_task_wrapper_run+0x4c>
     e86:	0d 90       	ld	r0, X+
     e88:	bc 91       	ld	r27, X
     e8a:	a0 2d       	mov	r26, r0
     e8c:	14 96       	adiw	r26, 0x04	; 4
     e8e:	1c 92       	st	X, r1
     e90:	1e 92       	st	-X, r1
     e92:	13 97       	sbiw	r26, 0x03	; 3
     e94:	8d 91       	ld	r24, X+
     e96:	9c 91       	ld	r25, X
     e98:	95 83       	std	Z+5, r25	; 0x05
     e9a:	84 83       	std	Z+4, r24	; 0x04
     e9c:	a4 81       	ldd	r26, Z+4	; 0x04
     e9e:	b5 81       	ldd	r27, Z+5	; 0x05
     ea0:	10 97       	sbiw	r26, 0x00	; 0
     ea2:	89 f7       	brne	.-30     	; 0xe86 <osEE_scheduler_task_wrapper_run+0x78>
     ea4:	de cf       	rjmp	.-68     	; 0xe62 <osEE_scheduler_task_wrapper_run+0x54>

00000ea6 <osEE_idle_hook_wrapper>:
     ea6:	e0 91 23 03 	lds	r30, 0x0323	; 0x800323 <osEE_cdb_var>
     eaa:	f0 91 24 03 	lds	r31, 0x0324	; 0x800324 <osEE_cdb_var+0x1>
     eae:	80 85       	ldd	r24, Z+8	; 0x08
     eb0:	91 85       	ldd	r25, Z+9	; 0x09
     eb2:	02 97       	sbiw	r24, 0x02	; 2
     eb4:	e1 f3       	breq	.-8      	; 0xeae <osEE_idle_hook_wrapper+0x8>
     eb6:	80 91 25 03 	lds	r24, 0x0325	; 0x800325 <osEE_cdb_var+0x2>
     eba:	90 91 26 03 	lds	r25, 0x0326	; 0x800326 <osEE_cdb_var+0x3>
     ebe:	0c 94 ea 09 	jmp	0x13d4	; 0x13d4 <osEE_idle_task_terminate>

00000ec2 <osEE_scheduler_core_rq_preempt_stk>:
     ec2:	0f 93       	push	r16
     ec4:	1f 93       	push	r17
     ec6:	cf 93       	push	r28
     ec8:	df 93       	push	r29
     eca:	ec 01       	movw	r28, r24
     ecc:	a8 81       	ld	r26, Y
     ece:	b9 81       	ldd	r27, Y+1	; 0x01
     ed0:	eb 01       	movw	r28, r22
     ed2:	e8 81       	ld	r30, Y
     ed4:	f9 81       	ldd	r31, Y+1	; 0x01
     ed6:	16 96       	adiw	r26, 0x06	; 6
     ed8:	cd 91       	ld	r28, X+
     eda:	dc 91       	ld	r29, X
     edc:	17 97       	sbiw	r26, 0x07	; 7
     ede:	20 97       	sbiw	r28, 0x00	; 0
     ee0:	c1 f1       	breq	.+112    	; 0xf52 <osEE_scheduler_core_rq_preempt_stk+0x90>
     ee2:	8a 81       	ldd	r24, Y+2	; 0x02
     ee4:	9b 81       	ldd	r25, Y+3	; 0x03
     ee6:	30 97       	sbiw	r30, 0x00	; 0
     ee8:	09 f4       	brne	.+2      	; 0xeec <osEE_scheduler_core_rq_preempt_stk+0x2a>
     eea:	3f c0       	rjmp	.+126    	; 0xf6a <osEE_scheduler_core_rq_preempt_stk+0xa8>
     eec:	ec 01       	movw	r28, r24
     eee:	0c 81       	ldd	r16, Y+4	; 0x04
     ef0:	1d 81       	ldd	r17, Y+5	; 0x05
     ef2:	22 81       	ldd	r18, Z+2	; 0x02
     ef4:	33 81       	ldd	r19, Z+3	; 0x03
     ef6:	e9 01       	movw	r28, r18
     ef8:	4c 81       	ldd	r20, Y+4	; 0x04
     efa:	5d 81       	ldd	r21, Y+5	; 0x05
     efc:	e8 01       	movw	r28, r16
     efe:	39 81       	ldd	r19, Y+1	; 0x01
     f00:	ea 01       	movw	r28, r20
     f02:	29 81       	ldd	r18, Y+1	; 0x01
     f04:	32 17       	cp	r19, r18
     f06:	88 f5       	brcc	.+98     	; 0xf6a <osEE_scheduler_core_rq_preempt_stk+0xa8>
     f08:	22 e0       	ldi	r18, 0x02	; 2
     f0a:	30 e0       	ldi	r19, 0x00	; 0
     f0c:	e8 01       	movw	r28, r16
     f0e:	3b 83       	std	Y+3, r19	; 0x03
     f10:	2a 83       	std	Y+2, r18	; 0x02
     f12:	20 81       	ld	r18, Z
     f14:	31 81       	ldd	r19, Z+1	; 0x01
     f16:	eb 01       	movw	r28, r22
     f18:	39 83       	std	Y+1, r19	; 0x01
     f1a:	28 83       	st	Y, r18
     f1c:	c2 81       	ldd	r28, Z+2	; 0x02
     f1e:	d3 81       	ldd	r29, Z+3	; 0x03
     f20:	2c 81       	ldd	r18, Y+4	; 0x04
     f22:	3d 81       	ldd	r19, Y+5	; 0x05
     f24:	16 96       	adiw	r26, 0x06	; 6
     f26:	4d 91       	ld	r20, X+
     f28:	5c 91       	ld	r21, X
     f2a:	17 97       	sbiw	r26, 0x07	; 7
     f2c:	51 83       	std	Z+1, r21	; 0x01
     f2e:	40 83       	st	Z, r20
     f30:	17 96       	adiw	r26, 0x07	; 7
     f32:	fc 93       	st	X, r31
     f34:	ee 93       	st	-X, r30
     f36:	16 97       	sbiw	r26, 0x06	; 6
     f38:	cd 93       	st	X+, r28
     f3a:	dc 93       	st	X, r29
     f3c:	4c 85       	ldd	r20, Y+12	; 0x0c
     f3e:	f9 01       	movw	r30, r18
     f40:	51 81       	ldd	r21, Z+1	; 0x01
     f42:	54 17       	cp	r21, r20
     f44:	08 f4       	brcc	.+2      	; 0xf48 <osEE_scheduler_core_rq_preempt_stk+0x86>
     f46:	41 83       	std	Z+1, r20	; 0x01
     f48:	df 91       	pop	r29
     f4a:	cf 91       	pop	r28
     f4c:	1f 91       	pop	r17
     f4e:	0f 91       	pop	r16
     f50:	08 95       	ret
     f52:	30 97       	sbiw	r30, 0x00	; 0
     f54:	51 f0       	breq	.+20     	; 0xf6a <osEE_scheduler_core_rq_preempt_stk+0xa8>
     f56:	ec 01       	movw	r28, r24
     f58:	8a 81       	ldd	r24, Y+2	; 0x02
     f5a:	9b 81       	ldd	r25, Y+3	; 0x03
     f5c:	ec 01       	movw	r28, r24
     f5e:	4c 81       	ldd	r20, Y+4	; 0x04
     f60:	5d 81       	ldd	r21, Y+5	; 0x05
     f62:	22 e0       	ldi	r18, 0x02	; 2
     f64:	30 e0       	ldi	r19, 0x00	; 0
     f66:	ea 01       	movw	r28, r20
     f68:	d2 cf       	rjmp	.-92     	; 0xf0e <osEE_scheduler_core_rq_preempt_stk+0x4c>
     f6a:	90 e0       	ldi	r25, 0x00	; 0
     f6c:	80 e0       	ldi	r24, 0x00	; 0
     f6e:	ec cf       	rjmp	.-40     	; 0xf48 <osEE_scheduler_core_rq_preempt_stk+0x86>

00000f70 <osEE_sn_priority_insert>:
     f70:	cf 93       	push	r28
     f72:	df 93       	push	r29
     f74:	db 01       	movw	r26, r22
     f76:	12 96       	adiw	r26, 0x02	; 2
     f78:	ed 91       	ld	r30, X+
     f7a:	fc 91       	ld	r31, X
     f7c:	41 15       	cp	r20, r1
     f7e:	51 05       	cpc	r21, r1
     f80:	a1 f0       	breq	.+40     	; 0xfaa <osEE_sn_priority_insert+0x3a>
     f82:	23 85       	ldd	r18, Z+11	; 0x0b
     f84:	dc 01       	movw	r26, r24
     f86:	ed 91       	ld	r30, X+
     f88:	fc 91       	ld	r31, X
     f8a:	b0 e0       	ldi	r27, 0x00	; 0
     f8c:	a0 e0       	ldi	r26, 0x00	; 0
     f8e:	30 97       	sbiw	r30, 0x00	; 0
     f90:	89 f4       	brne	.+34     	; 0xfb4 <osEE_sn_priority_insert+0x44>
     f92:	10 97       	sbiw	r26, 0x00	; 0
     f94:	09 f1       	breq	.+66     	; 0xfd8 <osEE_sn_priority_insert+0x68>
     f96:	6d 93       	st	X+, r22
     f98:	7c 93       	st	X, r23
     f9a:	90 e0       	ldi	r25, 0x00	; 0
     f9c:	80 e0       	ldi	r24, 0x00	; 0
     f9e:	db 01       	movw	r26, r22
     fa0:	ed 93       	st	X+, r30
     fa2:	fc 93       	st	X, r31
     fa4:	df 91       	pop	r29
     fa6:	cf 91       	pop	r28
     fa8:	08 95       	ret
     faa:	04 80       	ldd	r0, Z+4	; 0x04
     fac:	f5 81       	ldd	r31, Z+5	; 0x05
     fae:	e0 2d       	mov	r30, r0
     fb0:	21 81       	ldd	r18, Z+1	; 0x01
     fb2:	e8 cf       	rjmp	.-48     	; 0xf84 <osEE_sn_priority_insert+0x14>
     fb4:	c2 81       	ldd	r28, Z+2	; 0x02
     fb6:	d3 81       	ldd	r29, Z+3	; 0x03
     fb8:	41 15       	cp	r20, r1
     fba:	51 05       	cpc	r21, r1
     fbc:	41 f0       	breq	.+16     	; 0xfce <osEE_sn_priority_insert+0x5e>
     fbe:	3b 85       	ldd	r19, Y+11	; 0x0b
     fc0:	32 17       	cp	r19, r18
     fc2:	38 f3       	brcs	.-50     	; 0xf92 <osEE_sn_priority_insert+0x22>
     fc4:	df 01       	movw	r26, r30
     fc6:	01 90       	ld	r0, Z+
     fc8:	f0 81       	ld	r31, Z
     fca:	e0 2d       	mov	r30, r0
     fcc:	e0 cf       	rjmp	.-64     	; 0xf8e <osEE_sn_priority_insert+0x1e>
     fce:	0c 80       	ldd	r0, Y+4	; 0x04
     fd0:	dd 81       	ldd	r29, Y+5	; 0x05
     fd2:	c0 2d       	mov	r28, r0
     fd4:	39 81       	ldd	r19, Y+1	; 0x01
     fd6:	f4 cf       	rjmp	.-24     	; 0xfc0 <osEE_sn_priority_insert+0x50>
     fd8:	dc 01       	movw	r26, r24
     fda:	6d 93       	st	X+, r22
     fdc:	7c 93       	st	X, r23
     fde:	81 e0       	ldi	r24, 0x01	; 1
     fe0:	90 e0       	ldi	r25, 0x00	; 0
     fe2:	dd cf       	rjmp	.-70     	; 0xf9e <osEE_sn_priority_insert+0x2e>

00000fe4 <osEE_scheduler_rq_insert>:
     fe4:	fb 01       	movw	r30, r22
     fe6:	53 83       	std	Z+3, r21	; 0x03
     fe8:	42 83       	std	Z+2, r20	; 0x02
     fea:	41 e0       	ldi	r20, 0x01	; 1
     fec:	50 e0       	ldi	r21, 0x00	; 0
     fee:	0c 94 b8 07 	jmp	0xf70	; 0xf70 <osEE_sn_priority_insert>

00000ff2 <osEE_scheduler_core_pop_running>:
     ff2:	ef 92       	push	r14
     ff4:	ff 92       	push	r15
     ff6:	0f 93       	push	r16
     ff8:	1f 93       	push	r17
     ffa:	cf 93       	push	r28
     ffc:	df 93       	push	r29
     ffe:	8c 01       	movw	r16, r24
    1000:	fc 01       	movw	r30, r24
    1002:	c0 81       	ld	r28, Z
    1004:	d1 81       	ldd	r29, Z+1	; 0x01
    1006:	ee 80       	ldd	r14, Y+6	; 0x06
    1008:	ff 80       	ldd	r15, Y+7	; 0x07
    100a:	f7 01       	movw	r30, r14
    100c:	80 81       	ld	r24, Z
    100e:	91 81       	ldd	r25, Z+1	; 0x01
    1010:	9f 83       	std	Y+7, r25	; 0x07
    1012:	8e 83       	std	Y+6, r24	; 0x06
    1014:	c8 01       	movw	r24, r16
    1016:	0e 94 61 07 	call	0xec2	; 0xec2 <osEE_scheduler_core_rq_preempt_stk>
    101a:	89 2b       	or	r24, r25
    101c:	41 f4       	brne	.+16     	; 0x102e <osEE_scheduler_core_pop_running+0x3c>
    101e:	ee 81       	ldd	r30, Y+6	; 0x06
    1020:	ff 81       	ldd	r31, Y+7	; 0x07
    1022:	30 97       	sbiw	r30, 0x00	; 0
    1024:	61 f0       	breq	.+24     	; 0x103e <osEE_scheduler_core_pop_running+0x4c>
    1026:	82 81       	ldd	r24, Z+2	; 0x02
    1028:	93 81       	ldd	r25, Z+3	; 0x03
    102a:	99 83       	std	Y+1, r25	; 0x01
    102c:	88 83       	st	Y, r24
    102e:	c7 01       	movw	r24, r14
    1030:	df 91       	pop	r29
    1032:	cf 91       	pop	r28
    1034:	1f 91       	pop	r17
    1036:	0f 91       	pop	r16
    1038:	ff 90       	pop	r15
    103a:	ef 90       	pop	r14
    103c:	08 95       	ret
    103e:	f8 01       	movw	r30, r16
    1040:	f2 cf       	rjmp	.-28     	; 0x1026 <osEE_scheduler_core_pop_running+0x34>

00001042 <osEE_task_activated>:
    1042:	dc 01       	movw	r26, r24
    1044:	14 96       	adiw	r26, 0x04	; 4
    1046:	ed 91       	ld	r30, X+
    1048:	fc 91       	ld	r31, X
    104a:	15 97       	sbiw	r26, 0x05	; 5
    104c:	90 81       	ld	r25, Z
    104e:	1d 96       	adiw	r26, 0x0d	; 13
    1050:	8c 91       	ld	r24, X
    1052:	98 17       	cp	r25, r24
    1054:	28 f4       	brcc	.+10     	; 0x1060 <osEE_task_activated+0x1e>
    1056:	9f 5f       	subi	r25, 0xFF	; 255
    1058:	90 83       	st	Z, r25
    105a:	90 e0       	ldi	r25, 0x00	; 0
    105c:	80 e0       	ldi	r24, 0x00	; 0
    105e:	08 95       	ret
    1060:	84 e0       	ldi	r24, 0x04	; 4
    1062:	90 e0       	ldi	r25, 0x00	; 0
    1064:	08 95       	ret

00001066 <osEE_task_end>:
    1066:	dc 01       	movw	r26, r24
    1068:	14 96       	adiw	r26, 0x04	; 4
    106a:	ed 91       	ld	r30, X+
    106c:	fc 91       	ld	r31, X
    106e:	15 97       	sbiw	r26, 0x05	; 5
    1070:	1b 96       	adiw	r26, 0x0b	; 11
    1072:	8c 91       	ld	r24, X
    1074:	81 83       	std	Z+1, r24	; 0x01
    1076:	80 81       	ld	r24, Z
    1078:	81 50       	subi	r24, 0x01	; 1
    107a:	80 83       	st	Z, r24
    107c:	81 11       	cpse	r24, r1
    107e:	03 c0       	rjmp	.+6      	; 0x1086 <osEE_task_end+0x20>
    1080:	13 82       	std	Z+3, r1	; 0x03
    1082:	12 82       	std	Z+2, r1	; 0x02
    1084:	08 95       	ret
    1086:	81 e0       	ldi	r24, 0x01	; 1
    1088:	90 e0       	ldi	r25, 0x00	; 0
    108a:	93 83       	std	Z+3, r25	; 0x03
    108c:	82 83       	std	Z+2, r24	; 0x02
    108e:	08 95       	ret

00001090 <osEE_task_event_set_mask>:
    1090:	dc 01       	movw	r26, r24
    1092:	14 96       	adiw	r26, 0x04	; 4
    1094:	ed 91       	ld	r30, X+
    1096:	fc 91       	ld	r31, X
    1098:	80 85       	ldd	r24, Z+8	; 0x08
    109a:	91 85       	ldd	r25, Z+9	; 0x09
    109c:	86 2b       	or	r24, r22
    109e:	97 2b       	or	r25, r23
    10a0:	91 87       	std	Z+9, r25	; 0x09
    10a2:	80 87       	std	Z+8, r24	; 0x08
    10a4:	da 01       	movw	r26, r20
    10a6:	1d 92       	st	X+, r1
    10a8:	1c 92       	st	X, r1
    10aa:	86 81       	ldd	r24, Z+6	; 0x06
    10ac:	97 81       	ldd	r25, Z+7	; 0x07
    10ae:	68 23       	and	r22, r24
    10b0:	79 23       	and	r23, r25
    10b2:	67 2b       	or	r22, r23
    10b4:	39 f0       	breq	.+14     	; 0x10c4 <osEE_task_event_set_mask+0x34>
    10b6:	82 85       	ldd	r24, Z+10	; 0x0a
    10b8:	93 85       	ldd	r25, Z+11	; 0x0b
    10ba:	00 97       	sbiw	r24, 0x00	; 0
    10bc:	29 f0       	breq	.+10     	; 0x10c8 <osEE_task_event_set_mask+0x38>
    10be:	13 86       	std	Z+11, r1	; 0x0b
    10c0:	12 86       	std	Z+10, r1	; 0x0a
    10c2:	08 95       	ret
    10c4:	90 e0       	ldi	r25, 0x00	; 0
    10c6:	80 e0       	ldi	r24, 0x00	; 0
    10c8:	08 95       	ret

000010ca <osEE_activate_isr2>:
    10ca:	e0 91 1b 03 	lds	r30, 0x031B	; 0x80031b <osEE_kdb_var+0x2>
    10ce:	f0 91 1c 03 	lds	r31, 0x031C	; 0x80031c <osEE_kdb_var+0x3>
    10d2:	90 e0       	ldi	r25, 0x00	; 0
    10d4:	88 0f       	add	r24, r24
    10d6:	99 1f       	adc	r25, r25
    10d8:	e8 0f       	add	r30, r24
    10da:	f9 1f       	adc	r31, r25
    10dc:	60 81       	ld	r22, Z
    10de:	71 81       	ldd	r23, Z+1	; 0x01
    10e0:	db 01       	movw	r26, r22
    10e2:	14 96       	adiw	r26, 0x04	; 4
    10e4:	ed 91       	ld	r30, X+
    10e6:	fc 91       	ld	r31, X
    10e8:	80 81       	ld	r24, Z
    10ea:	8f 5f       	subi	r24, 0xFF	; 255
    10ec:	80 83       	st	Z, r24
    10ee:	50 e0       	ldi	r21, 0x00	; 0
    10f0:	40 e0       	ldi	r20, 0x00	; 0
    10f2:	89 e1       	ldi	r24, 0x19	; 25
    10f4:	93 e0       	ldi	r25, 0x03	; 3
    10f6:	0c 94 8c 09 	jmp	0x1318	; 0x1318 <osEE_scheduler_task_set_running>

000010fa <osEE_scheduler_task_activated>:
    10fa:	ef 92       	push	r14
    10fc:	ff 92       	push	r15
    10fe:	0f 93       	push	r16
    1100:	1f 93       	push	r17
    1102:	cf 93       	push	r28
    1104:	df 93       	push	r29
    1106:	db 01       	movw	r26, r22
    1108:	14 96       	adiw	r26, 0x04	; 4
    110a:	ed 90       	ld	r14, X+
    110c:	fc 90       	ld	r15, X
    110e:	e0 91 23 03 	lds	r30, 0x0323	; 0x800323 <osEE_cdb_var>
    1112:	f0 91 24 03 	lds	r31, 0x0324	; 0x800324 <osEE_cdb_var+0x1>
    1116:	80 81       	ld	r24, Z
    1118:	91 81       	ldd	r25, Z+1	; 0x01
    111a:	ec 01       	movw	r28, r24
    111c:	4c 81       	ldd	r20, Y+4	; 0x04
    111e:	5d 81       	ldd	r21, Y+5	; 0x05
    1120:	a4 81       	ldd	r26, Z+4	; 0x04
    1122:	b5 81       	ldd	r27, Z+5	; 0x05
    1124:	2d 91       	ld	r18, X+
    1126:	3c 91       	ld	r19, X
    1128:	11 97       	sbiw	r26, 0x01	; 1
    112a:	ea 01       	movw	r28, r20
    112c:	09 81       	ldd	r16, Y+1	; 0x01
    112e:	e7 01       	movw	r28, r14
    1130:	19 81       	ldd	r17, Y+1	; 0x01
    1132:	01 17       	cp	r16, r17
    1134:	10 f5       	brcc	.+68     	; 0x117a <osEE_scheduler_task_activated+0x80>
    1136:	35 83       	std	Z+5, r19	; 0x05
    1138:	24 83       	std	Z+4, r18	; 0x04
    113a:	22 e0       	ldi	r18, 0x02	; 2
    113c:	30 e0       	ldi	r19, 0x00	; 0
    113e:	ea 01       	movw	r28, r20
    1140:	3b 83       	std	Y+3, r19	; 0x03
    1142:	2a 83       	std	Y+2, r18	; 0x02
    1144:	13 96       	adiw	r26, 0x03	; 3
    1146:	7c 93       	st	X, r23
    1148:	6e 93       	st	-X, r22
    114a:	12 97       	sbiw	r26, 0x02	; 2
    114c:	26 81       	ldd	r18, Z+6	; 0x06
    114e:	37 81       	ldd	r19, Z+7	; 0x07
    1150:	11 96       	adiw	r26, 0x01	; 1
    1152:	3c 93       	st	X, r19
    1154:	2e 93       	st	-X, r18
    1156:	b7 83       	std	Z+7, r27	; 0x07
    1158:	a6 83       	std	Z+6, r26	; 0x06
    115a:	71 83       	std	Z+1, r23	; 0x01
    115c:	60 83       	st	Z, r22
    115e:	f7 01       	movw	r30, r14
    1160:	11 86       	std	Z+9, r1	; 0x09
    1162:	10 86       	std	Z+8, r1	; 0x08
    1164:	0e 94 c4 09 	call	0x1388	; 0x1388 <osEE_change_context_from_running>
    1168:	81 e0       	ldi	r24, 0x01	; 1
    116a:	90 e0       	ldi	r25, 0x00	; 0
    116c:	df 91       	pop	r29
    116e:	cf 91       	pop	r28
    1170:	1f 91       	pop	r17
    1172:	0f 91       	pop	r16
    1174:	ff 90       	pop	r15
    1176:	ef 90       	pop	r14
    1178:	08 95       	ret
    117a:	8a 81       	ldd	r24, Y+2	; 0x02
    117c:	9b 81       	ldd	r25, Y+3	; 0x03
    117e:	89 2b       	or	r24, r25
    1180:	31 f4       	brne	.+12     	; 0x118e <osEE_scheduler_task_activated+0x94>
    1182:	81 e0       	ldi	r24, 0x01	; 1
    1184:	90 e0       	ldi	r25, 0x00	; 0
    1186:	9b 83       	std	Y+3, r25	; 0x03
    1188:	8a 83       	std	Y+2, r24	; 0x02
    118a:	19 86       	std	Y+9, r1	; 0x09
    118c:	18 86       	std	Y+8, r1	; 0x08
    118e:	35 83       	std	Z+5, r19	; 0x05
    1190:	24 83       	std	Z+4, r18	; 0x04
    1192:	11 96       	adiw	r26, 0x01	; 1
    1194:	1c 92       	st	X, r1
    1196:	1e 92       	st	-X, r1
    1198:	ab 01       	movw	r20, r22
    119a:	bd 01       	movw	r22, r26
    119c:	cf 01       	movw	r24, r30
    119e:	02 96       	adiw	r24, 0x02	; 2
    11a0:	0e 94 f2 07 	call	0xfe4	; 0xfe4 <osEE_scheduler_rq_insert>
    11a4:	90 e0       	ldi	r25, 0x00	; 0
    11a6:	80 e0       	ldi	r24, 0x00	; 0
    11a8:	e1 cf       	rjmp	.-62     	; 0x116c <osEE_scheduler_task_activated+0x72>

000011aa <osEE_scheduler_task_unblocked>:
    11aa:	0f 93       	push	r16
    11ac:	1f 93       	push	r17
    11ae:	cf 93       	push	r28
    11b0:	df 93       	push	r29
    11b2:	db 01       	movw	r26, r22
    11b4:	12 96       	adiw	r26, 0x02	; 2
    11b6:	4d 91       	ld	r20, X+
    11b8:	5c 91       	ld	r21, X
    11ba:	fa 01       	movw	r30, r20
    11bc:	c4 81       	ldd	r28, Z+4	; 0x04
    11be:	d5 81       	ldd	r29, Z+5	; 0x05
    11c0:	00 91 23 03 	lds	r16, 0x0323	; 0x800323 <osEE_cdb_var>
    11c4:	10 91 24 03 	lds	r17, 0x0324	; 0x800324 <osEE_cdb_var+0x1>
    11c8:	82 e0       	ldi	r24, 0x02	; 2
    11ca:	90 e0       	ldi	r25, 0x00	; 0
    11cc:	9b 83       	std	Y+3, r25	; 0x03
    11ce:	8a 83       	std	Y+2, r24	; 0x02
    11d0:	83 85       	ldd	r24, Z+11	; 0x0b
    11d2:	89 83       	std	Y+1, r24	; 0x01
    11d4:	c8 01       	movw	r24, r16
    11d6:	02 96       	adiw	r24, 0x02	; 2
    11d8:	0e 94 f2 07 	call	0xfe4	; 0xfe4 <osEE_scheduler_rq_insert>
    11dc:	01 97       	sbiw	r24, 0x01	; 1
    11de:	91 f4       	brne	.+36     	; 0x1204 <osEE_scheduler_task_unblocked+0x5a>
    11e0:	d8 01       	movw	r26, r16
    11e2:	ed 91       	ld	r30, X+
    11e4:	fc 91       	ld	r31, X
    11e6:	04 80       	ldd	r0, Z+4	; 0x04
    11e8:	f5 81       	ldd	r31, Z+5	; 0x05
    11ea:	e0 2d       	mov	r30, r0
    11ec:	81 e0       	ldi	r24, 0x01	; 1
    11ee:	90 e0       	ldi	r25, 0x00	; 0
    11f0:	39 81       	ldd	r19, Y+1	; 0x01
    11f2:	21 81       	ldd	r18, Z+1	; 0x01
    11f4:	23 17       	cp	r18, r19
    11f6:	08 f0       	brcs	.+2      	; 0x11fa <osEE_scheduler_task_unblocked+0x50>
    11f8:	80 e0       	ldi	r24, 0x00	; 0
    11fa:	df 91       	pop	r29
    11fc:	cf 91       	pop	r28
    11fe:	1f 91       	pop	r17
    1200:	0f 91       	pop	r16
    1202:	08 95       	ret
    1204:	80 e0       	ldi	r24, 0x00	; 0
    1206:	90 e0       	ldi	r25, 0x00	; 0
    1208:	f8 cf       	rjmp	.-16     	; 0x11fa <osEE_scheduler_task_unblocked+0x50>

0000120a <osEE_scheduler_task_terminated>:
    120a:	af 92       	push	r10
    120c:	bf 92       	push	r11
    120e:	cf 92       	push	r12
    1210:	df 92       	push	r13
    1212:	ef 92       	push	r14
    1214:	ff 92       	push	r15
    1216:	0f 93       	push	r16
    1218:	1f 93       	push	r17
    121a:	cf 93       	push	r28
    121c:	df 93       	push	r29
    121e:	c0 91 23 03 	lds	r28, 0x0323	; 0x800323 <osEE_cdb_var>
    1222:	d0 91 24 03 	lds	r29, 0x0324	; 0x800324 <osEE_cdb_var+0x1>
    1226:	fe 01       	movw	r30, r28
    1228:	e1 90       	ld	r14, Z+
    122a:	f1 90       	ld	r15, Z+
    122c:	6f 01       	movw	r12, r30
    122e:	f7 01       	movw	r30, r14
    1230:	04 81       	ldd	r16, Z+4	; 0x04
    1232:	15 81       	ldd	r17, Z+5	; 0x05
    1234:	fb 01       	movw	r30, r22
    1236:	f1 82       	std	Z+1, r15	; 0x01
    1238:	e0 82       	st	Z, r14
    123a:	f8 01       	movw	r30, r16
    123c:	82 81       	ldd	r24, Z+2	; 0x02
    123e:	93 81       	ldd	r25, Z+3	; 0x03
    1240:	04 97       	sbiw	r24, 0x04	; 4
    1242:	31 f5       	brne	.+76     	; 0x1290 <osEE_scheduler_task_terminated+0x86>
    1244:	b6 01       	movw	r22, r12
    1246:	83 e2       	ldi	r24, 0x23	; 35
    1248:	93 e0       	ldi	r25, 0x03	; 3
    124a:	0e 94 f9 07 	call	0xff2	; 0xff2 <osEE_scheduler_core_pop_running>
    124e:	5c 01       	movw	r10, r24
    1250:	c8 80       	ld	r12, Y
    1252:	d9 80       	ldd	r13, Y+1	; 0x01
    1254:	ec 14       	cp	r14, r12
    1256:	fd 04       	cpc	r15, r13
    1258:	b1 f0       	breq	.+44     	; 0x1286 <osEE_scheduler_task_terminated+0x7c>
    125a:	c7 01       	movw	r24, r14
    125c:	0e 94 33 08 	call	0x1066	; 0x1066 <osEE_task_end>
    1260:	8c 81       	ldd	r24, Y+4	; 0x04
    1262:	9d 81       	ldd	r25, Y+5	; 0x05
    1264:	f5 01       	movw	r30, r10
    1266:	91 83       	std	Z+1, r25	; 0x01
    1268:	80 83       	st	Z, r24
    126a:	bd 82       	std	Y+5, r11	; 0x05
    126c:	ac 82       	std	Y+4, r10	; 0x04
    126e:	c6 01       	movw	r24, r12
    1270:	df 91       	pop	r29
    1272:	cf 91       	pop	r28
    1274:	1f 91       	pop	r17
    1276:	0f 91       	pop	r16
    1278:	ff 90       	pop	r15
    127a:	ef 90       	pop	r14
    127c:	df 90       	pop	r13
    127e:	cf 90       	pop	r12
    1280:	bf 90       	pop	r11
    1282:	af 90       	pop	r10
    1284:	08 95       	ret
    1286:	f8 01       	movw	r30, r16
    1288:	80 81       	ld	r24, Z
    128a:	81 50       	subi	r24, 0x01	; 1
    128c:	80 83       	st	Z, r24
    128e:	e8 cf       	rjmp	.-48     	; 0x1260 <osEE_scheduler_task_terminated+0x56>
    1290:	6e 81       	ldd	r22, Y+6	; 0x06
    1292:	7f 81       	ldd	r23, Y+7	; 0x07
    1294:	fb 01       	movw	r30, r22
    1296:	80 81       	ld	r24, Z
    1298:	91 81       	ldd	r25, Z+1	; 0x01
    129a:	9f 83       	std	Y+7, r25	; 0x07
    129c:	8e 83       	std	Y+6, r24	; 0x06
    129e:	f7 01       	movw	r30, r14
    12a0:	83 85       	ldd	r24, Z+11	; 0x0b
    12a2:	f8 01       	movw	r30, r16
    12a4:	81 83       	std	Z+1, r24	; 0x01
    12a6:	81 e0       	ldi	r24, 0x01	; 1
    12a8:	90 e0       	ldi	r25, 0x00	; 0
    12aa:	93 83       	std	Z+3, r25	; 0x03
    12ac:	82 83       	std	Z+2, r24	; 0x02
    12ae:	80 81       	ld	r24, Z
    12b0:	81 30       	cpi	r24, 0x01	; 1
    12b2:	11 f4       	brne	.+4      	; 0x12b8 <osEE_scheduler_task_terminated+0xae>
    12b4:	11 86       	std	Z+9, r1	; 0x09
    12b6:	10 86       	std	Z+8, r1	; 0x08
    12b8:	a7 01       	movw	r20, r14
    12ba:	c6 01       	movw	r24, r12
    12bc:	0e 94 f2 07 	call	0xfe4	; 0xfe4 <osEE_scheduler_rq_insert>
    12c0:	b6 01       	movw	r22, r12
    12c2:	83 e2       	ldi	r24, 0x23	; 35
    12c4:	93 e0       	ldi	r25, 0x03	; 3
    12c6:	0e 94 61 07 	call	0xec2	; 0xec2 <osEE_scheduler_core_rq_preempt_stk>
    12ca:	89 2b       	or	r24, r25
    12cc:	39 f4       	brne	.+14     	; 0x12dc <osEE_scheduler_task_terminated+0xd2>
    12ce:	ee 81       	ldd	r30, Y+6	; 0x06
    12d0:	ff 81       	ldd	r31, Y+7	; 0x07
    12d2:	c2 80       	ldd	r12, Z+2	; 0x02
    12d4:	d3 80       	ldd	r13, Z+3	; 0x03
    12d6:	d9 82       	std	Y+1, r13	; 0x01
    12d8:	c8 82       	st	Y, r12
    12da:	c9 cf       	rjmp	.-110    	; 0x126e <osEE_scheduler_task_terminated+0x64>
    12dc:	c8 80       	ld	r12, Y
    12de:	d9 80       	ldd	r13, Y+1	; 0x01
    12e0:	c6 cf       	rjmp	.-116    	; 0x126e <osEE_scheduler_task_terminated+0x64>

000012e2 <osEE_scheduler_task_preemption_point>:
    12e2:	cf 93       	push	r28
    12e4:	df 93       	push	r29
    12e6:	c0 91 23 03 	lds	r28, 0x0323	; 0x800323 <osEE_cdb_var>
    12ea:	d0 91 24 03 	lds	r29, 0x0324	; 0x800324 <osEE_cdb_var+0x1>
    12ee:	be 01       	movw	r22, r28
    12f0:	6e 5f       	subi	r22, 0xFE	; 254
    12f2:	7f 4f       	sbci	r23, 0xFF	; 255
    12f4:	83 e2       	ldi	r24, 0x23	; 35
    12f6:	93 e0       	ldi	r25, 0x03	; 3
    12f8:	0e 94 61 07 	call	0xec2	; 0xec2 <osEE_scheduler_core_rq_preempt_stk>
    12fc:	00 97       	sbiw	r24, 0x00	; 0
    12fe:	49 f0       	breq	.+18     	; 0x1312 <osEE_scheduler_task_preemption_point+0x30>
    1300:	68 81       	ld	r22, Y
    1302:	79 81       	ldd	r23, Y+1	; 0x01
    1304:	0e 94 c4 09 	call	0x1388	; 0x1388 <osEE_change_context_from_running>
    1308:	81 e0       	ldi	r24, 0x01	; 1
    130a:	90 e0       	ldi	r25, 0x00	; 0
    130c:	df 91       	pop	r29
    130e:	cf 91       	pop	r28
    1310:	08 95       	ret
    1312:	90 e0       	ldi	r25, 0x00	; 0
    1314:	80 e0       	ldi	r24, 0x00	; 0
    1316:	fa cf       	rjmp	.-12     	; 0x130c <osEE_scheduler_task_preemption_point+0x2a>

00001318 <osEE_scheduler_task_set_running>:
    1318:	cf 93       	push	r28
    131a:	df 93       	push	r29
    131c:	e0 91 23 03 	lds	r30, 0x0323	; 0x800323 <osEE_cdb_var>
    1320:	f0 91 24 03 	lds	r31, 0x0324	; 0x800324 <osEE_cdb_var+0x1>
    1324:	80 81       	ld	r24, Z
    1326:	91 81       	ldd	r25, Z+1	; 0x01
    1328:	26 81       	ldd	r18, Z+6	; 0x06
    132a:	37 81       	ldd	r19, Z+7	; 0x07
    132c:	ec 01       	movw	r28, r24
    132e:	ac 81       	ldd	r26, Y+4	; 0x04
    1330:	bd 81       	ldd	r27, Y+5	; 0x05
    1332:	12 96       	adiw	r26, 0x02	; 2
    1334:	cd 91       	ld	r28, X+
    1336:	dc 91       	ld	r29, X
    1338:	13 97       	sbiw	r26, 0x03	; 3
    133a:	24 97       	sbiw	r28, 0x04	; 4
    133c:	31 f4       	brne	.+12     	; 0x134a <osEE_scheduler_task_set_running+0x32>
    133e:	c2 e0       	ldi	r28, 0x02	; 2
    1340:	d0 e0       	ldi	r29, 0x00	; 0
    1342:	13 96       	adiw	r26, 0x03	; 3
    1344:	dc 93       	st	X, r29
    1346:	ce 93       	st	-X, r28
    1348:	12 97       	sbiw	r26, 0x02	; 2
    134a:	71 83       	std	Z+1, r23	; 0x01
    134c:	60 83       	st	Z, r22
    134e:	41 15       	cp	r20, r1
    1350:	51 05       	cpc	r21, r1
    1352:	b9 f4       	brne	.+46     	; 0x1382 <osEE_scheduler_task_set_running+0x6a>
    1354:	a4 81       	ldd	r26, Z+4	; 0x04
    1356:	b5 81       	ldd	r27, Z+5	; 0x05
    1358:	4d 91       	ld	r20, X+
    135a:	5c 91       	ld	r21, X
    135c:	11 97       	sbiw	r26, 0x01	; 1
    135e:	55 83       	std	Z+5, r21	; 0x05
    1360:	44 83       	std	Z+4, r20	; 0x04
    1362:	11 96       	adiw	r26, 0x01	; 1
    1364:	1c 92       	st	X, r1
    1366:	1e 92       	st	-X, r1
    1368:	b7 83       	std	Z+7, r27	; 0x07
    136a:	a6 83       	std	Z+6, r26	; 0x06
    136c:	06 80       	ldd	r0, Z+6	; 0x06
    136e:	f7 81       	ldd	r31, Z+7	; 0x07
    1370:	e0 2d       	mov	r30, r0
    1372:	73 83       	std	Z+3, r23	; 0x03
    1374:	62 83       	std	Z+2, r22	; 0x02
    1376:	31 83       	std	Z+1, r19	; 0x01
    1378:	20 83       	st	Z, r18
    137a:	df 91       	pop	r29
    137c:	cf 91       	pop	r28
    137e:	0c 94 c4 09 	jmp	0x1388	; 0x1388 <osEE_change_context_from_running>
    1382:	57 83       	std	Z+7, r21	; 0x07
    1384:	46 83       	std	Z+6, r20	; 0x06
    1386:	f2 cf       	rjmp	.-28     	; 0x136c <osEE_scheduler_task_set_running+0x54>

00001388 <osEE_change_context_from_running>:
    1388:	fb 01       	movw	r30, r22
    138a:	dc 01       	movw	r26, r24
    138c:	12 96       	adiw	r26, 0x02	; 2
    138e:	4d 91       	ld	r20, X+
    1390:	5c 91       	ld	r21, X
    1392:	62 81       	ldd	r22, Z+2	; 0x02
    1394:	73 81       	ldd	r23, Z+3	; 0x03
    1396:	a4 81       	ldd	r26, Z+4	; 0x04
    1398:	b5 81       	ldd	r27, Z+5	; 0x05
    139a:	12 96       	adiw	r26, 0x02	; 2
    139c:	8d 91       	ld	r24, X+
    139e:	9c 91       	ld	r25, X
    13a0:	02 97       	sbiw	r24, 0x02	; 2
    13a2:	19 f4       	brne	.+6      	; 0x13aa <osEE_change_context_from_running+0x22>
    13a4:	cf 01       	movw	r24, r30
    13a6:	0c 94 60 00 	jmp	0xc0	; 0xc0 <osEE_hal_save_ctx_and_restore_ctx>
    13aa:	cf 01       	movw	r24, r30
    13ac:	0c 94 a8 00 	jmp	0x150	; 0x150 <osEE_hal_save_ctx_and_ready2stacked>

000013b0 <osEE_change_context_from_task_end>:
    13b0:	cb 01       	movw	r24, r22
    13b2:	db 01       	movw	r26, r22
    13b4:	12 96       	adiw	r26, 0x02	; 2
    13b6:	6d 91       	ld	r22, X+
    13b8:	7c 91       	ld	r23, X
    13ba:	13 97       	sbiw	r26, 0x03	; 3
    13bc:	14 96       	adiw	r26, 0x04	; 4
    13be:	ed 91       	ld	r30, X+
    13c0:	fc 91       	ld	r31, X
    13c2:	22 81       	ldd	r18, Z+2	; 0x02
    13c4:	33 81       	ldd	r19, Z+3	; 0x03
    13c6:	22 30       	cpi	r18, 0x02	; 2
    13c8:	31 05       	cpc	r19, r1
    13ca:	11 f4       	brne	.+4      	; 0x13d0 <osEE_change_context_from_task_end+0x20>
    13cc:	0c 94 80 00 	jmp	0x100	; 0x100 <osEE_hal_restore_ctx>
    13d0:	0c 94 a0 00 	jmp	0x140	; 0x140 <osEE_hal_ready2stacked>

000013d4 <osEE_idle_task_terminate>:
    13d4:	dc 01       	movw	r26, r24
    13d6:	12 96       	adiw	r26, 0x02	; 2
    13d8:	6d 91       	ld	r22, X+
    13da:	7c 91       	ld	r23, X
    13dc:	13 97       	sbiw	r26, 0x03	; 3
    13de:	ed 91       	ld	r30, X+
    13e0:	fc 91       	ld	r31, X
    13e2:	40 81       	ld	r20, Z
    13e4:	51 81       	ldd	r21, Z+1	; 0x01
    13e6:	db 01       	movw	r26, r22
    13e8:	ed 91       	ld	r30, X+
    13ea:	fc 91       	ld	r31, X
    13ec:	22 89       	ldd	r18, Z+18	; 0x12
    13ee:	33 89       	ldd	r19, Z+19	; 0x13
    13f0:	21 15       	cp	r18, r1
    13f2:	31 05       	cpc	r19, r1
    13f4:	19 f0       	breq	.+6      	; 0x13fc <osEE_idle_task_terminate+0x28>
    13f6:	42 17       	cp	r20, r18
    13f8:	53 07       	cpc	r21, r19
    13fa:	29 f4       	brne	.+10     	; 0x1406 <osEE_idle_task_terminate+0x32>
    13fc:	db 01       	movw	r26, r22
    13fe:	ed 93       	st	X+, r30
    1400:	fc 93       	st	X, r31
    1402:	0c 94 80 00 	jmp	0x100	; 0x100 <osEE_hal_restore_ctx>
    1406:	f9 01       	movw	r30, r18
    1408:	f1 cf       	rjmp	.-30     	; 0x13ec <osEE_idle_task_terminate+0x18>

0000140a <osEE_scheduler_task_end>:
    140a:	cf 93       	push	r28
    140c:	df 93       	push	r29
    140e:	00 d0       	rcall	.+0      	; 0x1410 <osEE_scheduler_task_end+0x6>
    1410:	cd b7       	in	r28, 0x3d	; 61
    1412:	de b7       	in	r29, 0x3e	; 62
    1414:	be 01       	movw	r22, r28
    1416:	6f 5f       	subi	r22, 0xFF	; 255
    1418:	7f 4f       	sbci	r23, 0xFF	; 255
    141a:	89 e1       	ldi	r24, 0x19	; 25
    141c:	93 e0       	ldi	r25, 0x03	; 3
    141e:	0e 94 05 09 	call	0x120a	; 0x120a <osEE_scheduler_task_terminated>
    1422:	bc 01       	movw	r22, r24
    1424:	89 81       	ldd	r24, Y+1	; 0x01
    1426:	9a 81       	ldd	r25, Y+2	; 0x02
    1428:	0e 94 d8 09 	call	0x13b0	; 0x13b0 <osEE_change_context_from_task_end>
    142c:	0f 90       	pop	r0
    142e:	0f 90       	pop	r0
    1430:	df 91       	pop	r29
    1432:	cf 91       	pop	r28
    1434:	08 95       	ret

00001436 <__vector_default>:
    1436:	f8 94       	cli
    1438:	ff cf       	rjmp	.-2      	; 0x1438 <__vector_default+0x2>

0000143a <osEE_atmega_intvect>:
    143a:	e6 e3       	ldi	r30, 0x36	; 54
    143c:	08 95       	ret

0000143e <__vector_11>:
    143e:	8f 93       	push	r24
    1440:	9f 93       	push	r25
    1442:	80 e0       	ldi	r24, 0x00	; 0
    1444:	0e 94 27 0a 	call	0x144e	; 0x144e <osEE_avr8_isr2_stub>
    1448:	9f 91       	pop	r25
    144a:	8f 91       	pop	r24
    144c:	18 95       	reti

0000144e <osEE_avr8_isr2_stub>:
    144e:	1f 92       	push	r1
    1450:	0f 92       	push	r0
    1452:	0f b6       	in	r0, 0x3f	; 63
    1454:	0f 92       	push	r0
    1456:	11 24       	eor	r1, r1
    1458:	2f 93       	push	r18
    145a:	3f 93       	push	r19
    145c:	4f 93       	push	r20
    145e:	5f 93       	push	r21
    1460:	6f 93       	push	r22
    1462:	7f 93       	push	r23
    1464:	af 93       	push	r26
    1466:	bf 93       	push	r27
    1468:	ef 93       	push	r30
    146a:	ff 93       	push	r31
    146c:	0e 94 65 08 	call	0x10ca	; 0x10ca <osEE_activate_isr2>
    1470:	ff 91       	pop	r31
    1472:	ef 91       	pop	r30
    1474:	bf 91       	pop	r27
    1476:	af 91       	pop	r26
    1478:	7f 91       	pop	r23
    147a:	6f 91       	pop	r22
    147c:	5f 91       	pop	r21
    147e:	4f 91       	pop	r20
    1480:	3f 91       	pop	r19
    1482:	2f 91       	pop	r18
    1484:	0f 90       	pop	r0
    1486:	0f be       	out	0x3f, r0	; 63
    1488:	0f 90       	pop	r0
    148a:	1f 90       	pop	r1
    148c:	08 95       	ret

0000148e <__udivmodsi4>:
    148e:	a1 e2       	ldi	r26, 0x21	; 33
    1490:	1a 2e       	mov	r1, r26
    1492:	aa 1b       	sub	r26, r26
    1494:	bb 1b       	sub	r27, r27
    1496:	fd 01       	movw	r30, r26
    1498:	0d c0       	rjmp	.+26     	; 0x14b4 <__udivmodsi4_ep>

0000149a <__udivmodsi4_loop>:
    149a:	aa 1f       	adc	r26, r26
    149c:	bb 1f       	adc	r27, r27
    149e:	ee 1f       	adc	r30, r30
    14a0:	ff 1f       	adc	r31, r31
    14a2:	a2 17       	cp	r26, r18
    14a4:	b3 07       	cpc	r27, r19
    14a6:	e4 07       	cpc	r30, r20
    14a8:	f5 07       	cpc	r31, r21
    14aa:	20 f0       	brcs	.+8      	; 0x14b4 <__udivmodsi4_ep>
    14ac:	a2 1b       	sub	r26, r18
    14ae:	b3 0b       	sbc	r27, r19
    14b0:	e4 0b       	sbc	r30, r20
    14b2:	f5 0b       	sbc	r31, r21

000014b4 <__udivmodsi4_ep>:
    14b4:	66 1f       	adc	r22, r22
    14b6:	77 1f       	adc	r23, r23
    14b8:	88 1f       	adc	r24, r24
    14ba:	99 1f       	adc	r25, r25
    14bc:	1a 94       	dec	r1
    14be:	69 f7       	brne	.-38     	; 0x149a <__udivmodsi4_loop>
    14c0:	60 95       	com	r22
    14c2:	70 95       	com	r23
    14c4:	80 95       	com	r24
    14c6:	90 95       	com	r25
    14c8:	9b 01       	movw	r18, r22
    14ca:	ac 01       	movw	r20, r24
    14cc:	bd 01       	movw	r22, r26
    14ce:	cf 01       	movw	r24, r30
    14d0:	08 95       	ret

000014d2 <__tablejump2__>:
    14d2:	ee 0f       	add	r30, r30
    14d4:	ff 1f       	adc	r31, r31
    14d6:	05 90       	lpm	r0, Z+
    14d8:	f4 91       	lpm	r31, Z
    14da:	e0 2d       	mov	r30, r0
    14dc:	09 94       	ijmp

000014de <vsnprintf>:
    14de:	ae e0       	ldi	r26, 0x0E	; 14
    14e0:	b0 e0       	ldi	r27, 0x00	; 0
    14e2:	e5 e7       	ldi	r30, 0x75	; 117
    14e4:	fa e0       	ldi	r31, 0x0A	; 10
    14e6:	0c 94 27 0d 	jmp	0x1a4e	; 0x1a4e <__prologue_saves__+0x1c>
    14ea:	8c 01       	movw	r16, r24
    14ec:	fa 01       	movw	r30, r20
    14ee:	86 e0       	ldi	r24, 0x06	; 6
    14f0:	8c 83       	std	Y+4, r24	; 0x04
    14f2:	1a 83       	std	Y+2, r17	; 0x02
    14f4:	09 83       	std	Y+1, r16	; 0x01
    14f6:	77 ff       	sbrs	r23, 7
    14f8:	02 c0       	rjmp	.+4      	; 0x14fe <vsnprintf+0x20>
    14fa:	60 e0       	ldi	r22, 0x00	; 0
    14fc:	70 e8       	ldi	r23, 0x80	; 128
    14fe:	61 50       	subi	r22, 0x01	; 1
    1500:	71 09       	sbc	r23, r1
    1502:	7e 83       	std	Y+6, r23	; 0x06
    1504:	6d 83       	std	Y+5, r22	; 0x05
    1506:	a9 01       	movw	r20, r18
    1508:	bf 01       	movw	r22, r30
    150a:	ce 01       	movw	r24, r28
    150c:	01 96       	adiw	r24, 0x01	; 1
    150e:	0e 94 9b 0a 	call	0x1536	; 0x1536 <vfprintf>
    1512:	4d 81       	ldd	r20, Y+5	; 0x05
    1514:	5e 81       	ldd	r21, Y+6	; 0x06
    1516:	57 fd       	sbrc	r21, 7
    1518:	0a c0       	rjmp	.+20     	; 0x152e <vsnprintf+0x50>
    151a:	2f 81       	ldd	r18, Y+7	; 0x07
    151c:	38 85       	ldd	r19, Y+8	; 0x08
    151e:	42 17       	cp	r20, r18
    1520:	53 07       	cpc	r21, r19
    1522:	0c f4       	brge	.+2      	; 0x1526 <vsnprintf+0x48>
    1524:	9a 01       	movw	r18, r20
    1526:	02 0f       	add	r16, r18
    1528:	13 1f       	adc	r17, r19
    152a:	f8 01       	movw	r30, r16
    152c:	10 82       	st	Z, r1
    152e:	2e 96       	adiw	r28, 0x0e	; 14
    1530:	e4 e0       	ldi	r30, 0x04	; 4
    1532:	0c 94 43 0d 	jmp	0x1a86	; 0x1a86 <__epilogue_restores__+0x1c>

00001536 <vfprintf>:
    1536:	ab e0       	ldi	r26, 0x0B	; 11
    1538:	b0 e0       	ldi	r27, 0x00	; 0
    153a:	e1 ea       	ldi	r30, 0xA1	; 161
    153c:	fa e0       	ldi	r31, 0x0A	; 10
    153e:	0c 94 19 0d 	jmp	0x1a32	; 0x1a32 <__prologue_saves__>
    1542:	7c 01       	movw	r14, r24
    1544:	3b 01       	movw	r6, r22
    1546:	8a 01       	movw	r16, r20
    1548:	fc 01       	movw	r30, r24
    154a:	17 82       	std	Z+7, r1	; 0x07
    154c:	16 82       	std	Z+6, r1	; 0x06
    154e:	83 81       	ldd	r24, Z+3	; 0x03
    1550:	81 ff       	sbrs	r24, 1
    1552:	c8 c1       	rjmp	.+912    	; 0x18e4 <vfprintf+0x3ae>
    1554:	ce 01       	movw	r24, r28
    1556:	01 96       	adiw	r24, 0x01	; 1
    1558:	5c 01       	movw	r10, r24
    155a:	f7 01       	movw	r30, r14
    155c:	93 81       	ldd	r25, Z+3	; 0x03
    155e:	f3 01       	movw	r30, r6
    1560:	93 fd       	sbrc	r25, 3
    1562:	85 91       	lpm	r24, Z+
    1564:	93 ff       	sbrs	r25, 3
    1566:	81 91       	ld	r24, Z+
    1568:	3f 01       	movw	r6, r30
    156a:	88 23       	and	r24, r24
    156c:	09 f4       	brne	.+2      	; 0x1570 <vfprintf+0x3a>
    156e:	53 c1       	rjmp	.+678    	; 0x1816 <vfprintf+0x2e0>
    1570:	85 32       	cpi	r24, 0x25	; 37
    1572:	39 f4       	brne	.+14     	; 0x1582 <vfprintf+0x4c>
    1574:	93 fd       	sbrc	r25, 3
    1576:	85 91       	lpm	r24, Z+
    1578:	93 ff       	sbrs	r25, 3
    157a:	81 91       	ld	r24, Z+
    157c:	3f 01       	movw	r6, r30
    157e:	85 32       	cpi	r24, 0x25	; 37
    1580:	29 f4       	brne	.+10     	; 0x158c <vfprintf+0x56>
    1582:	b7 01       	movw	r22, r14
    1584:	90 e0       	ldi	r25, 0x00	; 0
    1586:	0e 94 8b 0c 	call	0x1916	; 0x1916 <fputc>
    158a:	e7 cf       	rjmp	.-50     	; 0x155a <vfprintf+0x24>
    158c:	91 2c       	mov	r9, r1
    158e:	21 2c       	mov	r2, r1
    1590:	31 2c       	mov	r3, r1
    1592:	ff e1       	ldi	r31, 0x1F	; 31
    1594:	f3 15       	cp	r31, r3
    1596:	38 f0       	brcs	.+14     	; 0x15a6 <vfprintf+0x70>
    1598:	8b 32       	cpi	r24, 0x2B	; 43
    159a:	11 f1       	breq	.+68     	; 0x15e0 <vfprintf+0xaa>
    159c:	90 f4       	brcc	.+36     	; 0x15c2 <vfprintf+0x8c>
    159e:	80 32       	cpi	r24, 0x20	; 32
    15a0:	09 f1       	breq	.+66     	; 0x15e4 <vfprintf+0xae>
    15a2:	83 32       	cpi	r24, 0x23	; 35
    15a4:	29 f1       	breq	.+74     	; 0x15f0 <vfprintf+0xba>
    15a6:	37 fc       	sbrc	r3, 7
    15a8:	3c c0       	rjmp	.+120    	; 0x1622 <vfprintf+0xec>
    15aa:	20 ed       	ldi	r18, 0xD0	; 208
    15ac:	28 0f       	add	r18, r24
    15ae:	2a 30       	cpi	r18, 0x0A	; 10
    15b0:	50 f5       	brcc	.+84     	; 0x1606 <vfprintf+0xd0>
    15b2:	36 fe       	sbrs	r3, 6
    15b4:	20 c0       	rjmp	.+64     	; 0x15f6 <vfprintf+0xc0>
    15b6:	8a e0       	ldi	r24, 0x0A	; 10
    15b8:	98 9e       	mul	r9, r24
    15ba:	20 0d       	add	r18, r0
    15bc:	11 24       	eor	r1, r1
    15be:	92 2e       	mov	r9, r18
    15c0:	06 c0       	rjmp	.+12     	; 0x15ce <vfprintf+0x98>
    15c2:	8d 32       	cpi	r24, 0x2D	; 45
    15c4:	91 f0       	breq	.+36     	; 0x15ea <vfprintf+0xb4>
    15c6:	80 33       	cpi	r24, 0x30	; 48
    15c8:	71 f7       	brne	.-36     	; 0x15a6 <vfprintf+0x70>
    15ca:	68 94       	set
    15cc:	30 f8       	bld	r3, 0
    15ce:	f3 01       	movw	r30, r6
    15d0:	93 fd       	sbrc	r25, 3
    15d2:	85 91       	lpm	r24, Z+
    15d4:	93 ff       	sbrs	r25, 3
    15d6:	81 91       	ld	r24, Z+
    15d8:	3f 01       	movw	r6, r30
    15da:	81 11       	cpse	r24, r1
    15dc:	da cf       	rjmp	.-76     	; 0x1592 <vfprintf+0x5c>
    15de:	21 c0       	rjmp	.+66     	; 0x1622 <vfprintf+0xec>
    15e0:	68 94       	set
    15e2:	31 f8       	bld	r3, 1
    15e4:	68 94       	set
    15e6:	32 f8       	bld	r3, 2
    15e8:	f2 cf       	rjmp	.-28     	; 0x15ce <vfprintf+0x98>
    15ea:	68 94       	set
    15ec:	33 f8       	bld	r3, 3
    15ee:	ef cf       	rjmp	.-34     	; 0x15ce <vfprintf+0x98>
    15f0:	68 94       	set
    15f2:	34 f8       	bld	r3, 4
    15f4:	ec cf       	rjmp	.-40     	; 0x15ce <vfprintf+0x98>
    15f6:	ea e0       	ldi	r30, 0x0A	; 10
    15f8:	2e 9e       	mul	r2, r30
    15fa:	20 0d       	add	r18, r0
    15fc:	11 24       	eor	r1, r1
    15fe:	22 2e       	mov	r2, r18
    1600:	68 94       	set
    1602:	35 f8       	bld	r3, 5
    1604:	e4 cf       	rjmp	.-56     	; 0x15ce <vfprintf+0x98>
    1606:	8e 32       	cpi	r24, 0x2E	; 46
    1608:	29 f4       	brne	.+10     	; 0x1614 <vfprintf+0xde>
    160a:	36 fc       	sbrc	r3, 6
    160c:	04 c1       	rjmp	.+520    	; 0x1816 <vfprintf+0x2e0>
    160e:	68 94       	set
    1610:	36 f8       	bld	r3, 6
    1612:	dd cf       	rjmp	.-70     	; 0x15ce <vfprintf+0x98>
    1614:	8c 36       	cpi	r24, 0x6C	; 108
    1616:	19 f4       	brne	.+6      	; 0x161e <vfprintf+0xe8>
    1618:	68 94       	set
    161a:	37 f8       	bld	r3, 7
    161c:	d8 cf       	rjmp	.-80     	; 0x15ce <vfprintf+0x98>
    161e:	88 36       	cpi	r24, 0x68	; 104
    1620:	b1 f2       	breq	.-84     	; 0x15ce <vfprintf+0x98>
    1622:	98 2f       	mov	r25, r24
    1624:	9f 7d       	andi	r25, 0xDF	; 223
    1626:	95 54       	subi	r25, 0x45	; 69
    1628:	93 30       	cpi	r25, 0x03	; 3
    162a:	e0 f0       	brcs	.+56     	; 0x1664 <vfprintf+0x12e>
    162c:	83 36       	cpi	r24, 0x63	; 99
    162e:	a1 f1       	breq	.+104    	; 0x1698 <vfprintf+0x162>
    1630:	83 37       	cpi	r24, 0x73	; 115
    1632:	c1 f1       	breq	.+112    	; 0x16a4 <vfprintf+0x16e>
    1634:	83 35       	cpi	r24, 0x53	; 83
    1636:	09 f0       	breq	.+2      	; 0x163a <vfprintf+0x104>
    1638:	63 c0       	rjmp	.+198    	; 0x1700 <vfprintf+0x1ca>
    163a:	28 01       	movw	r4, r16
    163c:	f2 e0       	ldi	r31, 0x02	; 2
    163e:	4f 0e       	add	r4, r31
    1640:	51 1c       	adc	r5, r1
    1642:	f8 01       	movw	r30, r16
    1644:	c0 80       	ld	r12, Z
    1646:	d1 80       	ldd	r13, Z+1	; 0x01
    1648:	69 2d       	mov	r22, r9
    164a:	70 e0       	ldi	r23, 0x00	; 0
    164c:	36 fc       	sbrc	r3, 6
    164e:	02 c0       	rjmp	.+4      	; 0x1654 <vfprintf+0x11e>
    1650:	6f ef       	ldi	r22, 0xFF	; 255
    1652:	7f ef       	ldi	r23, 0xFF	; 255
    1654:	c6 01       	movw	r24, r12
    1656:	0e 94 75 0c 	call	0x18ea	; 0x18ea <strnlen_P>
    165a:	4c 01       	movw	r8, r24
    165c:	68 94       	set
    165e:	37 f8       	bld	r3, 7
    1660:	82 01       	movw	r16, r4
    1662:	0a c0       	rjmp	.+20     	; 0x1678 <vfprintf+0x142>
    1664:	0c 5f       	subi	r16, 0xFC	; 252
    1666:	1f 4f       	sbci	r17, 0xFF	; 255
    1668:	ff e3       	ldi	r31, 0x3F	; 63
    166a:	f9 83       	std	Y+1, r31	; 0x01
    166c:	88 24       	eor	r8, r8
    166e:	83 94       	inc	r8
    1670:	91 2c       	mov	r9, r1
    1672:	65 01       	movw	r12, r10
    1674:	e8 94       	clt
    1676:	37 f8       	bld	r3, 7
    1678:	33 fe       	sbrs	r3, 3
    167a:	2d c0       	rjmp	.+90     	; 0x16d6 <vfprintf+0x1a0>
    167c:	52 2c       	mov	r5, r2
    167e:	81 14       	cp	r8, r1
    1680:	91 04       	cpc	r9, r1
    1682:	71 f5       	brne	.+92     	; 0x16e0 <vfprintf+0x1aa>
    1684:	55 20       	and	r5, r5
    1686:	09 f4       	brne	.+2      	; 0x168a <vfprintf+0x154>
    1688:	68 cf       	rjmp	.-304    	; 0x155a <vfprintf+0x24>
    168a:	b7 01       	movw	r22, r14
    168c:	80 e2       	ldi	r24, 0x20	; 32
    168e:	90 e0       	ldi	r25, 0x00	; 0
    1690:	0e 94 8b 0c 	call	0x1916	; 0x1916 <fputc>
    1694:	5a 94       	dec	r5
    1696:	f6 cf       	rjmp	.-20     	; 0x1684 <vfprintf+0x14e>
    1698:	f8 01       	movw	r30, r16
    169a:	80 81       	ld	r24, Z
    169c:	89 83       	std	Y+1, r24	; 0x01
    169e:	0e 5f       	subi	r16, 0xFE	; 254
    16a0:	1f 4f       	sbci	r17, 0xFF	; 255
    16a2:	e4 cf       	rjmp	.-56     	; 0x166c <vfprintf+0x136>
    16a4:	28 01       	movw	r4, r16
    16a6:	f2 e0       	ldi	r31, 0x02	; 2
    16a8:	4f 0e       	add	r4, r31
    16aa:	51 1c       	adc	r5, r1
    16ac:	f8 01       	movw	r30, r16
    16ae:	c0 80       	ld	r12, Z
    16b0:	d1 80       	ldd	r13, Z+1	; 0x01
    16b2:	69 2d       	mov	r22, r9
    16b4:	70 e0       	ldi	r23, 0x00	; 0
    16b6:	36 fc       	sbrc	r3, 6
    16b8:	02 c0       	rjmp	.+4      	; 0x16be <vfprintf+0x188>
    16ba:	6f ef       	ldi	r22, 0xFF	; 255
    16bc:	7f ef       	ldi	r23, 0xFF	; 255
    16be:	c6 01       	movw	r24, r12
    16c0:	0e 94 80 0c 	call	0x1900	; 0x1900 <strnlen>
    16c4:	4c 01       	movw	r8, r24
    16c6:	82 01       	movw	r16, r4
    16c8:	d5 cf       	rjmp	.-86     	; 0x1674 <vfprintf+0x13e>
    16ca:	b7 01       	movw	r22, r14
    16cc:	80 e2       	ldi	r24, 0x20	; 32
    16ce:	90 e0       	ldi	r25, 0x00	; 0
    16d0:	0e 94 8b 0c 	call	0x1916	; 0x1916 <fputc>
    16d4:	2a 94       	dec	r2
    16d6:	28 14       	cp	r2, r8
    16d8:	19 04       	cpc	r1, r9
    16da:	09 f0       	breq	.+2      	; 0x16de <vfprintf+0x1a8>
    16dc:	b0 f7       	brcc	.-20     	; 0x16ca <vfprintf+0x194>
    16de:	ce cf       	rjmp	.-100    	; 0x167c <vfprintf+0x146>
    16e0:	f6 01       	movw	r30, r12
    16e2:	37 fc       	sbrc	r3, 7
    16e4:	85 91       	lpm	r24, Z+
    16e6:	37 fe       	sbrs	r3, 7
    16e8:	81 91       	ld	r24, Z+
    16ea:	6f 01       	movw	r12, r30
    16ec:	b7 01       	movw	r22, r14
    16ee:	90 e0       	ldi	r25, 0x00	; 0
    16f0:	0e 94 8b 0c 	call	0x1916	; 0x1916 <fputc>
    16f4:	51 10       	cpse	r5, r1
    16f6:	5a 94       	dec	r5
    16f8:	f1 e0       	ldi	r31, 0x01	; 1
    16fa:	8f 1a       	sub	r8, r31
    16fc:	91 08       	sbc	r9, r1
    16fe:	bf cf       	rjmp	.-130    	; 0x167e <vfprintf+0x148>
    1700:	84 36       	cpi	r24, 0x64	; 100
    1702:	19 f0       	breq	.+6      	; 0x170a <vfprintf+0x1d4>
    1704:	89 36       	cpi	r24, 0x69	; 105
    1706:	09 f0       	breq	.+2      	; 0x170a <vfprintf+0x1d4>
    1708:	77 c0       	rjmp	.+238    	; 0x17f8 <vfprintf+0x2c2>
    170a:	f8 01       	movw	r30, r16
    170c:	37 fe       	sbrs	r3, 7
    170e:	6b c0       	rjmp	.+214    	; 0x17e6 <vfprintf+0x2b0>
    1710:	60 81       	ld	r22, Z
    1712:	71 81       	ldd	r23, Z+1	; 0x01
    1714:	82 81       	ldd	r24, Z+2	; 0x02
    1716:	93 81       	ldd	r25, Z+3	; 0x03
    1718:	0c 5f       	subi	r16, 0xFC	; 252
    171a:	1f 4f       	sbci	r17, 0xFF	; 255
    171c:	f3 2d       	mov	r31, r3
    171e:	ff 76       	andi	r31, 0x6F	; 111
    1720:	3f 2e       	mov	r3, r31
    1722:	97 ff       	sbrs	r25, 7
    1724:	09 c0       	rjmp	.+18     	; 0x1738 <vfprintf+0x202>
    1726:	90 95       	com	r25
    1728:	80 95       	com	r24
    172a:	70 95       	com	r23
    172c:	61 95       	neg	r22
    172e:	7f 4f       	sbci	r23, 0xFF	; 255
    1730:	8f 4f       	sbci	r24, 0xFF	; 255
    1732:	9f 4f       	sbci	r25, 0xFF	; 255
    1734:	68 94       	set
    1736:	37 f8       	bld	r3, 7
    1738:	2a e0       	ldi	r18, 0x0A	; 10
    173a:	30 e0       	ldi	r19, 0x00	; 0
    173c:	a5 01       	movw	r20, r10
    173e:	0e 94 bb 0c 	call	0x1976	; 0x1976 <__ultoa_invert>
    1742:	c8 2e       	mov	r12, r24
    1744:	ca 18       	sub	r12, r10
    1746:	8c 2c       	mov	r8, r12
    1748:	43 2c       	mov	r4, r3
    174a:	36 fe       	sbrs	r3, 6
    174c:	0c c0       	rjmp	.+24     	; 0x1766 <vfprintf+0x230>
    174e:	e8 94       	clt
    1750:	40 f8       	bld	r4, 0
    1752:	c9 14       	cp	r12, r9
    1754:	40 f4       	brcc	.+16     	; 0x1766 <vfprintf+0x230>
    1756:	34 fe       	sbrs	r3, 4
    1758:	05 c0       	rjmp	.+10     	; 0x1764 <vfprintf+0x22e>
    175a:	32 fc       	sbrc	r3, 2
    175c:	03 c0       	rjmp	.+6      	; 0x1764 <vfprintf+0x22e>
    175e:	f3 2d       	mov	r31, r3
    1760:	fe 7e       	andi	r31, 0xEE	; 238
    1762:	4f 2e       	mov	r4, r31
    1764:	89 2c       	mov	r8, r9
    1766:	44 fe       	sbrs	r4, 4
    1768:	95 c0       	rjmp	.+298    	; 0x1894 <vfprintf+0x35e>
    176a:	fe 01       	movw	r30, r28
    176c:	ec 0d       	add	r30, r12
    176e:	f1 1d       	adc	r31, r1
    1770:	80 81       	ld	r24, Z
    1772:	80 33       	cpi	r24, 0x30	; 48
    1774:	09 f0       	breq	.+2      	; 0x1778 <vfprintf+0x242>
    1776:	87 c0       	rjmp	.+270    	; 0x1886 <vfprintf+0x350>
    1778:	24 2d       	mov	r18, r4
    177a:	29 7e       	andi	r18, 0xE9	; 233
    177c:	42 2e       	mov	r4, r18
    177e:	84 2d       	mov	r24, r4
    1780:	88 70       	andi	r24, 0x08	; 8
    1782:	58 2e       	mov	r5, r24
    1784:	43 fc       	sbrc	r4, 3
    1786:	95 c0       	rjmp	.+298    	; 0x18b2 <vfprintf+0x37c>
    1788:	40 fe       	sbrs	r4, 0
    178a:	8f c0       	rjmp	.+286    	; 0x18aa <vfprintf+0x374>
    178c:	9c 2c       	mov	r9, r12
    178e:	82 14       	cp	r8, r2
    1790:	18 f4       	brcc	.+6      	; 0x1798 <vfprintf+0x262>
    1792:	2c 0c       	add	r2, r12
    1794:	92 2c       	mov	r9, r2
    1796:	98 18       	sub	r9, r8
    1798:	44 fe       	sbrs	r4, 4
    179a:	91 c0       	rjmp	.+290    	; 0x18be <vfprintf+0x388>
    179c:	b7 01       	movw	r22, r14
    179e:	80 e3       	ldi	r24, 0x30	; 48
    17a0:	90 e0       	ldi	r25, 0x00	; 0
    17a2:	0e 94 8b 0c 	call	0x1916	; 0x1916 <fputc>
    17a6:	42 fe       	sbrs	r4, 2
    17a8:	09 c0       	rjmp	.+18     	; 0x17bc <vfprintf+0x286>
    17aa:	88 e7       	ldi	r24, 0x78	; 120
    17ac:	90 e0       	ldi	r25, 0x00	; 0
    17ae:	41 fe       	sbrs	r4, 1
    17b0:	02 c0       	rjmp	.+4      	; 0x17b6 <vfprintf+0x280>
    17b2:	88 e5       	ldi	r24, 0x58	; 88
    17b4:	90 e0       	ldi	r25, 0x00	; 0
    17b6:	b7 01       	movw	r22, r14
    17b8:	0e 94 8b 0c 	call	0x1916	; 0x1916 <fputc>
    17bc:	c9 14       	cp	r12, r9
    17be:	08 f4       	brcc	.+2      	; 0x17c2 <vfprintf+0x28c>
    17c0:	8a c0       	rjmp	.+276    	; 0x18d6 <vfprintf+0x3a0>
    17c2:	ca 94       	dec	r12
    17c4:	d1 2c       	mov	r13, r1
    17c6:	9f ef       	ldi	r25, 0xFF	; 255
    17c8:	c9 1a       	sub	r12, r25
    17ca:	d9 0a       	sbc	r13, r25
    17cc:	ca 0c       	add	r12, r10
    17ce:	db 1c       	adc	r13, r11
    17d0:	f6 01       	movw	r30, r12
    17d2:	82 91       	ld	r24, -Z
    17d4:	6f 01       	movw	r12, r30
    17d6:	b7 01       	movw	r22, r14
    17d8:	90 e0       	ldi	r25, 0x00	; 0
    17da:	0e 94 8b 0c 	call	0x1916	; 0x1916 <fputc>
    17de:	ac 14       	cp	r10, r12
    17e0:	bd 04       	cpc	r11, r13
    17e2:	b1 f7       	brne	.-20     	; 0x17d0 <vfprintf+0x29a>
    17e4:	4f cf       	rjmp	.-354    	; 0x1684 <vfprintf+0x14e>
    17e6:	60 81       	ld	r22, Z
    17e8:	71 81       	ldd	r23, Z+1	; 0x01
    17ea:	07 2e       	mov	r0, r23
    17ec:	00 0c       	add	r0, r0
    17ee:	88 0b       	sbc	r24, r24
    17f0:	99 0b       	sbc	r25, r25
    17f2:	0e 5f       	subi	r16, 0xFE	; 254
    17f4:	1f 4f       	sbci	r17, 0xFF	; 255
    17f6:	92 cf       	rjmp	.-220    	; 0x171c <vfprintf+0x1e6>
    17f8:	d3 2c       	mov	r13, r3
    17fa:	e8 94       	clt
    17fc:	d4 f8       	bld	r13, 4
    17fe:	2a e0       	ldi	r18, 0x0A	; 10
    1800:	30 e0       	ldi	r19, 0x00	; 0
    1802:	85 37       	cpi	r24, 0x75	; 117
    1804:	39 f1       	breq	.+78     	; 0x1854 <vfprintf+0x31e>
    1806:	23 2d       	mov	r18, r3
    1808:	29 7f       	andi	r18, 0xF9	; 249
    180a:	d2 2e       	mov	r13, r18
    180c:	8f 36       	cpi	r24, 0x6F	; 111
    180e:	01 f1       	breq	.+64     	; 0x1850 <vfprintf+0x31a>
    1810:	48 f4       	brcc	.+18     	; 0x1824 <vfprintf+0x2ee>
    1812:	88 35       	cpi	r24, 0x58	; 88
    1814:	a9 f0       	breq	.+42     	; 0x1840 <vfprintf+0x30a>
    1816:	f7 01       	movw	r30, r14
    1818:	86 81       	ldd	r24, Z+6	; 0x06
    181a:	97 81       	ldd	r25, Z+7	; 0x07
    181c:	2b 96       	adiw	r28, 0x0b	; 11
    181e:	e2 e1       	ldi	r30, 0x12	; 18
    1820:	0c 94 35 0d 	jmp	0x1a6a	; 0x1a6a <__epilogue_restores__>
    1824:	80 37       	cpi	r24, 0x70	; 112
    1826:	49 f0       	breq	.+18     	; 0x183a <vfprintf+0x304>
    1828:	88 37       	cpi	r24, 0x78	; 120
    182a:	a9 f7       	brne	.-22     	; 0x1816 <vfprintf+0x2e0>
    182c:	d4 fe       	sbrs	r13, 4
    182e:	02 c0       	rjmp	.+4      	; 0x1834 <vfprintf+0x2fe>
    1830:	68 94       	set
    1832:	d2 f8       	bld	r13, 2
    1834:	20 e1       	ldi	r18, 0x10	; 16
    1836:	30 e0       	ldi	r19, 0x00	; 0
    1838:	0d c0       	rjmp	.+26     	; 0x1854 <vfprintf+0x31e>
    183a:	68 94       	set
    183c:	d4 f8       	bld	r13, 4
    183e:	f6 cf       	rjmp	.-20     	; 0x182c <vfprintf+0x2f6>
    1840:	34 fe       	sbrs	r3, 4
    1842:	03 c0       	rjmp	.+6      	; 0x184a <vfprintf+0x314>
    1844:	82 2f       	mov	r24, r18
    1846:	86 60       	ori	r24, 0x06	; 6
    1848:	d8 2e       	mov	r13, r24
    184a:	20 e1       	ldi	r18, 0x10	; 16
    184c:	32 e0       	ldi	r19, 0x02	; 2
    184e:	02 c0       	rjmp	.+4      	; 0x1854 <vfprintf+0x31e>
    1850:	28 e0       	ldi	r18, 0x08	; 8
    1852:	30 e0       	ldi	r19, 0x00	; 0
    1854:	f8 01       	movw	r30, r16
    1856:	d7 fe       	sbrs	r13, 7
    1858:	0f c0       	rjmp	.+30     	; 0x1878 <vfprintf+0x342>
    185a:	60 81       	ld	r22, Z
    185c:	71 81       	ldd	r23, Z+1	; 0x01
    185e:	82 81       	ldd	r24, Z+2	; 0x02
    1860:	93 81       	ldd	r25, Z+3	; 0x03
    1862:	0c 5f       	subi	r16, 0xFC	; 252
    1864:	1f 4f       	sbci	r17, 0xFF	; 255
    1866:	a5 01       	movw	r20, r10
    1868:	0e 94 bb 0c 	call	0x1976	; 0x1976 <__ultoa_invert>
    186c:	c8 2e       	mov	r12, r24
    186e:	ca 18       	sub	r12, r10
    1870:	3d 2c       	mov	r3, r13
    1872:	e8 94       	clt
    1874:	37 f8       	bld	r3, 7
    1876:	67 cf       	rjmp	.-306    	; 0x1746 <vfprintf+0x210>
    1878:	60 81       	ld	r22, Z
    187a:	71 81       	ldd	r23, Z+1	; 0x01
    187c:	90 e0       	ldi	r25, 0x00	; 0
    187e:	80 e0       	ldi	r24, 0x00	; 0
    1880:	0e 5f       	subi	r16, 0xFE	; 254
    1882:	1f 4f       	sbci	r17, 0xFF	; 255
    1884:	f0 cf       	rjmp	.-32     	; 0x1866 <vfprintf+0x330>
    1886:	42 fc       	sbrc	r4, 2
    1888:	02 c0       	rjmp	.+4      	; 0x188e <vfprintf+0x358>
    188a:	83 94       	inc	r8
    188c:	78 cf       	rjmp	.-272    	; 0x177e <vfprintf+0x248>
    188e:	83 94       	inc	r8
    1890:	83 94       	inc	r8
    1892:	75 cf       	rjmp	.-278    	; 0x177e <vfprintf+0x248>
    1894:	84 2d       	mov	r24, r4
    1896:	86 78       	andi	r24, 0x86	; 134
    1898:	09 f4       	brne	.+2      	; 0x189c <vfprintf+0x366>
    189a:	71 cf       	rjmp	.-286    	; 0x177e <vfprintf+0x248>
    189c:	f6 cf       	rjmp	.-20     	; 0x188a <vfprintf+0x354>
    189e:	b7 01       	movw	r22, r14
    18a0:	80 e2       	ldi	r24, 0x20	; 32
    18a2:	90 e0       	ldi	r25, 0x00	; 0
    18a4:	0e 94 8b 0c 	call	0x1916	; 0x1916 <fputc>
    18a8:	83 94       	inc	r8
    18aa:	82 14       	cp	r8, r2
    18ac:	c0 f3       	brcs	.-16     	; 0x189e <vfprintf+0x368>
    18ae:	51 2c       	mov	r5, r1
    18b0:	73 cf       	rjmp	.-282    	; 0x1798 <vfprintf+0x262>
    18b2:	52 2c       	mov	r5, r2
    18b4:	58 18       	sub	r5, r8
    18b6:	82 14       	cp	r8, r2
    18b8:	08 f4       	brcc	.+2      	; 0x18bc <vfprintf+0x386>
    18ba:	6e cf       	rjmp	.-292    	; 0x1798 <vfprintf+0x262>
    18bc:	f8 cf       	rjmp	.-16     	; 0x18ae <vfprintf+0x378>
    18be:	84 2d       	mov	r24, r4
    18c0:	86 78       	andi	r24, 0x86	; 134
    18c2:	09 f4       	brne	.+2      	; 0x18c6 <vfprintf+0x390>
    18c4:	7b cf       	rjmp	.-266    	; 0x17bc <vfprintf+0x286>
    18c6:	8b e2       	ldi	r24, 0x2B	; 43
    18c8:	41 fe       	sbrs	r4, 1
    18ca:	80 e2       	ldi	r24, 0x20	; 32
    18cc:	47 fc       	sbrc	r4, 7
    18ce:	8d e2       	ldi	r24, 0x2D	; 45
    18d0:	b7 01       	movw	r22, r14
    18d2:	90 e0       	ldi	r25, 0x00	; 0
    18d4:	71 cf       	rjmp	.-286    	; 0x17b8 <vfprintf+0x282>
    18d6:	b7 01       	movw	r22, r14
    18d8:	80 e3       	ldi	r24, 0x30	; 48
    18da:	90 e0       	ldi	r25, 0x00	; 0
    18dc:	0e 94 8b 0c 	call	0x1916	; 0x1916 <fputc>
    18e0:	9a 94       	dec	r9
    18e2:	6c cf       	rjmp	.-296    	; 0x17bc <vfprintf+0x286>
    18e4:	8f ef       	ldi	r24, 0xFF	; 255
    18e6:	9f ef       	ldi	r25, 0xFF	; 255
    18e8:	99 cf       	rjmp	.-206    	; 0x181c <vfprintf+0x2e6>

000018ea <strnlen_P>:
    18ea:	fc 01       	movw	r30, r24
    18ec:	05 90       	lpm	r0, Z+
    18ee:	61 50       	subi	r22, 0x01	; 1
    18f0:	70 40       	sbci	r23, 0x00	; 0
    18f2:	01 10       	cpse	r0, r1
    18f4:	d8 f7       	brcc	.-10     	; 0x18ec <strnlen_P+0x2>
    18f6:	80 95       	com	r24
    18f8:	90 95       	com	r25
    18fa:	8e 0f       	add	r24, r30
    18fc:	9f 1f       	adc	r25, r31
    18fe:	08 95       	ret

00001900 <strnlen>:
    1900:	fc 01       	movw	r30, r24
    1902:	61 50       	subi	r22, 0x01	; 1
    1904:	70 40       	sbci	r23, 0x00	; 0
    1906:	01 90       	ld	r0, Z+
    1908:	01 10       	cpse	r0, r1
    190a:	d8 f7       	brcc	.-10     	; 0x1902 <strnlen+0x2>
    190c:	80 95       	com	r24
    190e:	90 95       	com	r25
    1910:	8e 0f       	add	r24, r30
    1912:	9f 1f       	adc	r25, r31
    1914:	08 95       	ret

00001916 <fputc>:
    1916:	0f 93       	push	r16
    1918:	1f 93       	push	r17
    191a:	cf 93       	push	r28
    191c:	df 93       	push	r29
    191e:	18 2f       	mov	r17, r24
    1920:	09 2f       	mov	r16, r25
    1922:	eb 01       	movw	r28, r22
    1924:	8b 81       	ldd	r24, Y+3	; 0x03
    1926:	81 fd       	sbrc	r24, 1
    1928:	09 c0       	rjmp	.+18     	; 0x193c <fputc+0x26>
    192a:	1f ef       	ldi	r17, 0xFF	; 255
    192c:	0f ef       	ldi	r16, 0xFF	; 255
    192e:	81 2f       	mov	r24, r17
    1930:	90 2f       	mov	r25, r16
    1932:	df 91       	pop	r29
    1934:	cf 91       	pop	r28
    1936:	1f 91       	pop	r17
    1938:	0f 91       	pop	r16
    193a:	08 95       	ret
    193c:	82 ff       	sbrs	r24, 2
    193e:	14 c0       	rjmp	.+40     	; 0x1968 <fputc+0x52>
    1940:	2e 81       	ldd	r18, Y+6	; 0x06
    1942:	3f 81       	ldd	r19, Y+7	; 0x07
    1944:	8c 81       	ldd	r24, Y+4	; 0x04
    1946:	9d 81       	ldd	r25, Y+5	; 0x05
    1948:	28 17       	cp	r18, r24
    194a:	39 07       	cpc	r19, r25
    194c:	3c f4       	brge	.+14     	; 0x195c <fputc+0x46>
    194e:	e8 81       	ld	r30, Y
    1950:	f9 81       	ldd	r31, Y+1	; 0x01
    1952:	cf 01       	movw	r24, r30
    1954:	01 96       	adiw	r24, 0x01	; 1
    1956:	99 83       	std	Y+1, r25	; 0x01
    1958:	88 83       	st	Y, r24
    195a:	10 83       	st	Z, r17
    195c:	8e 81       	ldd	r24, Y+6	; 0x06
    195e:	9f 81       	ldd	r25, Y+7	; 0x07
    1960:	01 96       	adiw	r24, 0x01	; 1
    1962:	9f 83       	std	Y+7, r25	; 0x07
    1964:	8e 83       	std	Y+6, r24	; 0x06
    1966:	e3 cf       	rjmp	.-58     	; 0x192e <fputc+0x18>
    1968:	e8 85       	ldd	r30, Y+8	; 0x08
    196a:	f9 85       	ldd	r31, Y+9	; 0x09
    196c:	81 2f       	mov	r24, r17
    196e:	09 95       	icall
    1970:	89 2b       	or	r24, r25
    1972:	a1 f3       	breq	.-24     	; 0x195c <fputc+0x46>
    1974:	da cf       	rjmp	.-76     	; 0x192a <fputc+0x14>

00001976 <__ultoa_invert>:
    1976:	fa 01       	movw	r30, r20
    1978:	aa 27       	eor	r26, r26
    197a:	28 30       	cpi	r18, 0x08	; 8
    197c:	51 f1       	breq	.+84     	; 0x19d2 <__ultoa_invert+0x5c>
    197e:	20 31       	cpi	r18, 0x10	; 16
    1980:	81 f1       	breq	.+96     	; 0x19e2 <__ultoa_invert+0x6c>
    1982:	e8 94       	clt
    1984:	6f 93       	push	r22
    1986:	6e 7f       	andi	r22, 0xFE	; 254
    1988:	6e 5f       	subi	r22, 0xFE	; 254
    198a:	7f 4f       	sbci	r23, 0xFF	; 255
    198c:	8f 4f       	sbci	r24, 0xFF	; 255
    198e:	9f 4f       	sbci	r25, 0xFF	; 255
    1990:	af 4f       	sbci	r26, 0xFF	; 255
    1992:	b1 e0       	ldi	r27, 0x01	; 1
    1994:	3e d0       	rcall	.+124    	; 0x1a12 <__ultoa_invert+0x9c>
    1996:	b4 e0       	ldi	r27, 0x04	; 4
    1998:	3c d0       	rcall	.+120    	; 0x1a12 <__ultoa_invert+0x9c>
    199a:	67 0f       	add	r22, r23
    199c:	78 1f       	adc	r23, r24
    199e:	89 1f       	adc	r24, r25
    19a0:	9a 1f       	adc	r25, r26
    19a2:	a1 1d       	adc	r26, r1
    19a4:	68 0f       	add	r22, r24
    19a6:	79 1f       	adc	r23, r25
    19a8:	8a 1f       	adc	r24, r26
    19aa:	91 1d       	adc	r25, r1
    19ac:	a1 1d       	adc	r26, r1
    19ae:	6a 0f       	add	r22, r26
    19b0:	71 1d       	adc	r23, r1
    19b2:	81 1d       	adc	r24, r1
    19b4:	91 1d       	adc	r25, r1
    19b6:	a1 1d       	adc	r26, r1
    19b8:	20 d0       	rcall	.+64     	; 0x19fa <__ultoa_invert+0x84>
    19ba:	09 f4       	brne	.+2      	; 0x19be <__ultoa_invert+0x48>
    19bc:	68 94       	set
    19be:	3f 91       	pop	r19
    19c0:	2a e0       	ldi	r18, 0x0A	; 10
    19c2:	26 9f       	mul	r18, r22
    19c4:	11 24       	eor	r1, r1
    19c6:	30 19       	sub	r19, r0
    19c8:	30 5d       	subi	r19, 0xD0	; 208
    19ca:	31 93       	st	Z+, r19
    19cc:	de f6       	brtc	.-74     	; 0x1984 <__ultoa_invert+0xe>
    19ce:	cf 01       	movw	r24, r30
    19d0:	08 95       	ret
    19d2:	46 2f       	mov	r20, r22
    19d4:	47 70       	andi	r20, 0x07	; 7
    19d6:	40 5d       	subi	r20, 0xD0	; 208
    19d8:	41 93       	st	Z+, r20
    19da:	b3 e0       	ldi	r27, 0x03	; 3
    19dc:	0f d0       	rcall	.+30     	; 0x19fc <__ultoa_invert+0x86>
    19de:	c9 f7       	brne	.-14     	; 0x19d2 <__ultoa_invert+0x5c>
    19e0:	f6 cf       	rjmp	.-20     	; 0x19ce <__ultoa_invert+0x58>
    19e2:	46 2f       	mov	r20, r22
    19e4:	4f 70       	andi	r20, 0x0F	; 15
    19e6:	40 5d       	subi	r20, 0xD0	; 208
    19e8:	4a 33       	cpi	r20, 0x3A	; 58
    19ea:	18 f0       	brcs	.+6      	; 0x19f2 <__ultoa_invert+0x7c>
    19ec:	49 5d       	subi	r20, 0xD9	; 217
    19ee:	31 fd       	sbrc	r19, 1
    19f0:	40 52       	subi	r20, 0x20	; 32
    19f2:	41 93       	st	Z+, r20
    19f4:	02 d0       	rcall	.+4      	; 0x19fa <__ultoa_invert+0x84>
    19f6:	a9 f7       	brne	.-22     	; 0x19e2 <__ultoa_invert+0x6c>
    19f8:	ea cf       	rjmp	.-44     	; 0x19ce <__ultoa_invert+0x58>
    19fa:	b4 e0       	ldi	r27, 0x04	; 4
    19fc:	a6 95       	lsr	r26
    19fe:	97 95       	ror	r25
    1a00:	87 95       	ror	r24
    1a02:	77 95       	ror	r23
    1a04:	67 95       	ror	r22
    1a06:	ba 95       	dec	r27
    1a08:	c9 f7       	brne	.-14     	; 0x19fc <__ultoa_invert+0x86>
    1a0a:	00 97       	sbiw	r24, 0x00	; 0
    1a0c:	61 05       	cpc	r22, r1
    1a0e:	71 05       	cpc	r23, r1
    1a10:	08 95       	ret
    1a12:	9b 01       	movw	r18, r22
    1a14:	ac 01       	movw	r20, r24
    1a16:	0a 2e       	mov	r0, r26
    1a18:	06 94       	lsr	r0
    1a1a:	57 95       	ror	r21
    1a1c:	47 95       	ror	r20
    1a1e:	37 95       	ror	r19
    1a20:	27 95       	ror	r18
    1a22:	ba 95       	dec	r27
    1a24:	c9 f7       	brne	.-14     	; 0x1a18 <__ultoa_invert+0xa2>
    1a26:	62 0f       	add	r22, r18
    1a28:	73 1f       	adc	r23, r19
    1a2a:	84 1f       	adc	r24, r20
    1a2c:	95 1f       	adc	r25, r21
    1a2e:	a0 1d       	adc	r26, r0
    1a30:	08 95       	ret

00001a32 <__prologue_saves__>:
    1a32:	2f 92       	push	r2
    1a34:	3f 92       	push	r3
    1a36:	4f 92       	push	r4
    1a38:	5f 92       	push	r5
    1a3a:	6f 92       	push	r6
    1a3c:	7f 92       	push	r7
    1a3e:	8f 92       	push	r8
    1a40:	9f 92       	push	r9
    1a42:	af 92       	push	r10
    1a44:	bf 92       	push	r11
    1a46:	cf 92       	push	r12
    1a48:	df 92       	push	r13
    1a4a:	ef 92       	push	r14
    1a4c:	ff 92       	push	r15
    1a4e:	0f 93       	push	r16
    1a50:	1f 93       	push	r17
    1a52:	cf 93       	push	r28
    1a54:	df 93       	push	r29
    1a56:	cd b7       	in	r28, 0x3d	; 61
    1a58:	de b7       	in	r29, 0x3e	; 62
    1a5a:	ca 1b       	sub	r28, r26
    1a5c:	db 0b       	sbc	r29, r27
    1a5e:	0f b6       	in	r0, 0x3f	; 63
    1a60:	f8 94       	cli
    1a62:	de bf       	out	0x3e, r29	; 62
    1a64:	0f be       	out	0x3f, r0	; 63
    1a66:	cd bf       	out	0x3d, r28	; 61
    1a68:	09 94       	ijmp

00001a6a <__epilogue_restores__>:
    1a6a:	2a 88       	ldd	r2, Y+18	; 0x12
    1a6c:	39 88       	ldd	r3, Y+17	; 0x11
    1a6e:	48 88       	ldd	r4, Y+16	; 0x10
    1a70:	5f 84       	ldd	r5, Y+15	; 0x0f
    1a72:	6e 84       	ldd	r6, Y+14	; 0x0e
    1a74:	7d 84       	ldd	r7, Y+13	; 0x0d
    1a76:	8c 84       	ldd	r8, Y+12	; 0x0c
    1a78:	9b 84       	ldd	r9, Y+11	; 0x0b
    1a7a:	aa 84       	ldd	r10, Y+10	; 0x0a
    1a7c:	b9 84       	ldd	r11, Y+9	; 0x09
    1a7e:	c8 84       	ldd	r12, Y+8	; 0x08
    1a80:	df 80       	ldd	r13, Y+7	; 0x07
    1a82:	ee 80       	ldd	r14, Y+6	; 0x06
    1a84:	fd 80       	ldd	r15, Y+5	; 0x05
    1a86:	0c 81       	ldd	r16, Y+4	; 0x04
    1a88:	1b 81       	ldd	r17, Y+3	; 0x03
    1a8a:	aa 81       	ldd	r26, Y+2	; 0x02
    1a8c:	b9 81       	ldd	r27, Y+1	; 0x01
    1a8e:	ce 0f       	add	r28, r30
    1a90:	d1 1d       	adc	r29, r1
    1a92:	0f b6       	in	r0, 0x3f	; 63
    1a94:	f8 94       	cli
    1a96:	de bf       	out	0x3e, r29	; 62
    1a98:	0f be       	out	0x3f, r0	; 63
    1a9a:	cd bf       	out	0x3d, r28	; 61
    1a9c:	ed 01       	movw	r28, r26
    1a9e:	08 95       	ret

00001aa0 <_exit>:
    1aa0:	f8 94       	cli

00001aa2 <__stop_program>:
    1aa2:	ff cf       	rjmp	.-2      	; 0x1aa2 <__stop_program>
